school_id,school,level_name,type_name,school_nature_name,f985,f211,dual_class_name,recommend_master_level(保研星级),num_doctor(博士点),num_master(硕士点),num_subject(国家重点学科),province_name(省份),city_name(城市),town_name(区县),address(学校地址),email(电子邮箱),phone(招生电话),site(官方网址),motto(校训),content(简介),ruanke_rank(软科综合排名),xyh_rank(校友会综合排名),qs_world(QS世界排名),us_rank(US世界排名),tws_china(泰晤士大陆排名)
130,上海财经大学,本科,财经类,公办,2,1,双一流,3,10,15,6,上海,上海市,杨浦区,上海市杨浦区国定路777号,zb@mail.shufe.edu.cn,021-65904372,"https://zs.sufe.edu.cn/, https://www.sufe.edu.cn/",厚德博学，经济匡时,上海财经大学源于1917年南京高等师范学校创办的商科，著名社会活动家、爱国民主人士杨杏佛任商科主任。1921年，随着以南京高等师范学校为基础建设国立东南大学计划的实施，商科扩充改组并迁址上海，成立国立东南大学分设上海商科大学，这是中国教育史上最早的商科大学，著名教育家郭秉文任校长，著名经济学家马寅初任教务主任。1932年独立建校，定名为国立上海商,35,53,1201-1400,784,0
129,延边大学,本科,综合类,公办,2,1,双一流,2,10,31,1,吉林,延边朝鲜族自治州,延吉市,"延吉校区：吉林省延边朝鲜族自治州延吉市公园街道园校社区公园路977号,珲春校区：吉林省延边朝鲜族自治州珲春市靖和街道龙泉社区站前大街5588号,师范分院校区：吉林省延边朝鲜族自治州延吉市新兴街道民和社区参花街2855号,科学技术学院校区：吉林省延边朝鲜族自治州延吉市北山街道丹春社区朝阳街3458号",ydzb@ybu.edu.cn,0433-2732477,"https://zsb.ybu.edu.cn/, https://www.ybu.edu.cn/",,延边大学（YanbianUniversity）始建于1949年，是中国共产党较早在少数民族地区建立的高校之一，坐落在享有“教育之乡”美誉的吉林省延边朝鲜族自治州的延吉市和珲春市，是国家“双一流”建设高校、国家“211工程”重点建设大学、西部开发重点建设院校、吉林省人民政府和教育部共同重点支持建设大学、吉林省人民政府和国家民委共同支持建设大学。学校秉承“求真、至善,165,211,0,2111,0
128,武汉理工大学,本科,理工类,公办,2,1,双一流,2.5,22,44,5,湖北,武汉市,洪山区,"马房山校区：湖北省武汉市洪山区珞狮路122号,余家头校区:湖北省武汉市武昌区和平大道1178号,南湖校区：湖北省武汉市洪山区岭南路附近",zhaosheng@whut.edu.cn,"027-87859017,027-87858399","https://zs.whut.edu.cn, https://www.whut.edu.cn/",厚德博学、追求卓越,武汉理工大学是教育部直属全国重点大学，是首批列入国家“211工程”和“双一流”建设高校，是教育部和交通运输部等部委共建高校。学校办学历史起源于1898年建立的湖北工艺学堂，办学126年特别是近70年来，学校共培养了近70万名高级专门人才，是教育部直属高校中为建材建工、交通、汽车三大行业培养人才规模最大的学校，是我国“三大行业”高层次人才培养和科技创新,52,35,801-850,300,0
127,华中科技大学,本科,综合类,公办,1,1,双一流,4.5,46,48,29,湖北,武汉市,洪山区,"主校区：湖北省武汉市洪山区珞喻路1037号,同济校区：湖北省武汉市汉口航空路13号",zs@hust.edu.cn,"027-87542228,027-87559946","https://zsb.hust.edu.cn/, https://www.hust.edu.cn/",明德厚学、求是创新,华中科技大学是国家教育部直属重点综合性大学，由原华中理工大学、同济医科大学、武汉城市建设学院于2000年5月26日合并成立，是国家“211工程”重点建设和“985工程”建设高校之一，是首批“双一流”建设高校。学校校园占地7000余亩，园内树木葱茏，碧草如茵，环境优雅，景色秀丽，绿化覆盖率72%，被誉为“森林式大学”。学校教学科研支撑体系完备，各项公共服务设施,8,7,300,100,9
126,山东大学,本科,综合类,公办,1,1,双一流,4,49,54,0,山东,济南市,历城区,"校本部：山东省济南市历城区山大南路27号,青岛校区：山东省青岛市即墨滨海路72号,威海校区：山东省威海市文化西路180号",sdbkzs@email.sdu.edu.cn,0531-59626977,"https://www.bkzs.sdu.edu.cn/, https://www.sdu.edu.cn/",学无止境，气有浩然,山东大学是一所历史悠久、学科齐全、实力雄厚、特色鲜明的教育部直属重点综合性大学，在国内外具有重要影响，1997年进入国家“211工程”建设序列，2001年被确定为国家“985工程”重点建设的高水平研究型大学，2017年迈入世界一流大学建设高校行列。山东大学前身是1901年创办的山东大学堂，被誉为中国近代高等教育起源性大学。其医学学科起源于1864年，开启近代中国高等,22,15,316,292,0
125,上海交通大学,本科,综合类,公办,1,1,双一流,5,51,56,18,上海,上海市,闵行区,上海市闵行区东川路800号,zsb@sjtu.edu.cn,"021-34200000,021-34207255","https://admissions.sjtu.edu.cn, https://www.sjtu.edu.cn/",饮水思源，爱国荣校,上海交通大学是我国历史最悠久、享誉海内外的高等学府之一，是教育部直属并与上海市共建的全国重点大学。经过120多年的不懈努力，上海交通大学已经建设成为一所“综合性、创新型、国际化”的国内一流、国际知名大学。十九世纪末，甲午战败，民族危难。中国近代著名实业家、教育家盛宣怀秉持“自强首在储才，储才必先兴学”的信念，于1896年在上海创办了交通大学,4,5,45,54,3
124,哈尔滨工程大学,本科,理工类,公办,2,1,双一流,3.5,15,32,2,黑龙江,哈尔滨市,南岗区,黑龙江省哈尔滨市南岗区南通大街145号,zhaoban@hrbeu.edu.cn,0451-82519740,"https://zsb.hrbeu.edu.cn/, http://www.hrbeu.edu.cn/",,哈尔滨工程大学源自1953年创办的中国人民解放军军事工程学院（哈军工），陈赓大将为首任院长，毛泽东主席为学院颁发《训词》，1959年被中共中央确定为全国重点大学。1966年退出军队序列更名为哈尔滨工程学院。1970年在哈军工原址以海军工程系为主体组建哈尔滨船舶工程学院（哈船院），1978年被国务院确定为全国重点大学。1994年更名为哈尔滨工程大学（哈工程）。学校,45,60,1001-1200,779,52
123,中南大学,本科,综合类,公办,1,1,双一流,3,43,47,6,湖南,长沙市,,湖南省长沙市麓山南路932号,admis@csu.edu.cn,0731-88830995,"https://zhaosheng.csu.edu.cn/, https://www.csu.edu.cn/",知行合一、经世致用,中南大学坐落在中国历史文化名城——湖南省长沙市，占地面积317万平方米。跨湘江两岸，依巍巍岳麓，临滔滔湘水，环境幽雅，景色宜人，是求知治学的理想园地。学校设有31个二级学院，拥有享“南湘雅”美誉的湘雅医院、湘雅二医院、湘雅三医院3所大型三级甲等综合性医院及湘雅口腔医院，和湘雅医学院附属海口医院、附属肿瘤医院、附属儿童医院、附属长沙医院、附,25,27,431,168,0
122,吉林大学,本科,综合类,公办,1,1,双一流,3,49,7,35,吉林,长春市,朝阳区,"前卫南区：吉林省长春市前进大街2699号,前卫北区：吉林省长春市解放大路2519号,新民校区：长春市新民大街828号,朝阳校区：长春市西民主大街6号,南湖校区：长春市南湖大路5372号/和平校区：长春市西安大路5333号",bkzs@jlu.edu.cn,"0431-85166420,0431-85166226","https://zsb.jlu.edu.cn, https://www.jlu.edu.cn/",求实创新 励志图强,吉林大学是教育部直属的全国重点综合性大学，坐落在吉林省长春市。学校始建于1946年，1960年被列为国家重点大学，1984年成为首批建立研究生院的22所大学之一，是国家“211工程”“985工程”和首批“双一流”大学建设高校。学校始终秉持“求实创新、励志图强”的校训，坚持以“学术立校、人才强校、创新兴校、开放活校、文化荣校”为发展战略，努力建设成为在国家和区,26,25,497,344,0
121,中国地质大学（武汉）,本科,理工类,公办,2,1,双一流,3,19,34,2,湖北,武汉市,洪山区,湖北省武汉市洪山区鲁磨路388号,zhaoban@cug.edu.cn,"027-67848570,027-67883687","https://zhaosheng.cug.edu.cn/, https://www.cug.edu.cn/",,"中国地质大学是教育部直属全国重点大学,是国家批准设立研究生院的大学，是国家“211工程”、国家“双一流”建设高校。中国地质大学位于武汉东湖之畔，南望山麓，学校以地球科学为主要特色，学科涵盖理学、工学、文学、管理学、经济学、法学、教育学、艺术学等门类，地质学、地质资源与地质工程2个一级学科入选“双一流”建设学科。国际交流学校积极开展对外学术",61,75,771-780,221,0
120,中国石油大学（华东）,本科,理工类,公办,2,1,双一流,3,14,33,5,山东,青岛市,黄岛区,山东省青岛市黄岛区长江西路66号,zhaosheng@upc.edu.cn,0532-86983086,"https://zhaosheng.upc.edu.cn/, https://www.upc.edu.cn/",,中国石油大学（华东）是教育部直属全国重点大学，是国家“211工程”重点建设和开展“985工程优势学科创新平台”建设并建有研究生院的高校之一。学校是教育部和五大能源企业集团公司、教育部和山东省人民政府共建的高校，是石油石化高层次人才培养的重要基地，被誉为“石油科技、管理人才的摇篮”，现已成为一所以工为主、石油石化特色鲜明、多学科协调发展的大,60,79,0,497,52
119,重庆大学,本科,综合类,公办,1,1,双一流,3,37,48,22,重庆,重庆市,沙坪坝区,重庆市沙坪坝区沙正街174号,zhaosheng@cqu.edu.cn,"023-65102371,023-65102370","https://zhaosheng.cqu.edu.cn, https://www.cqu.edu.cn/",耐劳苦、尚俭朴、勤学业、爱国家,重庆大学是中央直管、教育部直属的全国重点大学。学校创办于1929年，提出建设“完备弘深之大学”的愿景，到20世纪40年代发展成为文理工商法医各学科齐全的综合性大学。经过1952年全国院系调整，成为以工科为主的多科性大学。1960年被确定为全国重点大学。改革开放后，学校进行了全面的恢复调整和改革建设，成为一所以工为主、多学科协调发展的高校，1998年获批国家“,33,32,489,245,26
118,苏州大学,本科,综合类,公办,2,1,双一流,2,31,47,4,江苏,苏州市,,"天赐庄校区：江苏省苏州市十梓街1号,独墅湖校区：江苏省苏州市工业园区仁爱路199号,阳澄湖校区:苏州市相城区济学路8号,未来校区:苏州市吴江区久泳西路1号",zsb@suda.edu.cn,"0512-67507943,0512-67507949","https://zsb.suda.edu.cn, https://www.suda.edu.cn/",养天地正气，法古今完人,苏州大学坐落于素有“人间天堂”之称的历史文化名城苏州，是国家“211工程”“2011计划”首批入列高校，是教育部与江苏省人民政府共建“双一流”建设高校、国家航天局共建高校，是江苏省属重点综合性大学。苏州大学前身是SoochowUniversity（东吴大学，1900年创办），开现代高等教育之先河，融中西文化之菁华，是中国最早以现代大学学科体系举办的大学。在中国高等教育,43,39,641-650,317,32
117,中国药科大学,本科,医药类,公办,2,1,双一流,2.5,4,8,1,江苏,南京市,鼓楼区,"玄武门校区：江苏省南京市鼓楼区中央路童家巷24号,江宁校区：江苏省南京市江宁区龙眠大道639号",zhaosheng@cpu.edu.cn,"025-83271319,025-83271422","https://zb.cpu.edu.cn, https://www.cpu.edu.cn/",,中国药科大学坐落于古都南京，始建于1936年，是我国历史上第一所由国家创办的药学高等学府。学校为教育部直属、国家“211工程”和“985工程优势学科创新平台”建设高校，是一所以药学为特色的多科性、研究型大学，其中以药学、中药学学科为龙头的药学学科群建设始终保持国内领先水平，素有“中国生物医药人才摇篮”的美誉。2017年，成为国家“双一流”建设高校。历,102,106,0,894,69
116,河海大学,本科,综合类,公办,2,1,双一流,2.5,20,42,0,江苏,南京市,江宁区,"西康路校区：江苏省南京市西康路1号  ,江宁校区：江苏省南京市佛城西路8号  ,常州校区：江苏省常州市河海大道1915号",,400-025-1915,"https://zsw.hhu.edu.cn/, https://www.hhu.edu.cn/",艰苦朴素、实事求是、严格要求、勇于探索,河海大学是一所拥有109年办学历史，以水利为特色，工科为主，多学科协调发展的教育部直属全国重点大学，是国家“双一流”建设、“211工程”重点建设、“985工程优势学科创新平台”建设以及经国家批准设立研究生院的高校。百余年来，学校在治水兴邦的奋斗历程中发展壮大，被誉为“水利高层次创新创业人才培养的摇篮和水利科技创新的重要基地”。学校在南京市、常,65,61,1001-1200,503,0
115,南京师范大学,本科,师范类,公办,2,1,双一流,2.5,23,40,6,江苏,南京市,栖霞区,江苏省南京市栖霞区文苑路1号,,025-83720759,"https://bkzs.njnu.edu.cn, https://www.njnu.edu.cn/",正德厚生、笃学敏行,南京师范大学是国家“双一流”建设高校和江苏高水平大学建设高校。学校的主源可追溯到1902年创办的三江师范学堂，该学堂是中国高等师范教育的发祥地之一。后历经两江优级师范学堂、南京高等师范学校、国立东南大学、国立第四中山大学、江苏大学、国立中央大学、国立南京大学等时期；其另一源头为1888年创办的汇文书院，后发展为金陵大学，1951年与金陵女子文理学,52,51,1001-1200,569,52
114,浙江大学,本科,综合类,公办,1,1,双一流,4.5,62,62,56,浙江,杭州市,西湖区,浙江省杭州市西湖区余杭塘路866号,zsc@zju.edu.cn,"0571-87951006,0571-88981979","https://zdzsc.zju.edu.cn, https://www.zju.edu.cn/",求是创新,浙江大学是一所历史悠久、声誉卓著的高等学府，坐落于中国历史文化名城、风景旅游胜地杭州。浙江大学的前身求是书院创立于1897年，为中国人自己最早创办的新式高等学校之一。1928年，定名国立浙江大学。抗战期间，浙大举校西迁，在贵州遵义、湄潭等地办学七年，1946年秋回迁杭州。1952年全国高等学校院系调整时，浙江大学部分系科转入兄弟高校和中国科学院，留在杭,3,4,47,51,5
113,南京农业大学,本科,农林类,公办,2,1,双一流,3,17,30,7,江苏,南京市,玄武区,江苏省南京市玄武区卫岗1号,zsb@njau.edu.cn,"025-84399789,025-84395708","https://zsxx.njau.edu.cn, https://www.njau.edu.cn/",,南京农业大学坐落于钟灵毓秀、虎踞龙蟠的古都南京，是一所以农业和生命科学为优势和特色，农、理、经、管、工、文、法学多学科协调发展的教育部直属全国重点大学，是国家“211工程”重点建设大学、“985优势学科创新平台”和“双一流”建设高校。现任校党委书记王春春，校长陈发棣。南京农业大学前身可溯源至1902年三江师范学堂农学博物科和1914年私立金陵大学农科,49,44,711-720,337,0
112,南京理工大学,本科,理工类,公办,2,1,双一流,3,20,35,9,江苏,南京市,玄武区,"南京校区：江苏省南京市玄武区孝陵卫街道孝陵卫街200号,江阴校区：江苏省江阴市福星路8号",,400-110-2882,"https://zsb.njust.edu.cn/, https://www.njust.edu.cn/",,南京理工大学是隶属于工业和信息化部的全国重点大学，学校由创建于1953年的新中国军工科技最高学府中国人民解放军军事工程学院（简称“哈军工”）分建而成，经历了中国人民解放军炮兵工程学院、华东工程学院、华东工学院等发展阶段，1993年更名为南京理工大学。1995年，学校成为国家首批“211工程”重点建设高校；2000年，获批成立研究生院；2011年，获批建设“985工程,37,37,565,489,0
111,南京大学,本科,综合类,公办,1,1,双一流,5,43,4,0,江苏,南京市,鼓楼区,"仙林校区：江苏省南京市仙林大道163号,鼓楼校区：江苏省南京市汉口路22号,浦口校区：南京市浦口区学府路8号,苏州校区：苏州市太湖大道1520号",bkzs@nju.edu.cn,400-1859680,"https://bkzs.nju.edu.cn, https://www.nju.edu.cn/",诚朴雄伟，励学敦行,南京大学是一所历史悠久、声誉卓著的高等学府。其前身是创建于1902年的三江师范学堂，此后历经两江师范学堂、南京高等师范学校、国立东南大学、国立第四中山大学、国立中央大学、国立南京大学等历史时期，于1950年更名为南京大学。1952年，在全国高校院系调整中，南京大学调整出工学、农学、师范等部分院系后与创办于1888年的金陵大学文、理学院等合并，仍名南京大,6,6,145,98,7
110,中国矿业大学,本科,综合类,公办,2,1,双一流,3,21,36,10,江苏,徐州市,铜山区,江苏省徐州市大学路1号,,"0516-83591555,0516-83591666","https://zs.cumt.edu.cn, https://www.cumt.edu.cn/",崇德尚学,中国矿业大学是教育部直属的全国重点高校，是教育部、应急管理部与江苏省人民政府共建高校，先后进入国家“211工程”“985优势学科创新平台项目”和国家“双一流”建设高校行列。学校为全国首批具有博士和硕士授予权的高校之一，设有国家批准的研究生院。学校现坐落于素有“五省通衢”之称的国家历史文化名城——江苏省徐州市，有文昌和南湖两个校园。学校现有2,54,68,681-690,560,0
109,东南大学,本科,综合类,公办,1,1,双一流,4,41,52,15,江苏,南京市,玄武区,江苏省南京市江宁区东南大学路2号,zhaoban@seu.edu.cn,025-52090271,"https://zsb.seu.edu.cn/, https://www.seu.edu.cn/",止于至善,东南大学坐落于六朝古都南京，是享誉海内外的著名高等学府。学校是国家教育部直属并与江苏省共建的全国重点大学，是国家“985工程”和“211工程”重点建设大学之一。2017年，东南大学入选世界一流大学建设A类高校名单。东南大学是一所历史悠久、底蕴深厚的大学。学校创建于1902年的三江师范学堂，后历经两江师范学堂、南京高等师范学校、国立东南大学、国立中央大,13,21,428,183,21
108,南昌大学,本科,综合类,公办,2,1,双一流,2,22,49,9,江西,南昌市,青山湖区,江西省南昌市红谷滩新区学府大道999号,834425@QQ.com,0791-88305092,"https://zjc.ncu.edu.cn/zs/, https://www.ncu.edu.cn/",格物致新 厚德泽人,南昌大学是国家“双一流”建设高校、教育部与江西省部省合建高校、江西省一流大学整体建设高校。学校地处“英雄城”南昌市，拥有前湖、青山湖、东湖3个校区，其中前湖主校区占地面积4264.54亩，校舍建筑面积150万平方米。学校前身江西医学院、江西大学和江西工业大学分别溯源于1921年创建的江西公立医学专门学校、1940年创建的国立中正大学和1958年创建的江西工学院。,71,47,0,612,0
107,西北工业大学,本科,理工类,公办,1,1,双一流,4,29,39,9,陕西,西安市,碑林区,"友谊校区：陕西省西安市友谊西路127号,长安校区：陕西省西安市长安区东祥路1号",ao@nwpu.edu.cn,029-88460206,"https://zsb.nwpu.edu.cn, https://www.nwpu.edu.cn/",公诚勇毅,西北工业大学（简称西工大）坐落于陕西西安，是一所以发展航空、航天、航海等领域人才培养和科学研究为特色的国家“双一流”建设高校，隶属于工业和信息化部。学校1960年被国务院确定为全国重点大学，“七五”“八五”均被国务院列为国家重点建设高校之一，1995年首批进入“211工程”，2001年进入“985工程”，2017年进入“一流大学”建设高校（A类）行列，是“卓越大,23,22,547,253,21
106,暨南大学,本科,综合类,公办,2,1,双一流,1.5,26,41,0,广东,广州市,天河区,"石牌校区：广东省广州市天河区黄埔大道西601号,番禺校区：广东省广州市番禺区兴业大道东855号,珠海校区：广东省珠海市前山路206号,深圳校区：中国深圳特区华侨城,广园东校区：广东省广州市天河区瘦狗岭路377号",ozsb@jnu.edu.cn,020-85220130,"https://zsb.jnu.edu.cn, https://www.jnu.edu.cn/",忠信笃敬,暨南大学是中国第一所由政府创办的华侨学府。“暨南”二字出自《尚书·禹贡》：“东渐于海，西被于流沙，朔南暨，声教讫于四海。”意即面向南洋，面向海外，将中华文化远播到五洲四海。学校目前是中央统战部、教育部、广东省人民政府共建的国家“双一流”建设高校，直属中央统战部管理。暨南大学是中国历史最悠久的大学之一。学校的前身是1906年清政府创立于南,51,38,580,408,32
105,华南理工大学,本科,综合类,公办,1,1,双一流,3,35,40,7,广东,广州市,天河区,"五山校区：广东省广州市天河区五山路381号,大学城校区：广东省广州市番禺区广州大学城外环东路382号,广州国际校区：广东省广州市番禺区兴业大道东777号",admit@scut.edu.cn,020-87110737,"https://admission.scut.edu.cn/, https://www.scut.edu.cn/",博学慎思，明辨笃行,华南理工大学地处广州，是直属教育部的全国重点大学，校园分为五山校区、大学城校区和广州国际校区，是首届“全国文明校园”获得单位。学校办学源远流长，最早可溯源至1918年成立的广东省立第一甲种工业学校（史称“红色甲工”）；正式组建于1952年全国高等院校调整时期，是新中国“四大工学院”之一；1960年成为全国重点大学；1981年经国务院批准为首批博士和硕士,30,23,385,187,17
104,中山大学,本科,综合类,公办,1,1,双一流,3.5,59,67,41,广东,广州市,,"广州校区南校园：广东省广州市海珠区新港西路135号,广州校区北校园：广东省广州市越秀区中山二路74号,广州校区东校园：广东省广州市番禺区大学城外环东路132号,珠海校区 ：广东省珠海市香洲区唐家湾,深圳校区：广东省深圳市光明区公常路66号",adado@mail.sysu.edu.cn,020-84036491,"https://admission.sysu.edu.cn, https://www.sysu.edu.cn/",博学 审问 慎思 明辨 笃行,中山大学是伟大的民族英雄、伟大的爱国主义者、中国民主革命的伟大先驱孙中山先生于1924年亲手创办，中国共产党早期领导人共同创建的大学，是中国传播马克思主义的重要发源地之一，具有优良革命传统、爱国奋斗精神和卓越品格追求。中山大学起初校名为国立广东大学。孙中山先生逝世后，学校于1926年定名为国立中山大学。今日的中山大学，由1952年院系调整后分设的,11,12,331,106,14
103,福州大学,本科,理工类,公办,2,1,双一流,2,14,39,1,福建,福州市,鼓楼区,福建省福州市福州大学城乌龙江北大道2号,fdzsb@fzu.edu.cn,"0591-22866857,0591-22867800","https://zsks.fzu.edu.cn/, https://www.fzu.edu.cn/",明德至诚 博学远志,福州大学是国家“双一流”建设高校、国家“211工程”重点建设大学、福建省人民政府与国家教育部共建高校。学校创建于1958年，现已发展成为一所以工为主、理工结合，理、工、经、管、文、法、艺、医等多学科协调发展的重点大学。建校以来，一代代福大人秉承“明德至诚，博学远志”校训，践行以张孤梅同志为代表的艰苦奋斗的创业精神、以卢嘉锡先生为代表的严谨求,81,66,0,425,52
102,厦门大学,本科,综合类,公办,1,1,双一流,3.5,42,4,22,福建,厦门市,思明区,福建省厦门市思明区思明南路422号,zs@xmu.edu.cn,0592-2188888,"https://zs.xmu.edu.cn/, https://www.xmu.edu.cn/",自强不息，止于至善,厦门大学（XiamenUniversity），简称厦大（XMU），由著名爱国华侨领袖陈嘉庚先生于1921年创办，是中国近代教育史上第一所华侨创办的大学，也是一所与中国共产党同龄的大学。在建校100周年之际，中共中央总书记、国家主席、中央军委主席习近平向学校发来贺信。贺信指出，厦门大学是一所具有光荣传统的大学。100年来，学校秉持爱国华侨领袖陈嘉庚先生的立校志向，形成了“,24,19,362,198,21
101,西南财经大学,本科,财经类,公办,2,1,双一流,2.5,9,4,4,四川,成都市,青羊区,"光华校区：四川省成都市光华村街55号,柳林校区：四川省成都市温江区柳台大道555号",zb@swufe.edu.cn,028-87092355,"https://zb.swufe.edu.cn/, https://www.swufe.edu.cn/",严谨 勤俭 求实 开拓,西南财经大学是教育部直属的国家“211工程”和“985工程”优势学科创新平台建设的全国重点大学，也是国家首批“双一流”建设高校。学校坐落于中国历史文化名城——“天府之国”成都，有光华、柳林两校区，辖地2300余亩。校园湖光柳影，芳草绿树，翩翩学者，蔚为大观，是著名的“园林式院校”，实乃读书治学的理想园地。学校始于1925年在上海创建的光华大学。1938年,70,73,0,474,0
100,四川农业大学,本科,农林类,公办,2,1,双一流,2,12,20,4,四川,成都市,温江区,"雅安校区：四川省雅安市雨城区新康路46号,成都校区：四川省成都市温江区惠民路211号,都江堰校区：四川省成都市都江堰市建设路288号",scndzs@163.com,"028-86290999,028-86291999","https://zs.sicau.edu.cn/, https://www.sicau.edu.cn",,四川农业大学是一所以生物科技为特色，农业科技为优势，多学科协调发展的国家“211工程”重点建设大学和国家“双一流”建设高校，也是教育部本科教学工作水平评估优秀高校。现任党委书记庄天慧教授、校长吴德教授。办学历史悠久、资源丰富。前身是1906年创办的四川通省农业学堂，此后历经四川高等农业学校(1912年)、四川公立农业专门学校(1914年)、公立四川大学农科,134,112,0,923,0
99,四川大学,本科,综合类,公办,1,1,双一流,3.5,53,0,46,四川,成都市,武侯区,"望江校区：四川省成都市一环路南一段24号,华西校区：四川省成都市人民南路三段17号,江安校区：四川省成都市双流区川大路",zs@scu.edu.cn,"028-86081605,028-86080605","https://zs.scu.edu.cn, https://www.scu.edu.cn/",海纳百川，有容乃大,岷峨挺秀，锦水含章。巍巍学府，德渥群芳。四川大学是教育部直属全国重点大学，是国家布局在中国西部的重点建设的高水平研究型综合大学，是国家“双一流”建设高校（A类）。四川大学地处中国历史文化名城——“天府之国”的成都，有望江、华西和江安三个校区，占地面积7050亩，校舍建筑面积281.66万平方米。学校正与眉山市合作共建四川大学眉山校区。校园环境幽雅,15,18,336,217,8
98,华南师范大学,本科,师范类,公办,2,1,双一流,1.5,20,33,4,广东,广州市,天河区,"石牌校区：广东省广州市天河区中山大道西55号,大学城校区：广东省广州市番禺区广州大学城外环西路378号,南海校区：广东省佛山市南海区桃园东路,汕尾校区：广东省汕尾市城区马宫街道香江大道西55号",zsb02@scnu.edu.cn,"020-85211098,020-85213484","https://zsb.scnu.edu.cn, https://www.scnu.edu.cn/",艰苦奋斗、严谨治学、求实创新、为人师表,华南师范大学是国家“双一流”建设高校、“211工程”重点建设大学、广东省和教育部共建高校及广东省高水平大学重点建设高校。现有“三校区四校园”，包括广州校区石牌校园、大学城校园，佛山校区南海校园和汕尾校区滨海校园，总占地面积5328亩。学校设4个学部、35个学院、9个研究院（中心）。华南师范大学办学史可溯源至1888年创建的格致书院、1905年创建的两广师范,79,59,0,622,38
97,兰州大学,本科,综合类,公办,1,1,双一流,4,27,47,8,甘肃,兰州市,城关区,甘肃省兰州市天水南路222号,zsb@lzu.edu.cn,"0931-5196678,0931-8912116","https://zsb.lzu.edu.cn, https://www.lzu.edu.cn/",自强不息、独树一帜,兰州大学是教育部直属全国重点综合性大学，在国家高等教育格局中具有重要战略地位，在国内外具有重要影响和良好声誉。学校创建于1909年，始为甘肃法政学堂，是中国西北地区第一个具有现代意义的高等学校。新中国成立后，在高等学校院系调整中，被确定为国家14所综合性大学之一。改革开放以来，先后入选“211工程”“985工程”建设高校。2017年，入选世界一流大学建,38,33,721-730,485,0
96,广西大学,本科,综合类,公办,2,1,双一流,1.5,19,38,2,广西,南宁市,西乡塘区,广西壮族自治区南宁市大学东路100号,zsk@gxu.edu.cn,0771-3232999,"https://zs.gxu.edu.cn, https://www.gxu.edu.cn/",,广西大学坐落于素有“中国绿城”之称的广西首府南宁，是广西唯一的国家“211工程”建设学校，“双一流”建设高校，教育部和广西壮族自治区人民政府“部区合建”高校。广西大学1928年成立于梧州，1939年成为国立广西大学，首任校长是被誉为教育界“北蔡南马”和“一代宗师”的我国著名教育家、科学家、民主革命家马君武博士，李四光、陈望道、李达、陈寅恪、梁漱溟,90,117,0,935,0
95,天津美术学院,本科,艺术类,公办,2,2,,,0,3,0,天津,天津市,河北区,"天纬路校区（天津市河北区天纬路4号）,志成路校区（天津市河北区志成路7号）",,"022-26241719,022-26242184","http://zsbgs.tjarts.edu.cn/index/bkzs.htm, http://www.tjarts.edu.cn",,天津美术学院前身为北洋女师范学堂，1906年由近代著名教育家傅增湘先生创办，是我国最早的公立高等学府之一。1959年发展为河北美术学院，成为独立建制的高等美术院校。1980年正式定名为天津美术学院，是一所学科专业齐全、实力雄厚的专业型高等美术院校，为我国独立设置的八所美术学院之一，为国家级人才培养模式创新实验区。学校坚持以习近平新时代中国特色社会,0,377,0,0,0
94,天津音乐学院,本科,艺术类,公办,2,2,,,0,3,0,天津,天津市,河东区,天津市河东区十四经路9号,zsb@tjcm.edu.cn,022-24160044,"https://www.tjcm.edu.cn/zsxx/bkzs.htm, https://www.tjcm.edu.cn/",,天津音乐学院前身是创办于天津的中央音乐学院。1958年10月，中央音乐学院迁址北京，留下部分师生员工，在该院原址成立了天津音乐学院(初名河北音乐学院，翌年更为现名)。首任院长为著名音乐教育家、理论家缪天瑞。1980年被国务院批准为全国首批有权授予硕士学位和学士学位的院校。建校以来，先后有许勇三、董兼济、陈振铎、吕水深、王莘、王域平、宋国生等一批著,0,393,0,0,0
93,天津农学院,本科,农林类,公办,2,2,,,0,9,0,天津,天津市,西青区,"东校区：天津市西青区津静路22号,西校区：天津市西青区津同路19号,蓟州校区：天津市蓟州区五百户镇青池1村",zhaosheng@tjau.edu.cn,"022-23799551,022-23792191","https://zjb.tjau.edu.cn/zsw.htm, https://www.tjau.edu.cn/",,天津农学院始建于1976年，是一所以服务“三农”、培养高素质应用型人才为基本办学定位的市属普通本科高校。2001年，天津市城乡经济学校并入该校。2006年获批为硕士学位授予单位。1996年首批通过国家教育部本科教学合格评价，2007年在教育部进行的本科教学工作水平评估中获得“优秀”。学校以农科为主体，农学、工学、管理学、理学、经济学、文学、艺术学协调发展。经,350,306,0,0,0
92,天津体育学院,本科,体育类,公办,2,2,,1,1,2,0,天津,天津市,河西区,"团泊校区：天津市静海区团泊新城西区东海道16号,河西校区：天津市河西区卫津南路51号",zhb@tjus.edu.cn,"022-23015120,022-23012606","https://zb.tjus.edu.cn/, https://www.tjus.edu.cn",,天津体育学院成立于1958年8月。当时，根据中共河北省委“10-15年普及高等教育的方针和适应教育、体育事业发展的需要”，并为准备1959年9月在北京举行的中华人民共和国第一届运动会，河北省人民委员会决定在河北省省会天津市，由原天津体育学校、石家庄师范学院体育系合并，同时在全省抽调优秀运动员，组建天津体育学院。学院的任务是培养运动员、教练员和部分高中,474,339,0,0,0
91,天津城建大学,本科,综合类,公办,2,2,,,0,13,0,天津,天津市,西青区,天津市西青区津静路26号,zhb@tcu.edu.cn,"022-23771790,022-23771791","https://recruit.tcu.edu.cn/, https://www.tcu.edu.cn",,天津城建大学是天津市属普通高等学校，始建于1978年，前身为天津大学第四分校，依托天津大学开办本科教育；1979年，更名为天津大学建筑分校，1987年，更名为天津城市建设学院，2013年，更名为天津城建大学。在46年的办学历程中，学校坚持和加强党对学校工作的全面领导，全面贯彻党的教育方针，始终坚持社会主义办学方向，以立德树人为根本任务，以“发展城市科学，,327,291,0,2073,0
90,天津职业技术师范大学,本科,师范类,公办,2,2,,,0,10,0,天津,天津市,河西区,天津市河西区大沽南路1310号,tutezsb@tute.edu.cn,400-022-9678,"https://zb.tute.edu.cn/, https://www.tute.edu.cn",,天津职业技术师范大学成立于1979年，是我国最早建立的以培养职业教育师资为主要任务的普通本科师范院校，是教育部与天津市人民政府共建高校、人力资源和社会保障部与天津市人民政府共建高校，天津市高水平特色大学建设高校。3次荣获国家级教学成果最高奖，中央文明委授予“全国文明单位”，国务院授予“全国民族团结进步模范集体”，荣获全国黄炎培职业教育奖优,347,262,0,0,0
89,天津中医药大学,本科,医药类,公办,2,2,双一流,1.5,3,6,2,天津,天津市,静海区,天津市静海区团泊新城西区鄱阳湖路10号,zhaoshengchuzc@163.com,"022-59596333,022-59596151","https://zsjy.tjutcm.edu.cn, https://www.tjutcm.edu.cn/",,天津中医药大学始建于1958年（原名天津中医学院）。2020年获批天津市人民政府、教育部、国家中医药管理局共建高校，2017年、2022年连续进入国家“双一流”建设高校序列，是原国家教委批准的唯一一所中国传统医药国际学院，世界中医药学会联合会教育指导委员会主任委员单位。学校主校区坐落于天津市静海区团泊湖畔，占地2600余亩，秉承“校在园中”设计理念，以湖水景,167,113,0,2101,0
88,中国民航大学,本科,理工类,公办,2,2,,1,2,15,0,天津,天津市,东丽区,"东丽校区：天津市东丽区津北公路2898号,宁河校区：天津市宁河区现代产业区永定新河北路1号",zsb@cauc.edu.cn,"022-24092126,022-24092589","https://www.cauc.edu.cn/zsb/, https://www.cauc.edu.cn",,中国民航大学隶属于中国民用航空局，是一所工、理、文、管、法、经、艺等多学科协调发展的行业性大学，是中国民用航空局、天津市、教育部共建高校，是天津市“双一流”建设高校和高水平特色大学建设高校。学校坚持立德树人根本任务，落实价值塑造、能力培养、知识传授三位一体教育理念，着力培养高素质科技创新人才、专业技术人才和国际化人才。学校前身是1951,282,351,0,1947,0
87,天津外国语大学,本科,语言类,公办,2,2,,1,0,7,0,天津,天津市,河西区,"马场道校区：天津市河西区马场道117号,滨海校区：天津市滨海新区大港学府路60号",twzhaoban@tjfsu.edu.cn,"022-23247377,022-23286923","https://zsb.tjfsu.edu.cn/, https://www.tjfsu.edu.cn/",,天津外国语大学（简称“天津外大”“天外”）是一所主要外语语种齐全，文学、哲学、经济学、管理学、法学、教育学、艺术学等多学科协调发展、特色鲜明的高等学校。学校全面落实党的教育方针，坚持立德树人根本任务，秉承“中外求索德业竞进”的校训精神，为党育人、为国育才，着力培养高素质复合型国际化人才。历史沿革1964年，在周恩来总理关怀下，天津外国语,353,214,0,0,0
86,江南大学,本科,综合类,公办,2,1,双一流,2.5,13,34,0,江苏,无锡市,滨湖区,江苏省无锡市蠡湖大道1800号,zhshb@jiangnan.edu.cn,0510-66618590,"https://admission.jiangnan.edu.cn/, https://www.jiangnan.edu.cn/",笃学尚行、止于至善,江南大学是教育部直属、国家“211工程”重点建设高校和“双一流”建设高校。学校具有悠久的办学历史、厚重的文化积淀，源起1902年创建的三江师范学堂，历经国立中央大学、南京大学等发展时期；1958年南京工学院食品工业系整建制东迁无锡独立建校，成立无锡轻工业学院；1962年无锡纺织工学院并入无锡轻工业学院；1995年更名为无锡轻工大学；2001年无锡轻工大学、江南学,55,50,1001-1200,497,52
85,天津商业大学,本科,财经类,公办,2,2,,1,0,11,0,天津,天津市,北辰区,天津市北辰区光荣道409号,tszsb@tjcu.edu.cn,022-26656785,"https://zs.tjcu.edu.cn, https://www.tjcu.edu.cn/",,天津商业大学原名天津商学院，由国家商业部和天津市人民政府于1980年创建。1998年学校实行中央与地方共建、以地方管理为主的管理体制。2007年学校更名为天津商业大学。学校位于天津市北辰区光荣道409号，占地面积近1340亩，建筑面积近51万平方米，教学科研仪器设备总值5.71亿元。图书馆现有中外文藏书224万册，中外文数据库66个，电子图书418.85万册。学校在校生2.3万余人,384,231,0,1818,0
84,天津财经大学,本科,财经类,公办,2,2,,1.5,3,9,1,天津,天津市,河西区,天津市河西区珠江道25号,zhaosheng@tjufe.edu.cn,022-28171399,"https://zhaosheng.tjufe.edu.cn/, https://www.tjufe.edu.cn",,天津财经大学始建于1958年，是新中国最早建立的财经大学之一。以南开大学经济管理类专业为基础组建，并汇聚了一批华北、东北高校经济管理领域享有盛誉的专家学者。校园占地近1400亩，全日制在校生16000余人，是以经济学和管理学科为主干，兼有文学、法学、理学、工学、艺术学等多学科门类交叉渗透、协调发展的多科性大学，也是天津市属重点大学和我国北方培养高级,208,154,0,0,0
82,天津科技大学,本科,理工类,公办,2,2,,1,4,20,1,天津,天津市,河西区,"河西校区：天津市河西区大沽南路1038号,滨海校区：天津市滨海新区经济技术开发区第十三大街9号",zszx@tust.edu.cn,"022-60600336,022-28113336","https://zsb.tust.edu.cn/, https://www.tust.edu.cn",,天津科技大学位于渤海之滨、海河之畔，是中央和地方共建、天津市重点建设高校，是以工为主、工理文农医经管法艺等学科协调发展的多科性大学，是天津双城之“滨城”唯--所拥有本硕博完整教育体系的大学。学校秉承“坚持拓展轻工特色，精心培育行业中坚，天志服务国计民生”的办学传统，弘扬“尚德尚学尚行爱国爱校爱人”的校训精神，为国家培养了近20万名毕业生,161,147,0,1386,0
81,天津理工大学,本科,理工类,公办,2,2,,1,6,22,0,天津,天津市,西青区,天津市西青区宾水西道391号,zsb@tjut.edu.cn,022-60216795,"https://zsb.tjut.edu.cn/, https://www.tjut.edu.cn/",重德重能、求实求新,天津理工大学是一所以工为主，工理结合，工、理、管、文、艺等学科协调发展的多科性大学。学校前身为天津理工学院，于1979年以天津大学理工分校名义开始招收本科生，1981年经国务院批准正式设立。1996年，原天津理工学院与原天津大学分校、天津大学机电分校、天津大学冶金分校三所本科院校合并，组建成新的天津理工学院。经教育部批准，2004年更名为天津理工大学。,183,175,0,1153,0
80,天津工业大学,本科,综合类,公办,2,2,双一流,1.5,5,27,1,天津,天津市,西青区,天津市西青区宾水西道399号,zhaosheng@tiangong.edu.cn,022-83955227,"https://zsb.tiangong.edu.cn/, https://www.tiangong.edu.cn/",,天津工业大学是教育部与天津市共建、天津市重点建设的全日制普通高等学校。学校办学历史悠久，始建于1912年，2000年更名为天津工业大学，2017年、2022年连续进入国家“双一流”建设高校序列，2018年获批国防科工局与天津市共建高校，是我国最早开展纺织高等教育的学府之一，现已发展成为一所以工为主，工、理、文、管、经、法、艺、医协调发展的多科性综合大学。学校,138,132,0,1223,0
79,天津师范大学,本科,师范类,公办,2,2,,1,11,31,2,天津,天津市,西青区,天津市西青区宾水西道393号,zsb@tjnu.edu.cn,022-23541338,"https://zsb.tjnu.edu.cn/, https://www.tjnu.edu.cn/",勤奋严谨，自树树人,天津师范大学始建于1958年，原名天津师范学院，1982年更名为天津师范大学。天津师范大学办学历史可以追溯到1904年天津女学堂的创建。1911年，并入北洋女子师范学堂，成为天津师范大学的重要发端。天津师范大学是天津百年师范教育的传承者，天津基础教育文脉发祥地。1999年，天津师范高等专科学校、天津教育学院与天津师范大学合并组建成新天津师范大学，成为天津市唯,141,117,0,1642,0
78,天津医科大学,本科,医药类,公办,2,1,双一流,3.5,9,11,5,天津,天津市,和平区,"校本部：天津市和平区气象台路22号,广东路校区：天津市河西区广东路1号",zhaoban@tmu.edu.cn,022-83336711,"https://www.tmu.edu.cn/bkzs/, https://www.tmu.edu.cn/",,天津医科大学的前身天津医学院创建于1951年，是新中国成立后原国家政务院批准建立的高等医学院校。著名内分泌学家、医学教育家朱宪彝教授为首任校长。1994年6月天津医学院与天津第二医学院正式组建成立天津医科大学。1996年12月成为天津市唯一的国家“211工程”重点建设市属院校，2015年10月成为天津市人民政府、国家卫生健康委员会和教育部共建高校，2017年9月入选国家,55,99,0,1248,0
77,南京航空航天大学,本科,理工类,公办,2,1,双一流,3.5,20,32,6,江苏,南京市,秦淮区,"明故宫校区：江苏省南京市秦淮区御道街29号,将军路校区：江苏省南京市江宁区将军大道29号,天目湖校区：江苏省溧阳市滨河东路29号",zsb@nuaa.edu.cn,400-1810287,"https://zs.nuaa.edu.cn, https://www.nuaa.edu.cn/",,南京航空航天大学创建于1952年10月，是新中国自己创办的首批航空高等院校之一。1978年被国务院确定为全国重点大学；1981年经国务院批准成为全国首批具有博士学位授予权的高校；1996年进入国家“211工程”建设；2000年经教育部批准设立研究生院；2011年，成为“985工程优势学科创新平台”重点建设高校；2017年，进入国家“双一流”建设序列，现有航空宇航科学与技术、力学,36,49,761-770,560,38
76,上海大学,本科,综合类,公办,2,1,双一流,2,26,41,0,上海,上海市,宝山区,"宝山校区：上海市宝山区上大路99号,延长校区：上海市静安区延长路149号,嘉定校区：上海市嘉定区城中路20号",zbb@oa.shu.edu.cn,021-66134148,"https://bkzsw.shu.edu.cn/, https://www.shu.edu.cn/",自强不息，道济天下,上海大学是上海市属的综合性研究型大学，是教育部与上海市人民政府共建高校，是国家“211工程”重点建设高校、上海市高水平地方大学建设高校，是国家“双一流”建设高校。建校时期，青云发轫。1922年10月23日成立的上海大学，是中国共产党主导创办并实际领导的第一所正规大学。孙中山、李大钊、陈独秀、毛泽东等悉心关怀，于右任、邓中夏、瞿秋白、蔡和森、任弼时,56,71,489,327,32
75,上海交通大学医学院,本科,医药类,公办,1,1,双一流,,7,0,0,上海,上海市,黄浦区,上海市重庆南路227号,zsb@shsmu.edu.cn,021-63846590,"https://www.shsmu.edu.cn/ygzs/, https://www.shsmu.edu.cn/",,上海交通大学医学院位于创新求索、文化荟萃、包容并蓄的黄浦腹地，红墙映日、梧桐环绕。其前身是由圣约翰大学医学院(1896-1952)、震旦大学医学院(1911-1952)、同德医学院（1918-1952)于1952年全国高等学校院系调整时合并而成的上海第二医学院，1985年更名为上海第二医科大学。1997年学校通过了“211工程”立项。2005年7月，上海交通大学与上海第二医科大学合并，成立了新的由教,0,0,0,0,0
74,新疆大学,本科,综合类,公办,2,1,双一流,1.5,16,40,5,新疆,乌鲁木齐市,天山区,"校本部：新疆维吾尔自治区乌鲁木齐市胜利路666号,北校区：新疆维吾尔自治区乌鲁木齐市西北路134号",xjuzsb@163.com,"0991-8585671,0991-8585300","http://welcome.xju.edu.cn/web, https://www.xju.edu.cn",团结、紧张、质朴、活泼,发展理念及办学目标新疆大学始终秉承“团结、紧张、质朴、活泼”的校训，坚守“开拓、进取、求实、创新”的优良校风，坚持“立足新疆、服务西部、面向全国、辐射中亚”的办学定位，坚持“以抗大精神育人，为兴疆固边服务”的办学特色，坚持“建强工科、优化理科、繁荣文科、促进交叉”的学科建设理念和办学优势，力争到2035年全面建成“丝绸之路经济带上特色鲜,129,174,0,1317,0
73,同济大学,本科,综合类,公办,1,1,双一流,4.5,36,44,18,上海,上海市,杨浦区,"四平路校区（主校区）：上海市杨浦区四平路1239号,嘉定校区：上海市嘉定区曹安公路4800号,沪西校区：上海市普陀区真南路500号,沪北校区：上海市静安区中山北路727号",tjzsb@tongji.edu.cn,"021-65982643,021-65981513","https://bkzs.tongji.edu.cn/, https://www.tongji.edu.cn",同舟共济,同济的100年，是与中华民族命运休戚与共的100年；同济的100年，是与祖国科教事业心手相牵的100年；同济的100年，是与上海城市发展相濡以沫的100年。——摘自习近平同志在同济大学建校100周年庆祝大会上的讲话同心同德同舟楫，济人济事济天下！同济大学历史悠久、声誉卓著，是中国最早的国立大学之一，是教育部直属并与上海市共建的全国重点大学。经过117年的发展，同,17,16,192,153,13
72,安徽医科大学,本科,医药类,公办,2,2,,1.5,4,13,1,安徽,合肥市,合肥经济技术开发区,"梅山路校区：安徽省合肥市梅山路81号,翡翠路校区：安徽省合肥市经济开发区翡翠路15号,东校区:安徽省合肥市新站高新技术产业开发区唐河",ahmuzsb@ahmu.edu.cn,0551-65167746,"https://zs.ahmu.edu.cn/, https://www.ahmu.edu.cn/",,安徽医科大学是安徽省办学历史最早的高等学校之一，是安徽省第一所高等医科院校，是安徽省属重点大学，是教育部、国家卫生健康委和安徽省人民政府共建高校，是安徽省第一批地方特色高水平大学和第一批综合改革试点学校。学校前身是1926年始创于上海的东南医科大学，1949年响应中共中央华东局“面向农村，走向内地”的号召，内迁安徽怀远。1952年定址合肥，改名安,154,153,0,1308,0
71,济南大学,本科,综合类,公办,2,2,,1,7,26,0,山东,济南市,,"主校区：山东省济南市市中区南辛庄西路336号,舜耕校区：山东省济南市市中区舜耕路13号",zsb@ujn.edu.cn,0531-82765900,"https://admission.ujn.edu.cn/, https://www.ujn.edu.cn/",,济南大学是山东省人民政府和教育部共建的综合性大学、山东省重点建设大学、山东省高水平大学“冲一流”建设高校，具有学士、硕士、博士学位授予权。济南大学位于山东省济南市，学校主校区位于济南市市中区南辛庄西路336号，舜耕校区位于济南市市中区舜耕路13号。学校始建于1948年，建校70多年来，学校铭记“弘毅、博学、求真、至善”的校训，传承“勤奋、严谨、团,179,145,0,1060,0
70,安徽农业大学,本科,农林类,公办,2,2,,1.5,11,27,1,安徽,合肥市,,安徽省合肥市长江西路130号,zsb@ahau.edu.cn,"0551-65786603,0551-65786135","https://zsb.ahau.edu.cn/, https://www.ahau.edu.cn",团结、勤奋、求实、创新,安徽农业大学坐落于安徽省会合肥，是一所办学历史悠久、以农林生命学科为优势和特色的省政府与农业农村部、国家林业和草原局合作共建高校，全国首批建设“新农村发展研究院”的十所高校之一，安徽省“地方特色高水平”大学建设高校。学校肇始于1928年在当时的省府安庆创办的省立安徽大学，1946年更名为国立安徽大学，1949年迁往芜湖，更名为安徽大学。1954年学校被,153,144,0,1348,0
69,安徽工业大学,本科,理工类,公办,2,2,,1,5,19,0,安徽,马鞍山市,,"佳山校区：安徽省马鞍山市花山区湖东路59号,秀山校区：安徽省马鞍山市马向路1530号",agdzsb@ahut.edu.cn,"0555-2315351,0555-2315272,0555-2315270","https://zs.ahut.edu.cn, https://www.ahut.edu.cn/",,安徽工业大学坐落于长三角与南京毗邻的全国文明城市——安徽省马鞍山市。学校前身是创建于1958年的马鞍山钢铁工业学校；1977年经国务院批准组建马鞍山钢铁学院，隶属于原冶金工业部；1985年更名为华东冶金学院；1998年划转安徽省，实行“中央与地方共建，以安徽省管理为主”的管理体制；2000年经教育部和安徽省人民政府批准，华东冶金学院和安徽商业高等专科学校合并,185,204,0,1486,0
68,安徽理工大学,本科,理工类,公办,2,2,,1,7,23,0,安徽,淮南市,,安徽省淮南市泰丰大街168号,,0554-6632810,"https://zs.aust.edu.cn, https://www.aust.edu.cn/",团结 奋进 博学 奉献,安徽理工大学是安徽省重点建设的特色高水平大学，是安徽省和中华人民共和国应急管理部共建高校，是国家中西部高校基础能力建设工程支持建设的高校，是教育部“卓越工程师教育培养计划”实施高校。校本部教学占地3200亩，合肥办学占地340亩。学校创建于1945年，与合肥工业大学同根同源，是安徽省第一所工科高校。1955年学校由淮南煤矿工业专科学校升格为合肥矿业学,192,269,0,1747,0
67,安徽大学,本科,综合类,公办,2,1,双一流,2,18,33,2,安徽,合肥市,,"磬苑校区：安徽省合肥市经济技术开发区九龙路111号,龙河校区：安徽省合肥市蜀山区肥西路3号",zsb3861777@163.com,"0551-63861666,0551-63861777","https://zsb.ahu.edu.cn, https://www.ahu.edu.cn/",至诚至坚；博学笃行,安徽大学(AnhuiUniversity)坐落于素有“三国故地、包拯家乡，江淮首郡、吴楚要冲”美誉的历史文化名城、安徽省省会合肥市。学校是国家“双一流”和“211工程”建设首批入列高校，是安徽省人民政府与教育部共建高校，是安徽省属重点综合性大学。1928年，安徽大学肇基于时为省会的安庆市，开启安徽现代高等教育之先河，赓续襟江带淮崇教文化之菁华。几经易址，于1956年迁,95,82,0,962,0
66,中国科学技术大学,本科,理工类,公办,1,1,双一流,5,34,6,14,安徽,合肥市,包河区,安徽省合肥市金寨路96号,zsb@ustc.edu.cn,"0551-63602553,0551-63600096","https://zsb.ustc.edu.cn, https://www.ustc.edu.cn/",,中国科学技术大学是中国科学院所属的一所以前沿科学和高新技术为主，兼有医学、特色管理和人文学科的理工科大学。学校现有32个学院，含8个科教融合学院；设有苏州高等研究院、上海研究院、北京研究院、先进技术研究院、国际金融研究院、附属第一医院（安徽省立医院）。学校于1958年9月在北京创建，郭沫若任首任校长。这是我党老一辈革命家和科学家为“两弹一星”,7,8,133,82,6
65,德州学院,本科,综合类,公办,2,2,,,0,0,0,山东,德州市,,山东省德州市大学西路566号,dzxyzb@163.com,0534-2603002,"https://zsw.dzu.edu.cn/index.htm, https://www.dzu.edu.cn/",,德州学院是教育部批准建立的一所山东省属全日制综合性普通高校，是山东省应用型本科高校建设首批支持单位和硕士学位授予单位，坐落于山东省德州市。德州市地处京津冀协同发展、黄河流域生态保护和高质量发展两项国家重大发展战略交汇区，是国家交通运输主枢纽城市，是首都一小时生活圈和省会半小时生活圈城市，素有“九达天衢”“神京门户”之称。学校始建于19,399,364,0,0,0
64,滨州医学院,本科,医药类,公办,2,2,,,0,8,0,山东,烟台市,莱山区,"烟台校区：山东省烟台市莱山区观海路346号（264003）,滨州校区：山东省滨州市黄河三路522号（256603）",zkb@bzmc.edu.cn,"0535-6913058,0543-3257001","https://zb.bzmc.edu.cn/, https://www.bzmc.edu.cn/",,滨州医学院是省属公立全日制普通本科高校，现为山东省应用型人才培养特色名校、山东省应用型本科高校、山东省省市共建高校、山东省博士学位授予立项建设单位。学校前身可溯源至1946年的原国立山东大学医学院，1956年3月独立建制为青岛医学院，1970年10月整体搬迁至山东省惠民地区行署驻地北镇办学，1974年11月设立青岛医学院北镇分院，1981年9月独立建制为北镇医学院，,253,422,0,1858,0
63,合肥工业大学,本科,理工类,公办,2,1,双一流,2.5,20,38,3,安徽,合肥市,庐阳区,安徽省合肥市屯溪路193号,hfutzb@hfut.edu.cn,0551-62902397,"https://bkzs.hfut.edu.cn/, https://www.hfut.edu.cn/",,合肥工业大学是中华人民共和国教育部直属全国重点大学，教育部、工信部和安徽省政府共建高校，教育部与国防科工局共建高校。学校创建于1945年，1960年被中共中央批准为全国重点大学。刘少奇、朱德、董必武、陈毅、邓小平等老一辈无产阶级革命家先后来校视察指导工作，邓小平同志1979年亲笔为学校题写了校名。学校2005年成为国家“211工程”重点建设高校，2009年成为国,83,54,0,789,0
62,郑州大学,本科,综合类,公办,2,1,双一流,2,31,57,8,河南,郑州市,郑州高新技术产业开发区,河南省郑州市科学大道100号,zdzb@zzu.edu.cn,0371-67781182,"http://ao.zzu.edu.cn, https://www.zzu.edu.cn/",求是担当,郑州大学（简称郑大，英文简称：ZZU）由河南省人民政府兴办，法定住所地为河南省郑州市科学大道100号。学校总占地面积6100余亩，主校区位于郑州市科学大道100号，主校区南校园位于郑州市大学北路75号，主校区北校园位于郑州市文化路97号，主校区东校园位于郑州市大学北路40号，主校区西校园位于郑州市科学大道157号；洛阳产业技术研究院位于洛阳市周山大道6号。学校面,50,58,511,213,38
61,中国海洋大学,本科,综合类,公办,1,1,双一流,3,17,34,5,山东,青岛市,崂山区,山东省青岛市崂山区松岭路238号,ouczsb@ouc.edu.cn,"0532-66782426,0532-66781723","https://bkzs.ouc.edu.cn, https://www.ouc.edu.cn/",海纳百川，取则行远,中国海洋大学（OCEANUNIVERSITYOFCHINA），简称中国海大（OUC），是一所学科门类齐全、海洋和水产学科特色显著的教育部直属重点综合性大学，是国家“211工程”“985工程”和“双一流”重点建设高校。学校的发展目标是：到2030年，建成世界一流的综合性海洋大学；到本世纪中叶，建成特色显著的世界一流大学。学校创建于1924年，历经私立青岛大学、国立青岛大学、国立山东大,57,45,801-850,503,0
60,天津大学,本科,综合类,公办,1,1,双一流,4.5,34,47,17,天津,天津市,南开区,"卫津路校区：天津市南开区卫津路92号,北洋园校区：天津市津南区雅观路135号",tdzb@tju.edu.cn,022-60316985,"https://zs.tju.edu.cn/, https://www.tju.edu.cn/",实事求是,天津大学（TianjinUniversity），简称天大，其前身为北洋大学，始建于1895年10月2日，是中国第一所现代大学，开中国近代高等教育之先河。“甲午战争”失败后，学校在“自强之道以作育人才为本，求才之道以设立学堂为先”的办学宗旨下，由清光绪皇帝御笔朱批，创建于天津，由盛宣怀任首任督办。学校初名北洋大学堂，内设头等学堂（大学本科）和二等学堂（大学预科），,20,20,269,195,14
59,南开大学,本科,综合类,公办,1,1,双一流,3.5,31,11,17,天津,天津市,南开区,"八里台校区：天津市南开区卫津路94号,津南校区：天津市海河教育园区同砚路38号,泰达校区：天津市经济开发区宏达街23号",jjjc@nankai.edu.cn,"022-23504845,022-60365167","https://zsb.nankai.edu.cn, https://www.nankai.edu.cn/",允公允能，日新月异,南开大学是教育部直属重点综合性大学，是敬爱的周恩来总理的母校。学校肇始于1904年，成立于1919年，由近代爱国教育家严修、张伯苓秉承教育救国理念创办。1937年校园遭侵华日军炸毁，学校南迁，与北京大学、清华大学组建国立长沙临时大学，1938年迁至昆明改名为国立西南联合大学。1946年回津复校并改为国立。新中国成立以来，学校发展始终得到党和国家的亲切关怀。毛,21,9,377,191,17
58,湖南师范大学,本科,师范类,公办,2,1,双一流,2,20,34,11,湖南,长沙市,,湖南省长沙市麓山路36号,zsb@hunnu.edu.cn,0731-88872222,"https://zsb.hunnu.edu.cn, https://www.hunnu.edu.cn/",仁爱精勤,湖南师范大学创建于1938年，位于历史文化名城长沙，是国家“211工程”重点建设的大学，国家“双一流”建设高校，教育部与湖南省重点共建“双一流”建设高校，教育部普通高等学校本科教学工作水平评估优秀高校。学校占地近3000亩，建筑面积133万平方米。主校区西偎麓山，东濒湘江，风光秀丽，是全国绿化“400佳”单位之一。学校设有24个学院，现有本科专业94个，本科,86,55,0,1408,0
57,西安电子科技大学,本科,理工类,公办,2,1,双一流,3.5,19,29,2,陕西,西安市,雁塔区,"北校区：陕西省西安市太白南路2号,南校区：陕西省西安市西沣路兴隆段266号",zsb@mail.xidian.edu.cn,"029-88202335,029-88204236","https://zsb.xidian.edu.cn, https://www.xidian.edu.cn/",,西安电子科技大学是以电子与信息学科为特色，工、理、管、文、经等多学科协调发展的全国重点大学，直属教育部。目前有南、北两个校区，总占地面积3944.8亩，校舍建筑面积159.06万平方米。学校前身是1931年诞生于江西瑞金的中央革命军事委员会无线电学校，是毛泽东等老一辈革命家亲手创建的我党我军第一所工程技术学校，跟随中国工农红军经历了长征并在长征路上坚持,40,43,0,487,38
56,河北经贸大学,本科,财经类,公办,2,2,,1,0,10,0,河北,石家庄市,,河北省石家庄市学府路47号,jmdxzsb@163.com,0311-87655611,"https://zhaosheng.hueb.edu.cn/, https://www.hueb.edu.cn/",严谨为师、勤奋为学、诚信为人,河北经贸大学是河北省重点建设的骨干大学，是以经济学、管理学、法学为主，兼有哲学、文学、理学、工学和艺术学的多学科财经类大学。学校办学历史最早可上溯至1953年的河北省供销合作总社石家庄合作学校，后几经发展变迁，1995年由河北财经学院、河北经贸学院、河北商业高等专科学校等合并组建而成河北经贸大学。学校分北、南、西三个校区办学。其中南、西校区为,312,206,0,0,0
55,河北科技大学,本科,理工类,公办,2,2,,,1,28,0,河北,石家庄市,,河北省石家庄市裕翔街26号,webmaster@hebust.edu.cn,0311-81668135,"https://bkzs.hebust.edu.cn/, https://www.hebust.edu.cn/",,河北科技大学坐落于河北省石家庄市，占地2427亩，由原河北轻化工学院、河北机电学院、河北省纺织职工大学、河北纺织工业学校合并组建而成。1956年举办高等教育，在多年的办学历程中，学校始终坚持“致力于人的全面发展，服务于区域经济建设和社会进步”的办学宗旨，秉承“兴业、尽责”的校训和“进取、协作、奉献”的科大精神，为国家培养了30余万优秀毕业生。学,228,194,0,2128,0
54,河北大学,本科,综合类,公办,2,2,,1.5,18,44,1,河北,保定市,,"五四路校区：河北省保定市五四东路180号,七一路校区：河北省保定市七一东路 2666号,裕华路校区：河北省保定市裕华东路342号",hbuzsb@hbu.edu.cn,0312-5079698,"https://zhaoban.hbu.edu.cn/index, https://www.hbu.edu.cn/",实事求是,河北大学是教育部与河北省人民政府“部省合建”高校，河北省重点支持的国家一流大学建设一层次高校。学校始建于1921年，初名天津工商大学，校址位于天津市马场道141号。建校伊始，学校即以本科建制，大学立名，秉持“育中华有为之青年、办德智并育之大学、促中国之现在化”的办学宗旨，致力于培养工商人才。1933年，学校更名为天津工商学院，“实事求是”校训传统,126,78,0,1686,0
53,对外经济贸易大学,本科,财经类,公办,2,1,双一流,3,7,12,2,北京,北京市,朝阳区,北京市朝阳区惠新东街10号,zhaosheng@uibe.edu.cn,010-64492178,"https://aeo.uibe.edu.cn/front/channel.jspa?channelId=841, https://www.uibe.edu.cn/",,对外经济贸易大学（UniversityofInternationalBusinessandEconomics）是教育部直属高校，教育部与商务部共建高校，首批国家“双一流”建设和首批“211工程”建设高校。对外经济贸易大学办学历史悠久，是新中国第一所培养对外贸易专门人才的高等学府，创建于1951年，前身为隶属于中央人民政府贸易部的高级商业干部学校。1953年更名为北京对外贸易专科学校。1954年，中国人民大学对,54,59,1201-1400,722,0
52,北京师范大学,本科,综合类,公办,1,1,双一流,4.5,34,36,0,北京,北京市,海淀区,北京市新街口外大街19号,zsb@bnu.edu.cn,010-58807962,"https://admission.bnu.edu.cn/, https://www.bnu.edu.cn",学为人师 行为世范,北京师范大学是教育部直属重点大学，是一所以教师教育、教育科学和文理基础学科为主要特色的著名学府。学校的前身是1902年创立的京师大学堂师范馆，1908年改称京师优级师范学堂，独立设校，1912年改名为北京高等师范学校。1923年学校更名为北京师范大学，成为中国历史上第一所师范大学。1931年、1952年北平女子师范大学、辅仁大学先后并入北京师范大学。百余年来，北,19,14,271,206,12
51,西南交通大学,本科,理工类,公办,2,1,双一流,2.5,20,43,2,四川,成都市,郫都区,"犀浦校区：四川省成都市郫都区犀安路999号,九里校区：四川省成都市二环路北一段111号,峨眉校区：四川省峨眉山市景区路二段6号",zszx@swjtu.edu.cn,"028-66366373,028-66368074","https://zhaosheng.swjtu.edu.cn/, https://www.swjtu.edu.cn/",精勤求学，敦笃励志，果毅力行，忠恕任事,西南交通大学是教育部直属全国重点大学，国家首批“双一流”“211工程”“985工程优势学科创新平台”“2011协同创新计划”重点建设高校，设有研究生院。坐落于中国历史文化名城、国家中心城市、“成渝地区双城经济圈”核心城市——成都。学校1896年创建于山海关，始称“北洋铁路官学堂”（ImperialChineseRailwayCollege)，是中国第一所工程教育高等学府，中国土木工程、矿冶,59,56,0,577,0
50,辽宁大学,本科,综合类,公办,2,1,双一流,2,13,30,3,辽宁,沈阳市,皇姑区,"沈阳崇山校区：辽宁省沈阳市皇姑区崇山中路66号,沈阳蒲河校区：辽宁省沈阳市沈北新区道义南大街58号,辽阳武圣校区:辽宁省辽阳市青年大街38号",,024-62202299,"https://zs.lnu.edu.cn/, https://www.lnu.edu.cn",明德精学 笃行致强,辽宁大学是一所具备文、史、哲、经、管、法、理、工、医、艺等学科门类的综合性大学，是国家“211工程”重点建设院校和国家“双一流”建设高校，经济学科入选教育部“101计划”。学校现有三个校区，即沈阳崇山校区、沈阳蒲河校区和辽阳武圣校区。学校占地面积2222亩，校舍建筑面积67万平方米。辽宁大学源起于1948年11月东北人民政府在沈阳建立的商业专门学校，是中,131,98,0,1609,0
49,北京中医药大学,本科,医药类,公办,2,1,双一流,2.5,3,7,2,北京,北京市,朝阳区,北京市朝阳区北三环东路11号,zs@bucm.edu.cn,010-64286231,"https://bkzs.bucm.edu.cn, https://www.bucm.edu.cn/",,北京中医药大学是一所以中医药学为主干学科的全国重点大学，直属教育部管理，由教育部、国家卫生健康委员会、国家中医药管理局和北京市共建。学校现任党委书记王瑶琪，校长唐志书。北京中医药大学始建于1956年，前身为北京中医学院，是国务院批准最早创办的高等中医药院校。1960年，被中央确定为全国重点高校；1993年，更名为北京中医药大学；1996年，入选国家“211,83,105,1201-1400,1501,0
48,北京邮电大学,本科,理工类,公办,2,1,双一流,3,15,24,2,北京,北京市,海淀区,北京市海淀区西土城路10号教一楼319室,zsb@bupt.edu.cn,"010-62282045,010-62285045,010-62280945,010-62289945","https://zsb.bupt.edu.cn/#1307, https://www.bupt.edu.cn",,六十余载风雨砥砺，六十余载春华秋实。明光之北、蓟门之南，古老的城墙，见证了永不消逝的电波；鸿雁翱翔、银杏巍巍，坚实的土地，承载了信息黄埔的传奇。北京邮电大学是新中国第一所邮电高等学府，是教育部直属、工业和信息化部共建的全国重点大学，是一所以信息科技为特色、工学门类为主体、工管文理交叉融合的研究型大学，是我国信息科技人才的重要培养基,63,46,901-950,549,0
47,北京航空航天大学,本科,理工类,公办,1,1,双一流,5,34,36,8,北京,北京市,海淀区,"学院路校区：北京市海淀区学院路37号,沙河校区：北京市昌平区沙河高教园区",zsbgs@buaa.edu.cn,010-83429695,"https://zs.buaa.edu.cn/index.htm, https://www.buaa.edu.cn/",,柏彦故地，巍巍学府。春秋代序，峥嵘航路。1950年，朝鲜战争爆发。抗美援朝战场上，敌我空军力量悬殊。战争的迫切需求推动了新中国航空工业从修理向制造过渡，国家“急需办一所航空大学”。1951年，国家决定将北洋大学、厦门大学、西北工学院航空系并入清华大学航空工程学系，成立清华大学航空工程学院；将云南大学航空工程系并入四川大学航空系；将西南工业专科,12,17,452,227,21
46,中国人民大学,本科,综合类,公办,1,1,双一流,5,27,37,8,北京,北京市,海淀区,北京市海淀区中关村大街59号,zsb@ruc.edu.cn,400-012-3517,"https://rdzs.ruc.edu.cn/cms/, https://www.ruc.edu.cn",实事求是,中国人民大学（RenminUniversityofChina）是中国共产党创办的第一所新型正规大学，直属于教育部，由教育部与北京市共建。现任党委书记为张东刚、校长为林尚立。历史沿革和领导关怀中国人民大学前身是1937年诞生于抗日战争烽火中的陕北公学，以及后来的华北联合大学和北方大学、华北大学。学校始终与党和国家同呼吸、共命运，始终得到党中央的亲切关怀和高度重视。陕北,18,11,621-630,451,0
45,中央民族大学,本科,民族类,公办,1,1,双一流,2.5,6,26,0,北京,北京市,海淀区,北京市海淀区中关村南大街27号,muc3922@126.com,"010-68932902,010-68933922","https://zb.muc.edu.cn, https://www.muc.edu.cn/",美美与共，知行合一,中央民族大学是国家民委、教育部、北京市共建高校。学校前身为1941年成立的延安民族学院。新中国成立后，经中央政府批准，1951年在北京成立中央民族学院，1993年11月更名为中央民族大学；1999年、2004年学校先后进入国家“211工程”和“985工程”；2017年进入“双一流”建设A类高校行列。党和国家历届领导集体始终非常关心和重视中央民族大学的建设和发展。毛泽东、邓小,103,80,0,1856,0
44,湖南大学,本科,综合类,公办,1,1,双一流,3,30,37,0,湖南,长沙市,岳麓区,长沙市岳麓区麓山南路1号湖南大学二办公楼,admi@hnu.edu.cn,"0731-88823560,0731-88823067,0731-88823578,0731-88823565","https://admi.hnu.edu.cn, https://www.hnu.edu.cn/",实事求是，敢为人先,湖南大学坐落于中国历史文化名城长沙，前临碧波荡漾的湘江，后倚秀如琢玉的岳麓山，素有“千年学府、百年名校”之称。学校办学起源于公元976年创办的岳麓书院，是中国同址办学时间最长的高等学府，历经千年变迁，弦歌不绝，始终保持文化教育的连续性，是中国高等教育发展的生动缩影和世界高等教育的罕见奇迹。1903年改制为湖南高等学堂，1926年正式定名湖南大学，,32,31,448,119,26
43,北京林业大学,本科,农林类,公办,2,1,双一流,3,7,24,4,北京,北京市,海淀区,北京市海淀区清华东路35号,blzsb@bjfu.edu.cn,"010-62338216,010-62338222","https://zsb.bjfu.edu.cn/, https://www.bjfu.edu.cn/",,北京林业大学是教育部直属，教育部、国家林业和草原局、北京市人民政府共建的全国重点大学，是国家首批“211工程”重点建设高校和国家“优势学科创新平台”建设项目试点高校，是国家“双一流”建设高校。历史积淀深厚。学校办学历史可追溯至1902年的京师大学堂农业科林学目。1952年全国高校院系调整，北京农业大学森林系与河北农学院森林系合并，成立北京林学院。,84,70,0,730,0
42,武汉大学,本科,综合类,公办,1,1,双一流,4,53,58,22,湖北,武汉市,武昌区,湖北省武汉市武昌区八一路299号,wdzsb@whu.edu.cn,027-68754231,"https://aoff.whu.edu.cn/, https://www.whu.edu.cn/",自强、弘毅、求是、拓新,江城多山，珞珈独秀；山上有黉，武汉大学。武汉大学是教育部直属重点综合性大学，是国家“985工程”和“211工程”重点建设高校，是首批“双一流”建设高校。武汉大学溯源于1893年清末湖广总督张之洞奏请清政府创办的自强学堂，历经传承演变，1928年定名为国立武汉大学，是近代中国第一批国立大学。1946年，学校已形成文、法、理、工、农、医6大学院并驾齐驱的办学格,9,10,194,108,10
41,河北工业大学,本科,理工类,公办,2,1,双一流,2,11,26,2,天津,天津市,北辰区,天津市北辰区西平道5340号,zsb@hebut.edu.cn,"022-60438029,022-60438259","https://zs.hebut.edu.cn/, https://www.hebut.edu.cn/",,河北工业大学的前身是创办于1903年的北洋工艺学堂，是我国最早的培养工业人才的高等学校之一，创办了全国最早的高校校办工厂。1929年改称河北省立工业学院，1995年更名为河北工业大学。学校1996年跻身国家首批“211工程”重点建设高校行列；2014年由河北省、天津市和教育部共建；2017年，入选国家“双一流”建设高校；2022年，入选新一轮国家“双一流”建设高校。121年来,109,114,0,1396,0
40,中央音乐学院,本科,艺术类,公办,2,1,双一流,1,1,1,2,北京,北京市,西城区,北京市西城区鲍家街43号,zhaoban@ccom.edu.cn,"010-66425504,010-66425818","https://zhaoban.ccom.edu.cn/login;JSESSIONID=54901193046a4433b0ff48dffa685a63, https://www.ccom.edu.cn/",,中央音乐学院1949年由中央人民政府政务院命名成立，是由1938年成立的延安鲁迅艺术学院音乐系、1940年建立的重庆国立音乐院、1948年成立的华北大学三部音乐系、1918年成立的国立北平艺术专科学校音乐系等几所音乐教育机构合并组建而成，是新中国成立后创办的第一所培养高级专门音乐人才的高等学府。1960年被中共中央定为全国重点高等学校，2000年作为全国唯一一所被列入,0,175,0,0,0
39,北京外国语大学,本科,语言类,公办,2,1,双一流,3.5,2,11,7,北京,北京市,海淀区,北京市海淀区西三环北路2号,bwzsb@bfsu.edu.cn,"010-88816254,010-88816481","https://joinus.bfsu.edu.cn, https://www.bfsu.edu.cn/",,北京外国语大学（简称“北外”）坐落在北京市海淀区西三环北路，在三环路两侧分设东、西两个校区，是教育部直属、首批“211工程”高校、“985”优势学科创新平台高校、首批“双一流”建设高校。东院校门更新北外是中国共产党创办的第一所外国语高等学校，前身是1941年成立于延安的中国抗日军政大学三分校俄文队，后发展为中央军委外国语学校，建校始隶属于党中央,73,80,1201-1400,0,0
38,北京交通大学,本科,理工类,公办,2,1,双一流,3.5,21,32,5,北京,北京市,海淀区,北京市海淀区西直门外上园村3号,,010-51688441,"https://zsw.bjtu.edu.cn, https://www.bjtu.edu.cn/",知行,北京交通大学是教育部直属，教育部、交通运输部、北京市人民政府和中国国家铁路集团有限公司共建的全国重点大学，是国家“211工程”“985工程优势学科创新平台”“双一流”建设高校。北京交通大学作为交通大学的三个源头之一，历史渊源可追溯到1896年，前身是清政府创办的铁路管理传习所，是中国第一所专门培养管理人才的高等学校，是中国近代铁路管理、电信教育,41,40,901-950,596,0
37,西北大学,本科,综合类,公办,2,1,双一流,3,25,37,9,陕西,西安市,碑林区,"长安校区：陕西省西安市长安区郭杜教育科技产业园区学府大街1号,太白校区：陕西省西安市太白北路229号,桃园校区：陕西省西安市高新四路15号",zsb@nwu.edu.cn,029-88302211,"https://zsb.nwu.edu.cn/, https://www.nwu.edu.cn/",公诚勤朴,西北大学肇始于1902年的陕西大学堂和京师大学堂速成科仕学馆。1912年始称西北大学。1923年改为国立西北大学。1937年西迁来陕的国立北平大学、北平师范大学、北洋工学院和北平研究院等组成国立西安临时大学，1938年改为国立西北联合大学，1939年复称国立西北大学。新中国成立后为教育部直属综合大学。1950年复名西北大学。1958年改隶陕西省主管。1978年被确定为全国重点大,67,64,1001-1200,730,69
36,长安大学,本科,理工类,公办,2,1,双一流,2.5,13,34,6,陕西,西安市,,"北校区：陕西省西安市未央区尚苑路,南校区：陕西省西安市南二环路中段",zsb@chd.edu.cn,"029-82334104,029-82334813","https://zsb.chd.edu.cn, https://www.chd.edu.cn/",弘毅明德、笃学创新,长安大学直属国家教育部，是国家首批“211工程”重点建设大学、国家“985优势学科创新平台”建设高校、国家“双一流”建设高校。学校创建于新中国百业待兴之时，壮大于改革浪潮迭起之际，兴盛于高等教育强国大势之中，与共和国同向同行七十余载。自1951年起，学校前身西安公路交通大学、西安工程学院、西北建筑工程学院相继成立。1956年开始招收来华留学生。1978年,92,101,0,748,0
35,云南大学,本科,综合类,公办,2,1,双一流,2,22,41,0,云南,昆明市,呈贡区,"东陆校区：云南省昆明市翠湖北路2号,呈贡校区：云南省昆明市呈贡区大学城东外环南路",zszx@ynu.edu.cn,"0871-65033819,0871-65032173,0871-65939873","https://zsb.ynu.edu.cn/, https://www.ynu.edu.cn/",自尊、致知、正义、力行,云南大学始建于1922年，1923年正式开学，时为私立东陆大学，1934年更名为省立云南大学，1938年改为国立云南大学，是我国西部边疆最早建立的综合性大学之一。1937年，著名数学家、教育家熊庆来出任校长，一大批著名学者受聘到校任教，奠定了学校较高的发展基础和深厚的学术底蕴，开创了云大办学历史上的第一个辉煌时期。20世纪40年代，云南大学已发展成为一所包括文、,70,88,0,822,0
34,哈尔滨工业大学,本科,理工类,公办,1,1,双一流,4.5,31,41,21,黑龙江,哈尔滨市,南岗区,哈尔滨市南岗区西大直街92号哈尔滨工业大学一校区活动中心427室,hitzsb@hit.edu.cn,"0451-53985216,0451-86414771","https://zsb.hit.edu.cn/, https://www.hit.edu.cn",规格严格，功夫到家,2020年6月7日，习近平总书记致信祝贺哈尔滨工业大学建校100周年。贺信指出，哈尔滨工业大学历史悠久。新中国成立以来，在党的领导下，学校扎根东北、爱国奉献、艰苦创业，打造了一大批国之重器，培养了一大批杰出人才，为党和人民作出了重要贡献。希望哈尔滨工业大学在新的起点上，坚持社会主义办学方向，紧扣立德树人根本任务，在教书育人、科研攻关等工作中，,16,13,252,160,11
33,大连海事大学,本科,理工类,公办,2,1,双一流,2,10,24,2,辽宁,大连市,甘井子区,辽宁省大连市凌海路1号,bkzs@dlmu.edu.cn,0411-84727233,"https://bkzs.dlmu.edu.cn, https://www.dlmu.edu.cn/",学汇百川，德济四海,大连海事大学坐落于辽宁省大连市，是一所历史悠久、特色鲜明的高等学府，是交通运输部直属的唯一高校，是国家首批“211工程”和“双一流”建设高校。学校因海而生，其发展历史是中国高等航海教育建设发展成就的缩影。学校肇始于1909年设立的晚清邮传部上海高等实业学堂船政科，为“挽救航权、振兴国运”而萌发初创。学校凭海而兴，在战火纷飞的年代，历尽坎坷，,111,128,0,839,0
32,内蒙古大学,本科,综合类,公办,2,1,双一流,2,13,24,2,内蒙古,呼和浩特市,赛罕区,"北校区：内蒙古自治区呼和浩特市赛罕区大学西街235号,南校区：内蒙古自治区呼和浩特市玉泉区昭君路24号",ndzs2008@imu.edu.cn,"0471-4992205,0471-4993164","https://zhaosheng.imu.edu.cn/, https://www.imu.edu.cn/",,历史沿革内蒙古大学位于内蒙古自治区首府、历史文化名城呼和浩特市，距北京400余公里，是中华人民共和国成立后党和国家在边疆民族地区创办的第一所综合大学。学校于1957年高起点创办，时任国务院副总理、自治区主席乌兰夫任首任校长（1956—1968），原高教部综合大学司副司长于北辰任副校长，中科院学部委员、著名生物学家、北京大学一级教授、耶鲁大学博士李继侗,116,117,0,1832,0
31,北京大学,本科,综合类,公办,1,1,双一流,5,56,56,54,北京,北京市,海淀区,北京市海淀区颐和园路5号,bdzsb@pku.edu.cn,010-62751407,"https://www.gotopku.cn/, https://www.pku.edu.cn/",,北京大学创办于1898年，是戊戌变法的产物，也是中华民族救亡图存、兴学图强的结果，初名京师大学堂，是中国近现代第一所国立综合性大学，辛亥革命后，于1912年改为现名。在悠久的文明历程中，古代中国曾创立太学、国子学、国子监等国家最高学府，在中国和世界教育史上具有重要影响。北京大学“上承太学正统，下立大学祖庭”，既是中华文脉和教育传统的传承者，也,2,1,14,31,2
30,北京工业大学,本科,理工类,公办,2,1,双一流,2.5,22,33,3,北京,北京市,朝阳区,"平乐园校区：北京市朝阳区平乐园100号,通州校区：北京市通州区潞苑南大街89号",zsb@bjut.edu.cn,010-67391609,"https://admissions.bjut.edu.cn/, https://www.bjut.edu.cn/",,北京工业大学（BeijingUniversityOfTechnology）创建于1960年，是一所以工为主的多科性市属重点大学，覆盖工学、理学、经济学、管理学、文学、法学、教育学、艺术学、交叉学科等9个学科门类，1981年成为国家教育部批准的第一批硕士学位授予单位，1985年成为博士学位授予单位，1996年通过国家“211工程”预审，正式跨入国家二十一世纪重点建设的百所大学的行列。学校于2017年正式,66,62,801-850,549,0