plan_id,special_unique_id,school_id,special_id,province,year,sp_name,level1_name,level2_name,level3_name,zslx_name,local_batch_name,type,num,length,tuition,info,sg_info
plan_125_170754_13_2022_2073_本科批,125_170754,125,170754,河北,2022,人工智能,本科 (1),工学 (10),电子信息类 (69),普通类,本科批,物理类,6,四年,5000,,
plan_125_1801715_15_2022_1_本科提前批A段,125_1801715,125,1801715,内蒙古,2022,智慧能源工程,本科 (1),工学 (10),电气类 (68),普通类,本科提前批A段,理科,4,4,5000,（产教融合培养班，回生源地国家电投企业工作）（只录取有专业志愿考生，文化课成绩须达到本科一批录取最低控制分数线上70分（含）。委托单位：国家电力投资集团有限公司。考生须签署委托培养定向生合同书。）,
plan_125_96051_32_2022_2073_本科批,125_96051,125,96051,江苏,2022,电子信息类,本科 (1),工学 (10),电子信息类 (69),普通类,本科批,物理类,3,四年,6500,,首选物理，再选不限
plan_125_170754_32_2022_2073_本科批,125_170754,125,170754,江苏,2022,人工智能,本科 (1),工学 (10),电子信息类 (69),普通类,本科批,物理类,1,四年,5000,,首选物理，再选不限
plan_125_594181_32_2022_2073_本科批,125_594181,125,594181,江苏,2022,金融学,本科 (1),经济学 (4),金融学类 (37),普通类,本科批,物理类,1,四年,6500,,首选物理，再选不限
plan_125_96051_32_2022_2073_本科批,125_96051,125,96051,江苏,2022,电子信息类,本科 (1),工学 (10),电子信息类 (69),普通类,本科批,物理类,3,四年,6500,,首选物理，再选不限
plan_125_170754_32_2022_2073_本科批,125_170754,125,170754,江苏,2022,人工智能,本科 (1),工学 (10),电子信息类 (69),普通类,本科批,物理类,1,四年,5000,,首选物理，再选不限
plan_125_594181_32_2022_2073_本科批,125_594181,125,594181,江苏,2022,金融学,本科 (1),经济学 (4),金融学类 (37),普通类,本科批,物理类,1,四年,6500,,首选物理，再选不限
plan_125_6225_34_2022_1_本科一批,125_6225,125,6225,安徽,2022,核工程与核技术,本科 (1),工学 (10),核工程类 (84),普通类,本科一批,理科,9,-,5000,,
plan_125_170754_35_2022_2073_本科批,125_170754,125,170754,福建,2022,人工智能,本科 (1),工学 (10),电子信息类 (69),普通类,本科批,物理类,2,四年,5000,,首选物理，再选不限
plan_125_170754_35_2022_2073_本科批,125_170754,125,170754,福建,2022,人工智能,本科 (1),工学 (10),电子信息类 (69),普通类,本科批,物理类,2,四年,5000,,首选物理，再选不限
plan_125_170754_44_2022_2073_本科批,125_170754,125,170754,广东,2022,人工智能,本科 (1),工学 (10),电子信息类 (69),普通类,本科批,物理类,2,四年,5000,（卓越人才试点班）（校本部）,首选物理，再选不限
plan_125_594181_44_2022_2073_本科批,125_594181,125,594181,广东,2022,金融学,本科 (1),经济学 (4),金融学类 (37),普通类,本科批,物理类,1,四年,6500,（含“金融学-计算机科学与技术”双学士学位）（校本部）,首选物理，再选不限
plan_125_170754_44_2022_2073_本科批,125_170754,125,170754,广东,2022,人工智能,本科 (1),工学 (10),电子信息类 (69),普通类,本科批,物理类,2,四年,5000,（卓越人才试点班）（校本部）,首选物理，再选不限
plan_125_594181_44_2022_2073_本科批,125_594181,125,594181,广东,2022,金融学,本科 (1),经济学 (4),金融学类 (37),普通类,本科批,物理类,1,四年,6500,（含“金融学-计算机科学与技术”双学士学位）（校本部）,首选物理，再选不限
plan_125_1801715_54_2022_1_本科一批,125_1801715,125,1801715,西藏,2022,智慧能源工程,本科 (1),工学 (10),电气类 (68),普通类,本科一批,理科,3,四年,5000,（上海交通大学国电投产教融合培养班，毕业后回生源地国家电力投资集团有限公司所属单位就业。考生须签署委托培养定向生合同书。）,
plan_125_6208_62_2022_1_本科提前批,125_6208,125,6208,甘肃,2022,工业设计,本科 (1),工学 (10),机械类 (64),普通类,本科提前批,理科,2,4,5000,（不限）（非省属院校贫困地区专项）,
plan_125_6196_62_2022_1_本科提前批,125_6196,125,6196,甘肃,2022,环境科学与工程,本科 (1),工学 (10),环境科学与工程类 (87),普通类,本科提前批,理科,1,4,5000,（不限）（非省属院校贫困地区专项）,
plan_125_96051_63_2022_1_本科一段,125_96051,125,96051,青海,2022,电子信息类,本科 (1),工学 (10),电子信息类 (69),普通类,本科一段,理科,1,-,,,
plan_125_594181_63_2022_1_本科一段,125_594181,125,594181,青海,2022,金融学,本科 (1),经济学 (4),金融学类 (37),普通类,本科一段,理科,1,-,,,
plan_125_96051_12_2023_3_本科批A段,125_96051,125,96051,天津,2023,电子信息类,本科 (1),工学 (10),电子信息类 (69),普通类,本科批A段,综合,2,四年,7700,"（IEEE试点班,含双学士学位项目）（计算机科学与技术、信息工程、信息安全、自动化）（含电子信息类）（IEEE试点班-数学与应用数学双学士学位项目）（校本部）（含电子信息类（IEEE试点班-数学与应用数学双学士学位项目））",物理必选
plan_125_170754_12_2023_3_本科批A段,125_170754,125,170754,天津,2023,人工智能,本科 (1),工学 (10),电子信息类 (69),普通类,本科批A段,综合,2,四年,7700,（卓越人才试点班）（校本部）,物理必选
plan_125_96051_12_2023_3_本科批A段,125_96051,125,96051,天津,2023,电子信息类,本科 (1),工学 (10),电子信息类 (69),普通类,本科批A段,综合,2,四年,7700,"（IEEE试点班,含双学士学位项目）（计算机科学与技术、信息工程、信息安全、自动化）（含电子信息类）（IEEE试点班-数学与应用数学双学士学位项目）（校本部）（含电子信息类（IEEE试点班-数学与应用数学双学士学位项目））",物理必选
plan_125_96051_12_2023_3_本科批A段,125_96051,125,96051,天津,2023,电子信息类,本科 (1),工学 (10),电子信息类 (69),中外合作办学,本科批A段,综合,2,四年,75000,（中外合作办学）（交大密西根学院）（机械工程）（中外合作办学、电子与计算机工程）（中外合作办学、材料科学与工程）（中外合作办学）（仅录取有专业志愿的考生）（校本部）（仅录取有专业志愿的考生）,物理必选
plan_125_170754_12_2023_3_本科批A段,125_170754,125,170754,天津,2023,人工智能,本科 (1),工学 (10),电子信息类 (69),普通类,本科批A段,综合,2,四年,7700,（卓越人才试点班）（校本部）,物理必选
plan_125_594181_12_2023_3_本科批A段,125_594181,125,594181,天津,2023,金融学,本科 (1),经济学 (4),金融学类 (37),普通类,本科批A段,综合,2,四年,7150,（含金融学、计算机双学士学位项目）（含金融学-计算机科学与技术双学士学位项目）（校本部）（含金融学-计算机科学与技术双学士学位项目）,物理必选
plan_125_96051_12_2023_3_本科批A段,125_96051,125,96051,天津,2023,电子信息类,本科 (1),工学 (10),电子信息类 (69),中外合作办学,本科批A段,综合,2,四年,75000,（中外合作办学）（交大密西根学院）（机械工程）（中外合作办学、电子与计算机工程）（中外合作办学、材料科学与工程）（中外合作办学）（仅录取有专业志愿的考生）（校本部）（仅录取有专业志愿的考生）,物理必选
plan_125_594181_12_2023_3_本科批A段,125_594181,125,594181,天津,2023,金融学,本科 (1),经济学 (4),金融学类 (37),普通类,本科批A段,综合,2,四年,7150,（含金融学、计算机双学士学位项目）（含金融学-计算机科学与技术双学士学位项目）（校本部）（含金融学-计算机科学与技术双学士学位项目）,物理必选
plan_125_96051_14_2023_1_本科一批A段,125_96051,125,96051,山西,2023,电子信息类,本科 (1),工学 (10),电子信息类 (69),普通类,本科一批A段,理科,1,-,7700,（IEEE试点班，含双学士学位项目）（包含专业：计算机科学与技术、信息工程、信息安全、自动化）（含电子信息类）（IEEE试点班数学与应用数学双学士学位项目）,
plan_125_170754_14_2023_1_本科一批A段,125_170754,125,170754,山西,2023,人工智能,本科 (1),工学 (10),电子信息类 (69),普通类,本科一批A段,理科,1,-,7700,（卓越人才试点班）,
plan_125_594181_14_2023_1_本科一批A段,125_594181,125,594181,山西,2023,金融学,本科 (1),经济学 (4),金融学类 (37),普通类,本科一批A段,理科,1,-,7150,（含金融学、计算机双学士学位项目）（含金融学计算机科学与技术双学士学位项目）,
plan_125_1801715_15_2023_1_本科提前批A段,125_1801715,125,1801715,内蒙古,2023,智慧能源工程,本科 (1),工学 (10),电气类 (68),普通类,本科提前批A段,理科,5,4,7700,（产教融合培养班，回生源地国家电投企业工作）（办学地点：校本部）（一本线上70分（含），不报不录。委托单位：国家电力投资集团有限公司，考生须签署委托培养定向生合同书）（高校专项计划）,
plan_125_170754_32_2023_2073_本科批,125_170754,125,170754,江苏,2023,人工智能,本科 (1),工学 (10),电子信息类 (69),普通类,本科批,物理类,1,四年,7700,,首选物理，再选不限
plan_125_170754_32_2023_2073_本科批,125_170754,125,170754,江苏,2023,人工智能,本科 (1),工学 (10),电子信息类 (69),普通类,本科批,物理类,1,四年,7700,,首选物理，再选不限
plan_125_594181_33_2023_3_普通类平行录取,125_594181,125,594181,浙江,2023,金融学,本科 (1),经济学 (4),金融学类 (37),普通类,普通类平行录取,综合,5,四年,7150,,
plan_125_6225_37_2023_3_普通类一段,125_6225,125,6225,山东,2023,核工程与核技术,本科 (1),工学 (10),核工程类 (84),普通类,普通类一段,综合,9,四年,7700,,
plan_125_96051_44_2023_2073_本科批,125_96051,125,96051,广东,2023,电子信息类,本科 (1),工学 (10),电子信息类 (69),普通类,本科批,物理类,2,四年,7700,（IEEE试点班含计算机科学与技术、信息工程、信息安全、自动化专业含“电子信息类）（IEEE试点班-数学与应用数学”双学士学位）,首选物理，再选不限
plan_125_170754_44_2023_2073_本科批,125_170754,125,170754,广东,2023,人工智能,本科 (1),工学 (10),电子信息类 (69),普通类,本科批,物理类,1,四年,7700,（卓越人才试点班）,首选物理，再选不限
plan_125_594181_44_2023_2073_本科批,125_594181,125,594181,广东,2023,金融学,本科 (1),经济学 (4),金融学类 (37),普通类,本科批,物理类,1,四年,7150,"（学费：7150元/学年含“金融学-计算机科学与技术""双学士学位）",首选物理，再选不限
plan_125_96051_44_2023_2073_本科批,125_96051,125,96051,广东,2023,电子信息类,本科 (1),工学 (10),电子信息类 (69),中外合作办学,本科批,物理类,18,四年,75000,（中外合作办学）（交大密西根学院）（学费：75000元/学年只录取有专业志愿考生含机械工程）（中外合作办学、电子与计算机工程）（中外合作办学、材料科学与工程）（中外合作办学专业具体培养模式且学习费用请查看学校网站）,首选物理，再选不限
plan_125_96051_44_2023_2073_本科批,125_96051,125,96051,广东,2023,电子信息类,本科 (1),工学 (10),电子信息类 (69),中外合作办学,本科批,物理类,3,四年,45000,（中外合作办学）（巴黎卓越工程师学院，本硕贯通培养）（学费：45000元/学年只录取有专业志愿考生含机械工程）（中外合作办学、信息工程）（中外合作办学、能源与动力工程）（中外合作办学专业具体培养模式且学习费用请查看学校网站）,首选物理，再选不限
plan_125_96051_44_2023_2073_本科批,125_96051,125,96051,广东,2023,电子信息类,本科 (1),工学 (10),电子信息类 (69),普通类,本科批,物理类,2,四年,7700,（IEEE试点班含计算机科学与技术、信息工程、信息安全、自动化专业含“电子信息类）（IEEE试点班-数学与应用数学”双学士学位）,首选物理，再选不限
plan_125_170754_44_2023_2073_本科批,125_170754,125,170754,广东,2023,人工智能,本科 (1),工学 (10),电子信息类 (69),普通类,本科批,物理类,1,四年,7700,（卓越人才试点班）,首选物理，再选不限
plan_125_594181_44_2023_2073_本科批,125_594181,125,594181,广东,2023,金融学,本科 (1),经济学 (4),金融学类 (37),普通类,本科批,物理类,1,四年,7150,"（学费：7150元/学年含“金融学-计算机科学与技术""双学士学位）",首选物理，再选不限
plan_125_96051_44_2023_2073_本科批,125_96051,125,96051,广东,2023,电子信息类,本科 (1),工学 (10),电子信息类 (69),中外合作办学,本科批,物理类,18,四年,75000,（中外合作办学）（交大密西根学院）（学费：75000元/学年只录取有专业志愿考生含机械工程）（中外合作办学、电子与计算机工程）（中外合作办学、材料科学与工程）（中外合作办学专业具体培养模式且学习费用请查看学校网站）,首选物理，再选不限
plan_125_96051_44_2023_2073_本科批,125_96051,125,96051,广东,2023,电子信息类,本科 (1),工学 (10),电子信息类 (69),中外合作办学,本科批,物理类,3,四年,45000,（中外合作办学）（巴黎卓越工程师学院，本硕贯通培养）（学费：45000元/学年只录取有专业志愿考生含机械工程）（中外合作办学、信息工程）（中外合作办学、能源与动力工程）（中外合作办学专业具体培养模式且学习费用请查看学校网站）,首选物理，再选不限
plan_125_6225_51_2023_1_本科一批,125_6225,125,6225,四川,2023,核工程与核技术,本科 (1),工学 (10),核工程类 (84),普通类,本科一批,理科,12,四年,7700,,
plan_125_1801715_54_2023_1_本科一批,125_1801715,125,1801715,西藏,2023,智慧能源工程,本科 (1),工学 (10),电气类 (68),普通类,本科一批,理科,2,四年,7700,（委托单位：国家电力投资集团有限公司。考生须签署委托培养定向生合同书。产教融合培养班。回生源地国家电投企业工作）,
plan_125_6208_54_2023_1_本科一批,125_6208,125,6208,西藏,2023,工业设计,本科 (1),工学 (10),机械类 (64),普通类,本科一批,理科,1,四年,7700,,
plan_125_6208_62_2023_1_本科提前批,125_6208,125,6208,甘肃,2023,工业设计,本科 (1),工学 (10),机械类 (64),普通类,本科提前批,理科,2,4,7700,（非省属院校贫困地区专项）（外语限制:不限）,
plan_125_6196_62_2023_1_本科提前批,125_6196,125,6196,甘肃,2023,环境科学与工程,本科 (1),工学 (10),环境科学与工程类 (87),普通类,本科提前批,理科,1,4,7700,（非省属院校贫困地区专项）（外语限制:不限）,
plan_125_594181_63_2023_1_本科一段,125_594181,125,594181,青海,2023,金融学,本科 (1),经济学 (4),金融学类 (37),普通类,本科一段,理科,1,-,,,
plan_125_96051_11_2024_3_本科批,125_96051,125,96051,北京,2024,电子信息类,本科 (1),工学 (10),电子信息类 (69),中外合作办学,本科批,综合,25,四年,75000,"（中外合作办学）（交大密西根学院）（75000元,含机械工程（中外合作办学）、电子与计算机工程（中外合作办学））",物理、化学(2科必选)
plan_125_96051_11_2024_3_本科批,125_96051,125,96051,北京,2024,电子信息类,本科 (1),工学 (10),电子信息类 (69),中外合作办学,本科批,综合,25,四年,75000,"（中外合作办学）（交大密西根学院）（75000元,含机械工程（中外合作办学）、电子与计算机工程（中外合作办学））",物理、化学(2科必选)
plan_125_96051_11_2024_3_本科批,125_96051,125,96051,北京,2024,电子信息类,本科 (1),工学 (10),电子信息类 (69),普通类,本科批,综合,2,四年,7000,"（IEEE试点班）（7000元,含计算机科学与技术、信息工程、信息安全、自动化,含电子信息类（IEEE试点班）数学与应用数学双学士学位项目）",物理、化学(2科必选)
plan_125_594181_11_2024_3_本科批,125_594181,125,594181,北京,2024,金融学,本科 (1),经济学 (4),金融学类 (37),普通类,本科批,综合,2,四年,6500,"（6500元,含金融学计算机科学与技术双学士学位项目）",物理、化学(2科必选)
plan_125_170754_11_2024_3_本科批,125_170754,125,170754,北京,2024,人工智能,本科 (1),工学 (10),电子信息类 (69),普通类,本科批,综合,1,四年,7000,（卓越人才试点班）（7000元）,物理、化学(2科必选)
plan_125_170754_11_2024_3_本科批,125_170754,125,170754,北京,2024,人工智能,本科 (1),工学 (10),电子信息类 (69),普通类,本科批,综合,1,四年,7000,（拔尖英才试点班）（7000元）,物理、化学(2科必选)
plan_125_96051_11_2024_3_本科批,125_96051,125,96051,北京,2024,电子信息类,本科 (1),工学 (10),电子信息类 (69),普通类,本科批,综合,2,四年,7000,"（IEEE试点班）（7000元,含计算机科学与技术、信息工程、信息安全、自动化,含电子信息类（IEEE试点班）数学与应用数学双学士学位项目）",物理、化学(2科必选)
plan_125_170754_11_2024_3_本科批,125_170754,125,170754,北京,2024,人工智能,本科 (1),工学 (10),电子信息类 (69),普通类,本科批,综合,1,四年,7000,（卓越人才试点班）（7000元）,物理、化学(2科必选)
plan_125_170754_11_2024_3_本科批,125_170754,125,170754,北京,2024,人工智能,本科 (1),工学 (10),电子信息类 (69),普通类,本科批,综合,1,四年,7000,（拔尖英才试点班）（7000元）,物理、化学(2科必选)
plan_125_594181_11_2024_3_本科批,125_594181,125,594181,北京,2024,金融学,本科 (1),经济学 (4),金融学类 (37),普通类,本科批,综合,2,四年,6500,"（6500元,含金融学计算机科学与技术双学士学位项目）",物理、化学(2科必选)
plan_125_96051_12_2024_3_本科批A段,125_96051,125,96051,天津,2024,电子信息类,本科 (1),工学 (10),电子信息类 (69),普通类,本科批A段,综合,2,四年,7000,（IEEE试点班，含双学士学位项目）（计算机科学与技术、信息工程、信息安全、自动化）（含电子信息类（IEEE试点班）-数学与应用数学双学士学位项目）（校本部）（含电子信息类（IEEE试点班）（-数学与应用数学双学士学位项目））,物理、化学(2科必选)
plan_125_170754_12_2024_3_本科批A段,125_170754,125,170754,天津,2024,人工智能,本科 (1),工学 (10),电子信息类 (69),普通类,本科批A段,综合,1,四年,7000,（拔尖英才试点班）（校本部）,物理、化学(2科必选)
plan_125_96051_12_2024_3_本科批A段,125_96051,125,96051,天津,2024,电子信息类,本科 (1),工学 (10),电子信息类 (69),普通类,本科批A段,综合,2,四年,7000,（IEEE试点班，含双学士学位项目）（计算机科学与技术、信息工程、信息安全、自动化）（含电子信息类（IEEE试点班）-数学与应用数学双学士学位项目）（校本部）（含电子信息类（IEEE试点班）（-数学与应用数学双学士学位项目））,物理、化学(2科必选)
plan_125_170754_12_2024_3_本科批A段,125_170754,125,170754,天津,2024,人工智能,本科 (1),工学 (10),电子信息类 (69),普通类,本科批A段,综合,2,四年,7000,（卓越人才试点班）（校本部）,物理、化学(2科必选)
plan_125_594181_12_2024_3_本科批A段,125_594181,125,594181,天津,2024,金融学,本科 (1),经济学 (4),金融学类 (37),普通类,本科批A段,综合,2,四年,6500,（含金融学-计算机科学与技术双学士学位项目）（校本部）（含金融学-计算机科学与技术双学士学位项目）,物理、化学(2科必选)
plan_125_96051_12_2024_3_本科批A段,125_96051,125,96051,天津,2024,电子信息类,本科 (1),工学 (10),电子信息类 (69),中外合作办学,本科批A段,综合,1,四年,75000,（中外合作办学）（交大密西根学院）（机械工程（中外合作办学）、电子与计算机工程（中外合作办学））（仅录取有专业志愿的考生）（校本部）（仅录取有专业志愿的考生）,物理、化学(2科必选)
plan_125_170754_12_2024_3_本科批A段,125_170754,125,170754,天津,2024,人工智能,本科 (1),工学 (10),电子信息类 (69),普通类,本科批A段,综合,1,四年,7000,（拔尖英才试点班）（校本部）,物理、化学(2科必选)
plan_125_170754_12_2024_3_本科批A段,125_170754,125,170754,天津,2024,人工智能,本科 (1),工学 (10),电子信息类 (69),普通类,本科批A段,综合,2,四年,7000,（卓越人才试点班）（校本部）,物理、化学(2科必选)
plan_125_594181_12_2024_3_本科批A段,125_594181,125,594181,天津,2024,金融学,本科 (1),经济学 (4),金融学类 (37),普通类,本科批A段,综合,2,四年,6500,（含金融学-计算机科学与技术双学士学位项目）（校本部）（含金融学-计算机科学与技术双学士学位项目）,物理、化学(2科必选)
plan_125_96051_12_2024_3_本科批A段,125_96051,125,96051,天津,2024,电子信息类,本科 (1),工学 (10),电子信息类 (69),中外合作办学,本科批A段,综合,1,四年,75000,（中外合作办学）（交大密西根学院）（机械工程（中外合作办学）、电子与计算机工程（中外合作办学））（仅录取有专业志愿的考生）（校本部）（仅录取有专业志愿的考生）,物理、化学(2科必选)
plan_125_170754_13_2024_2073_本科批,125_170754,125,170754,河北,2024,人工智能,本科 (1),工学 (10),电子信息类 (69),普通类,本科批,物理类,5,四年,7000,（卓越人才试点班）,
plan_125_96051_13_2024_2073_本科批,125_96051,125,96051,河北,2024,电子信息类,本科 (1),工学 (10),电子信息类 (69),普通类,本科批,物理类,2,四年,7000,（IEEE试点班，含双学士学位项目，含计算机科学与技术、信息工程、信息安全、自动化专业；含电子信息类（IEEE试点班）-数学与应用数学双学士学位项目）,
plan_125_594181_13_2024_2073_本科批,125_594181,125,594181,河北,2024,金融学,本科 (1),经济学 (4),金融学类 (37),普通类,本科批,物理类,2,四年,6500,（含金融学、计算机双学士学位项目，含金融学-计算机科学与技术双学士学位项目）,
plan_125_170754_13_2024_2073_本科批,125_170754,125,170754,河北,2024,人工智能,本科 (1),工学 (10),电子信息类 (69),普通类,本科批,物理类,1,四年,7000,（拔尖英才试点班）,
plan_125_6196_13_2024_2073_本科提前批C段,125_6196,125,6196,河北,2024,环境科学与工程,本科 (1),工学 (10),环境科学与工程类 (87),普通类,本科提前批C段,物理类,1,4,7000,（高校专项计划）,
plan_125_6225_13_2024_2073_本科提前批C段,125_6225,125,6225,河北,2024,核工程与核技术,本科 (1),工学 (10),核工程类 (84),普通类,本科提前批C段,物理类,1,4,7000,（高校专项计划）,
plan_125_2012178_13_2024_2073_本科提前批C段,125_2012178,125,2012178,河北,2024,运动训练,本科 (1),教育学 (6),体育学类 (46),普通类,本科提前批C段,物理类,0,4,7000,（高水平运动队）,
plan_125_2012178_13_2024_2074_本科提前批C段,125_2012178,125,2012178,河北,2024,运动训练,本科 (1),教育学 (6),体育学类 (46),普通类,本科提前批C段,历史类,0,4,7000,（高水平运动队）,
plan_125_170754_14_2024_1_本科一批A段,125_170754,125,170754,山西,2024,人工智能,本科 (1),工学 (10),电子信息类 (69),普通类,本科一批A段,理科,3,四年,7000,（卓越人才试点班）,
plan_125_96051_14_2024_1_本科一批A段,125_96051,125,96051,山西,2024,电子信息类,本科 (1),工学 (10),电子信息类 (69),普通类,本科一批A段,理科,2,四年,7000,（IEE试点班，含双学士学位顷目）（包含专业:计算机科学与技术、信息工程、信息安全、自动）（含电子信息类（IEE试点班）-数学与应用数学双学士学位项目）,
plan_125_96051_14_2024_1_本科一批A段,125_96051,125,96051,山西,2024,电子信息类,本科 (1),工学 (10),电子信息类 (69),中外合作办学,本科一批A段,理科,2,四年,75000,（中外合作办学）（交大密西根学院）（包含专业:机械工程（中外合作办学）、电子与计算机工程（中外合作办学））（只录取有专业志愿考生）,
plan_125_594181_14_2024_1_本科一批A段,125_594181,125,594181,山西,2024,金融学,本科 (1),经济学 (4),金融学类 (37),普通类,本科一批A段,理科,2,四年,6500,（含金融学、计算机双学士学位项目）（含金融学-计算机科学与技术双学士学位项目）,
plan_125_170754_14_2024_1_本科一批A段,125_170754,125,170754,山西,2024,人工智能,本科 (1),工学 (10),电子信息类 (69),普通类,本科一批A段,理科,1,四年,7000,（拔尖英才试点班）,
plan_125_6235_15_2024_1_本科一批,125_6235,125,6235,内蒙古,2024,计算机科学与技术,本科 (1),工学 (10),计算机类 (71),普通类,本科一批,理科,1,四年,7000,（ACM班，致远理科荣誉计划）（校本部）,
plan_125_170754_15_2024_1_本科一批,125_170754,125,170754,内蒙古,2024,人工智能,本科 (1),工学 (10),电子信息类 (69),普通类,本科一批,理科,1,四年,7000,（卓越人才试点班）（校本部）,
plan_125_594181_15_2024_1_本科一批,125_594181,125,594181,内蒙古,2024,金融学,本科 (1),经济学 (4),金融学类 (37),普通类,本科一批,理科,1,四年,6500,（含金融学、计算机双学士学位项目）（含金融学-计算机科学与技术双学士学位项目。）（校本部）,
plan_125_1801715_15_2024_1_本科提前批A段,125_1801715,125,1801715,内蒙古,2024,智慧能源工程,本科 (1),工学 (10),电气类 (68),普通类,本科提前批A段,理科,5,4,7000,"（产教融合培养班,回生源地国家电投企业工作）（办学地点：校本部）（一本线上70分（含）,不报不录。委托单位:国家电力投资集团有限公司。考生须签署委托培养定向生合同书。）（高校专项计划）",
plan_125_6196_15_2024_1_本科提前批B段,125_6196,125,6196,内蒙古,2024,环境科学与工程,本科 (1),工学 (10),环境科学与工程类 (87),普通类,本科提前批B段,理科,1,4,7000,（办学地点：校本部）（国家专项计划）,
plan_125_170754_21_2024_2073_本科批,125_170754,125,170754,辽宁,2024,人工智能,本科 (1),工学 (10),电子信息类 (69),普通类,本科批,物理类,3,四年,7000,（卓越人才试点班）,
plan_125_96051_21_2024_2073_本科批,125_96051,125,96051,辽宁,2024,电子信息类,本科 (1),工学 (10),电子信息类 (69),普通类,本科批,物理类,2,四年,7000,（IEEE试点班，含双学士学位项目）（计算机科学与技术、信息工程、信息安全、自动化）（含电子信息类（IEEE试点班）数学与应用数学双学士学位项目）,
plan_125_594181_21_2024_2073_本科批,125_594181,125,594181,辽宁,2024,金融学,本科 (1),经济学 (4),金融学类 (37),普通类,本科批,物理类,2,四年,6500,（含金融学、计算机双学士学位项目）（含金融学计算机科学与技术双学士学位项目）,
plan_125_170754_21_2024_2073_本科批,125_170754,125,170754,辽宁,2024,人工智能,本科 (1),工学 (10),电子信息类 (69),普通类,本科批,物理类,1,四年,7000,（拔尖英才试点班）,
plan_125_96051_22_2024_2073_本科批,125_96051,125,96051,吉林,2024,电子信息类,本科 (1),工学 (10),电子信息类 (69),普通类,本科批,物理类,2,四年,7000,"（IEEE试点班,含双学士学位项目）（计算机科学与技术、信息工程、信息安全、自动化）（含电子信息类（IEEE试点班）-数学与应用数学双学士学位项目）",首选物理，再选化学
plan_125_96051_22_2024_2073_本科批,125_96051,125,96051,吉林,2024,电子信息类,本科 (1),工学 (10),电子信息类 (69),中外合作办学,本科批,物理类,1,四年,75000,（交大密西根学院）（机械工程（中外合作办学）、电子与计算机工程（中外合作办学））（仅录取有专业志愿的考生）,首选物理，再选化学
plan_125_170754_22_2024_2073_本科批,125_170754,125,170754,吉林,2024,人工智能,本科 (1),工学 (10),电子信息类 (69),普通类,本科批,物理类,1,四年,7000,（卓越人才试点班）,首选物理，再选化学
plan_125_594181_22_2024_2073_本科批,125_594181,125,594181,吉林,2024,金融学,本科 (1),经济学 (4),金融学类 (37),普通类,本科批,物理类,1,四年,6500,（含金融学-计算机科学与技术双学士学位项目）,首选物理，再选化学
plan_125_96051_22_2024_2073_本科批,125_96051,125,96051,吉林,2024,电子信息类,本科 (1),工学 (10),电子信息类 (69),普通类,本科批,物理类,2,四年,7000,"（IEEE试点班,含双学士学位项目）（计算机科学与技术、信息工程、信息安全、自动化）（含电子信息类（IEEE试点班）-数学与应用数学双学士学位项目）",首选物理，再选化学
plan_125_96051_22_2024_2073_本科批,125_96051,125,96051,吉林,2024,电子信息类,本科 (1),工学 (10),电子信息类 (69),中外合作办学,本科批,物理类,1,四年,75000,（交大密西根学院）（机械工程（中外合作办学）、电子与计算机工程（中外合作办学））（仅录取有专业志愿的考生）,首选物理，再选化学
plan_125_170754_22_2024_2073_本科批,125_170754,125,170754,吉林,2024,人工智能,本科 (1),工学 (10),电子信息类 (69),普通类,本科批,物理类,1,四年,7000,（卓越人才试点班）,首选物理，再选化学
plan_125_594181_22_2024_2073_本科批,125_594181,125,594181,吉林,2024,金融学,本科 (1),经济学 (4),金融学类 (37),普通类,本科批,物理类,1,四年,6500,（含金融学-计算机科学与技术双学士学位项目）,首选物理，再选化学
plan_125_96051_23_2024_2073_本科批,125_96051,125,96051,黑龙江,2024,电子信息类,本科 (1),工学 (10),电子信息类 (69),普通类,本科批,物理类,2,四年,7000,（包含计算机科学与技术、信息工程、信息安全、自动化；含电子信息类（IEEE试点班）-数学与应用数学双学士学位项目）,首选物理，再选化学
plan_125_96051_23_2024_2073_本科批,125_96051,125,96051,黑龙江,2024,电子信息类,本科 (1),工学 (10),电子信息类 (69),中外合作办学,本科批,物理类,1,四年,75000,（中外合作办学，交大密西根学院，包含机械工程（中外合作办学，电子与计算机工程，中外合作办学，；仅录取有专业志愿的考生）,首选物理，再选化学
plan_125_170754_23_2024_2073_本科批,125_170754,125,170754,黑龙江,2024,人工智能,本科 (1),工学 (10),电子信息类 (69),普通类,本科批,物理类,1,四年,7000,（拔尖英才试点班）,首选物理，再选化学
plan_125_96051_23_2024_2073_本科批,125_96051,125,96051,黑龙江,2024,电子信息类,本科 (1),工学 (10),电子信息类 (69),普通类,本科批,物理类,2,四年,7000,（包含计算机科学与技术、信息工程、信息安全、自动化；含电子信息类（IEEE试点班）-数学与应用数学双学士学位项目）,首选物理，再选化学
plan_125_96051_23_2024_2073_本科批,125_96051,125,96051,黑龙江,2024,电子信息类,本科 (1),工学 (10),电子信息类 (69),中外合作办学,本科批,物理类,1,四年,75000,（中外合作办学，交大密西根学院，包含机械工程（中外合作办学，电子与计算机工程，中外合作办学，；仅录取有专业志愿的考生）,首选物理，再选化学
plan_125_170754_23_2024_2073_本科批,125_170754,125,170754,黑龙江,2024,人工智能,本科 (1),工学 (10),电子信息类 (69),普通类,本科批,物理类,1,四年,7000,（拔尖英才试点班）,首选物理，再选化学
plan_125_96051_31_2024_3_本科批,125_96051,125,96051,上海,2024,电子信息类,本科 (1),工学 (10),电子信息类 (69),普通类,本科批,综合,2,四年,7000,（IEEE试点班。美国电气和电子工程师协会授权批准的首个试点班，充分利用电子信息与电气工程学院和IEEE协会的教育科研资源开展办学。含计算机科学与技术、信息工程、信息安全、自动化专业。含电子信息类（IEEE试点班，-数学与应用数学双学士学位项目）,物理、化学(2科必选)
plan_125_96051_31_2024_3_本科批,125_96051,125,96051,上海,2024,电子信息类,本科 (1),工学 (10),电子信息类 (69),中外合作办学,本科批,综合,1,四年,75000,（中外合作办学）,物理、化学(2科必选)
plan_125_170754_31_2024_3_本科批,125_170754,125,170754,上海,2024,人工智能,本科 (1),工学 (10),电子信息类 (69),普通类,本科批,综合,1,四年,7000,（卓越人才试点班。依托电子信息与电气工程学院雄厚的教学科研力量，计算机、控制等多个双一流学科共同支撑专业建设；获批国家人工智能产教融合创新平台、国家“人工智能创新型人才国际合作培养项目”；成绩优异且满足直升研究生条件者，可优先进入“吴文俊人工智能荣誉博士班”）,物理、化学(2科必选)
plan_125_170754_31_2024_3_本科批,125_170754,125,170754,上海,2024,人工智能,本科 (1),工学 (10),电子信息类 (69),普通类,本科批,综合,1,四年,7000,（拔尖英才试点班。与上海市、上海人工智能实验室携手共建的特区学院，本科阶段符合条件者全部纳入致远工科荣誉计划与国智计划，实行本研贯通培养）,物理、化学(2科必选)
plan_125_594181_31_2024_3_本科批,125_594181,125,594181,上海,2024,金融学,本科 (1),经济学 (4),金融学类 (37),普通类,本科批,综合,1,四年,6500,（含金融学-计算机科学与技术双学士学位项目）,物理、化学(2科必选)
plan_125_6204_31_2024_3_本科批,125_6204,125,6204,上海,2024,材料科学与工程,本科 (1),工学 (10),材料类 (66),普通类,本科批,综合,4,四年,7000,（徐祖耀荣誉班。含材料科学与工程-应用物理学双学士学位项目。与哈佛大学、牛津大学、西北大学等近20所海外一流高校以学期交换或3+1+X模式联合人才培养）,物理、化学(2科必选)
plan_125_6252_31_2024_3_本科批,125_6252,125,6252,上海,2024,船舶与海洋工程,本科 (1),工学 (10),海洋工程类 (81),普通类,本科批,综合,4,四年,7000,（船舶与海洋工程-数学与应用数学双学士学位班。与挪威科技大学、代尔夫特理工大学、新南威尔士大学、大阪大学、根特大学、巴黎高科等高校开展国际交流合作）,物理、化学(2科必选)
plan_125_96051_31_2024_3_本科批,125_96051,125,96051,上海,2024,电子信息类,本科 (1),工学 (10),电子信息类 (69),普通类,本科批,综合,2,四年,7000,（IEEE试点班。美国电气和电子工程师协会授权批准的首个试点班，充分利用电子信息与电气工程学院和IEEE协会的教育科研资源开展办学。含计算机科学与技术、信息工程、信息安全、自动化专业。含电子信息类（IEEE试点班，-数学与应用数学双学士学位项目）,物理、化学(2科必选)
plan_125_96051_31_2024_3_本科批,125_96051,125,96051,上海,2024,电子信息类,本科 (1),工学 (10),电子信息类 (69),中外合作办学,本科批,综合,1,四年,75000,（中外合作办学）,物理、化学(2科必选)
plan_125_170754_31_2024_3_本科批,125_170754,125,170754,上海,2024,人工智能,本科 (1),工学 (10),电子信息类 (69),普通类,本科批,综合,1,四年,7000,（卓越人才试点班。依托电子信息与电气工程学院雄厚的教学科研力量，计算机、控制等多个双一流学科共同支撑专业建设；获批国家人工智能产教融合创新平台、国家“人工智能创新型人才国际合作培养项目”；成绩优异且满足直升研究生条件者，可优先进入“吴文俊人工智能荣誉博士班”）,物理、化学(2科必选)
plan_125_170754_31_2024_3_本科批,125_170754,125,170754,上海,2024,人工智能,本科 (1),工学 (10),电子信息类 (69),普通类,本科批,综合,1,四年,7000,（拔尖英才试点班。与上海市、上海人工智能实验室携手共建的特区学院，本科阶段符合条件者全部纳入致远工科荣誉计划与国智计划，实行本研贯通培养）,物理、化学(2科必选)
plan_125_594181_31_2024_3_本科批,125_594181,125,594181,上海,2024,金融学,本科 (1),经济学 (4),金融学类 (37),普通类,本科批,综合,1,四年,6500,（含金融学-计算机科学与技术双学士学位项目）,物理、化学(2科必选)
plan_125_6204_31_2024_3_本科批,125_6204,125,6204,上海,2024,材料科学与工程,本科 (1),工学 (10),材料类 (66),普通类,本科批,综合,4,四年,7000,（徐祖耀荣誉班。含材料科学与工程-应用物理学双学士学位项目。与哈佛大学、牛津大学、西北大学等近20所海外一流高校以学期交换或3+1+X模式联合人才培养）,物理、化学(2科必选)
plan_125_6252_31_2024_3_本科批,125_6252,125,6252,上海,2024,船舶与海洋工程,本科 (1),工学 (10),海洋工程类 (81),普通类,本科批,综合,4,四年,7000,（船舶与海洋工程-数学与应用数学双学士学位班。与挪威科技大学、代尔夫特理工大学、新南威尔士大学、大阪大学、根特大学、巴黎高科等高校开展国际交流合作）,物理、化学(2科必选)
plan_125_96051_32_2024_2073_本科批,125_96051,125,96051,江苏,2024,电子信息类,本科 (1),工学 (10),电子信息类 (69),中外合作办学,本科批,物理类,41,四年,75000,（中外合作办学）（交大密西根学院）（只招收有专业志愿的考生）（中外合作办学）,首选物理，再选化学
plan_125_96051_32_2024_2073_本科批,125_96051,125,96051,江苏,2024,电子信息类,本科 (1),工学 (10),电子信息类 (69),中外合作办学,本科批,物理类,3,四年,65000,（中外合作办学）（交大巴黎卓越工程师学院）（只招收有专业志愿的考生）（中外合作办学）,首选物理，再选化学
plan_125_96051_32_2024_2073_本科批,125_96051,125,96051,江苏,2024,电子信息类,本科 (1),工学 (10),电子信息类 (69),中外合作办学,本科批,物理类,41,四年,75000,（中外合作办学）（交大密西根学院）（只招收有专业志愿的考生）（中外合作办学）,首选物理，再选化学
plan_125_96051_32_2024_2073_本科批,125_96051,125,96051,江苏,2024,电子信息类,本科 (1),工学 (10),电子信息类 (69),中外合作办学,本科批,物理类,3,四年,65000,（中外合作办学）（交大巴黎卓越工程师学院）（只招收有专业志愿的考生）（中外合作办学）,首选物理，再选化学
plan_125_170754_32_2024_2073_本科批,125_170754,125,170754,江苏,2024,人工智能,本科 (1),工学 (10),电子信息类 (69),普通类,本科批,物理类,3,四年,7000,（卓越人才试点班）,首选物理，再选化学
plan_125_594181_32_2024_2073_本科批,125_594181,125,594181,江苏,2024,金融学,本科 (1),经济学 (4),金融学类 (37),普通类,本科批,物理类,3,四年,6500,（含金融学+计算机科学与技术双学士学位培养项目）,首选物理，再选化学
plan_125_6204_32_2024_2073_本科批,125_6204,125,6204,江苏,2024,材料科学与工程,本科 (1),工学 (10),材料类 (66),普通类,本科批,物理类,2,四年,7000,（徐祖耀荣誉班）（含材料科学与工程+应用物理学双学士学位培养项目）,首选物理，再选化学
plan_125_6252_32_2024_2073_本科批,125_6252,125,6252,江苏,2024,船舶与海洋工程,本科 (1),工学 (10),海洋工程类 (81),普通类,本科批,物理类,2,四年,7000,（船舶与海洋工程+数学与应用数学双学士学位培养项目）,首选物理，再选化学
plan_125_96051_32_2024_2073_本科批,125_96051,125,96051,江苏,2024,电子信息类,本科 (1),工学 (10),电子信息类 (69),普通类,本科批,物理类,2,四年,7000,（IEEE试点班）（含电子信息类+数学与应用数学双学士学位培养项目）,首选物理，再选化学
plan_125_170754_32_2024_2073_本科批,125_170754,125,170754,江苏,2024,人工智能,本科 (1),工学 (10),电子信息类 (69),普通类,本科批,物理类,1,四年,7000,（拔尖英才试点班）,首选物理，再选化学
plan_125_170754_32_2024_2073_本科批,125_170754,125,170754,江苏,2024,人工智能,本科 (1),工学 (10),电子信息类 (69),普通类,本科批,物理类,3,四年,7000,（卓越人才试点班）,首选物理，再选化学
plan_125_594181_32_2024_2073_本科批,125_594181,125,594181,江苏,2024,金融学,本科 (1),经济学 (4),金融学类 (37),普通类,本科批,物理类,3,四年,6500,（含金融学+计算机科学与技术双学士学位培养项目）,首选物理，再选化学
plan_125_6204_32_2024_2073_本科批,125_6204,125,6204,江苏,2024,材料科学与工程,本科 (1),工学 (10),材料类 (66),普通类,本科批,物理类,2,四年,7000,（徐祖耀荣誉班）（含材料科学与工程+应用物理学双学士学位培养项目）,首选物理，再选化学
plan_125_6252_32_2024_2073_本科批,125_6252,125,6252,江苏,2024,船舶与海洋工程,本科 (1),工学 (10),海洋工程类 (81),普通类,本科批,物理类,2,四年,7000,（船舶与海洋工程+数学与应用数学双学士学位培养项目）,首选物理，再选化学
plan_125_96051_32_2024_2073_本科批,125_96051,125,96051,江苏,2024,电子信息类,本科 (1),工学 (10),电子信息类 (69),普通类,本科批,物理类,2,四年,7000,（IEEE试点班）（含电子信息类+数学与应用数学双学士学位培养项目）,首选物理，再选化学
plan_125_170754_32_2024_2073_本科批,125_170754,125,170754,江苏,2024,人工智能,本科 (1),工学 (10),电子信息类 (69),普通类,本科批,物理类,1,四年,7000,（拔尖英才试点班）,首选物理，再选化学
plan_125_96051_33_2024_3_普通类平行录取,125_96051,125,96051,浙江,2024,电子信息类,本科 (1),工学 (10),电子信息类 (69),普通类,普通类平行录取,综合,4,四年,7000,（IEEE试点班，含双学士学位项目）（含计算机科学与技术、信息工程、信息安全、自动化专业）,
plan_125_170754_33_2024_3_普通类平行录取,125_170754,125,170754,浙江,2024,人工智能,本科 (1),工学 (10),电子信息类 (69),普通类,普通类平行录取,综合,4,四年,7000,（卓越人才试点班）,
plan_125_6235_33_2024_3_普通类平行录取,125_6235,125,6235,浙江,2024,计算机科学与技术,本科 (1),工学 (10),计算机类 (71),普通类,普通类平行录取,综合,1,四年,7000,（ACM班，致远理科荣誉计划）,
plan_125_170754_34_2024_2073_本科批,125_170754,125,170754,安徽,2024,人工智能,本科 (1),工学 (10),电子信息类 (69),普通类,本科批,物理类,4,-,7000,（卓越人才试点班）,首选物理，再选化学
plan_125_96051_34_2024_2073_本科批,125_96051,125,96051,安徽,2024,电子信息类,本科 (1),工学 (10),电子信息类 (69),普通类,本科批,物理类,3,-,7000,（IEEE试点班，含双学士学位项目）（含计算机科学与技术、信息工程、信息安全、自动化;含电子信息类（IEEE试点班》-数学与应用数学双学士学位项目））,首选物理，再选化学
plan_125_96051_34_2024_2073_本科批,125_96051,125,96051,安徽,2024,电子信息类,本科 (1),工学 (10),电子信息类 (69),中外合作办学,本科批,物理类,4,-,75000,（中外合作办学）（交大密西根学院）（含机械工程〈中外合作办学》、电子与计算机工程（中外合作办学）;仅录取有专业志愿的考生））,首选物理，再选化学
plan_125_170754_34_2024_2073_本科批,125_170754,125,170754,安徽,2024,人工智能,本科 (1),工学 (10),电子信息类 (69),普通类,本科批,物理类,4,-,7000,（卓越人才试点班）,首选物理，再选化学
plan_125_96051_34_2024_2073_本科批,125_96051,125,96051,安徽,2024,电子信息类,本科 (1),工学 (10),电子信息类 (69),普通类,本科批,物理类,3,-,7000,（IEEE试点班，含双学士学位项目）（含计算机科学与技术、信息工程、信息安全、自动化;含电子信息类（IEEE试点班》-数学与应用数学双学士学位项目））,首选物理，再选化学
plan_125_594181_34_2024_2073_本科批,125_594181,125,594181,安徽,2024,金融学,本科 (1),经济学 (4),金融学类 (37),普通类,本科批,物理类,2,-,6500,（含金融学、计算机双学士学位项目）（含金融学-计算机科学与技术双学士学位项目））,首选物理，再选化学
plan_125_6204_34_2024_2073_本科批,125_6204,125,6204,安徽,2024,材料科学与工程,本科 (1),工学 (10),材料类 (66),普通类,本科批,物理类,1,-,7000,（徐祖耀荣誉班）（含材料科学与工程-应用物理学双学士学位项目））,首选物理，再选化学
plan_125_96051_34_2024_2073_本科批,125_96051,125,96051,安徽,2024,电子信息类,本科 (1),工学 (10),电子信息类 (69),中外合作办学,本科批,物理类,4,-,75000,（中外合作办学）（交大密西根学院）（含机械工程〈中外合作办学》、电子与计算机工程（中外合作办学）;仅录取有专业志愿的考生））,首选物理，再选化学
plan_125_594181_34_2024_2073_本科批,125_594181,125,594181,安徽,2024,金融学,本科 (1),经济学 (4),金融学类 (37),普通类,本科批,物理类,2,-,6500,（含金融学、计算机双学士学位项目）（含金融学-计算机科学与技术双学士学位项目））,首选物理，再选化学
plan_125_6204_34_2024_2073_本科批,125_6204,125,6204,安徽,2024,材料科学与工程,本科 (1),工学 (10),材料类 (66),普通类,本科批,物理类,1,-,7000,（徐祖耀荣誉班）（含材料科学与工程-应用物理学双学士学位项目））,首选物理，再选化学
plan_125_96039_35_2024_2074_本科批,125_96039,125,96039,福建,2024,英语,本科 (1),文学 (7),外国语言文学类 (48),普通类,本科批,历史类,1,四年,6500,（含双学士学位项目）（含英语一法学双学士学位项目）,首选历史，再选不限
plan_125_96039_35_2024_2074_本科批,125_96039,125,96039,福建,2024,英语,本科 (1),文学 (7),外国语言文学类 (48),普通类,本科批,历史类,1,四年,6500,（含双学士学位项目）（含英语一法学双学士学位项目）,首选历史，再选不限
plan_125_170754_35_2024_2073_本科批,125_170754,125,170754,福建,2024,人工智能,本科 (1),工学 (10),电子信息类 (69),普通类,本科批,物理类,3,四年,7000,（卓越人才试点班）（船舶与海洋工程-数学与应用数学双学士学位班）,首选物理，再选化学
plan_125_594181_35_2024_2073_本科批,125_594181,125,594181,福建,2024,金融学,本科 (1),经济学 (4),金融学类 (37),普通类,本科批,物理类,3,四年,6500,（含金融学、计算机双学士学位项目）（含金融学-计算机科学与技术双学士学位项目。）,首选物理，再选化学
plan_125_96051_35_2024_2073_本科批,125_96051,125,96051,福建,2024,电子信息类,本科 (1),工学 (10),电子信息类 (69),普通类,本科批,物理类,2,四年,7000,（IEEE试点班，含双学士学位项目）（含计算机科学与技术、信息工程、信息安全、自动化。含电子信息类（IEEE试点班）-数学与应用数学双学士学位项目）,首选物理，再选化学
plan_125_6204_35_2024_2073_本科批,125_6204,125,6204,福建,2024,材料科学与工程,本科 (1),工学 (10),材料类 (66),普通类,本科批,物理类,1,四年,7000,（徐祖耀荣誉班）（含材料科学与工程-应用物理学双学士学位项目。）,首选物理，再选化学
plan_125_6252_35_2024_2073_本科批,125_6252,125,6252,福建,2024,船舶与海洋工程,本科 (1),工学 (10),海洋工程类 (81),普通类,本科批,物理类,1,四年,7000,（双学士学位班）,首选物理，再选化学
plan_125_96051_35_2024_2073_本科批,125_96051,125,96051,福建,2024,电子信息类,本科 (1),工学 (10),电子信息类 (69),中外合作办学,本科批,物理类,6,四年,75000,（中外合作办学）（交大密西根学院）（含机械工程（中外合作办学）、电子与计算机工程（中外合作办学）。仅录取有专业志愿的考生。）,首选物理，再选化学
plan_125_170754_35_2024_2073_本科批,125_170754,125,170754,福建,2024,人工智能,本科 (1),工学 (10),电子信息类 (69),普通类,本科批,物理类,3,四年,7000,（卓越人才试点班）（船舶与海洋工程-数学与应用数学双学士学位班）,首选物理，再选化学
plan_125_594181_35_2024_2073_本科批,125_594181,125,594181,福建,2024,金融学,本科 (1),经济学 (4),金融学类 (37),普通类,本科批,物理类,3,四年,6500,（含金融学、计算机双学士学位项目）（含金融学-计算机科学与技术双学士学位项目。）,首选物理，再选化学
plan_125_96051_35_2024_2073_本科批,125_96051,125,96051,福建,2024,电子信息类,本科 (1),工学 (10),电子信息类 (69),普通类,本科批,物理类,2,四年,7000,（IEEE试点班，含双学士学位项目）（含计算机科学与技术、信息工程、信息安全、自动化。含电子信息类（IEEE试点班）-数学与应用数学双学士学位项目）,首选物理，再选化学
plan_125_6204_35_2024_2073_本科批,125_6204,125,6204,福建,2024,材料科学与工程,本科 (1),工学 (10),材料类 (66),普通类,本科批,物理类,1,四年,7000,（徐祖耀荣誉班）（含材料科学与工程-应用物理学双学士学位项目。）,首选物理，再选化学
plan_125_6252_35_2024_2073_本科批,125_6252,125,6252,福建,2024,船舶与海洋工程,本科 (1),工学 (10),海洋工程类 (81),普通类,本科批,物理类,1,四年,7000,（双学士学位班）,首选物理，再选化学
plan_125_96051_35_2024_2073_本科批,125_96051,125,96051,福建,2024,电子信息类,本科 (1),工学 (10),电子信息类 (69),中外合作办学,本科批,物理类,6,四年,75000,（中外合作办学）（交大密西根学院）（含机械工程（中外合作办学）、电子与计算机工程（中外合作办学）。仅录取有专业志愿的考生。）,首选物理，再选化学
plan_125_96051_36_2024_2073_本科批,125_96051,125,96051,江西,2024,电子信息类,本科 (1),工学 (10),电子信息类 (69),普通类,本科批,物理类,2,四年,7000,（IEEE试点班，含双学士学位项目）（计算机科学与技术、信息工程、信息安全、自动化）（含电子信息类（IEEE试点班）-数学与应用数学双学士学位项目）,首选物理，再选化学
plan_125_170754_36_2024_2073_本科批,125_170754,125,170754,江西,2024,人工智能,本科 (1),工学 (10),电子信息类 (69),普通类,本科批,物理类,1,四年,7000,（拔尖英才试点班）,首选物理，再选化学
plan_125_96051_36_2024_2073_本科批,125_96051,125,96051,江西,2024,电子信息类,本科 (1),工学 (10),电子信息类 (69),中外合作办学,本科批,物理类,4,四年,75000,（中外合作办学）（交大密西根学院）（机械工程）（中外合作办学）（、电子与计算机工程）（中外合作办学）（仅录取有专业志愿的考生）,首选物理，再选化学
plan_125_96051_36_2024_2073_本科批,125_96051,125,96051,江西,2024,电子信息类,本科 (1),工学 (10),电子信息类 (69),普通类,本科批,物理类,2,四年,7000,（IEEE试点班，含双学士学位项目）（计算机科学与技术、信息工程、信息安全、自动化）（含电子信息类（IEEE试点班）-数学与应用数学双学士学位项目）,首选物理，再选化学
plan_125_170754_36_2024_2073_本科批,125_170754,125,170754,江西,2024,人工智能,本科 (1),工学 (10),电子信息类 (69),普通类,本科批,物理类,2,四年,7000,（卓越人才试点班）,首选物理，再选化学
plan_125_594181_36_2024_2073_本科批,125_594181,125,594181,江西,2024,金融学,本科 (1),经济学 (4),金融学类 (37),普通类,本科批,物理类,2,四年,6500,（含金融学、计算机双学士学位项目）（含金融学-计算机科学与技术双学士学位项目）,首选物理，再选化学
plan_125_6204_36_2024_2073_本科批,125_6204,125,6204,江西,2024,材料科学与工程,本科 (1),工学 (10),材料类 (66),普通类,本科批,物理类,1,四年,7000,（徐祖耀荣誉班）（含材料科学与工程-应用物理学双学士学位项目）,首选物理，再选化学
plan_125_170754_36_2024_2073_本科批,125_170754,125,170754,江西,2024,人工智能,本科 (1),工学 (10),电子信息类 (69),普通类,本科批,物理类,1,四年,7000,（拔尖英才试点班）,首选物理，再选化学
plan_125_96051_36_2024_2073_本科批,125_96051,125,96051,江西,2024,电子信息类,本科 (1),工学 (10),电子信息类 (69),中外合作办学,本科批,物理类,4,四年,75000,（中外合作办学）（交大密西根学院）（机械工程）（中外合作办学）（、电子与计算机工程）（中外合作办学）（仅录取有专业志愿的考生）,首选物理，再选化学
plan_125_170754_36_2024_2073_本科批,125_170754,125,170754,江西,2024,人工智能,本科 (1),工学 (10),电子信息类 (69),普通类,本科批,物理类,2,四年,7000,（卓越人才试点班）,首选物理，再选化学
plan_125_594181_36_2024_2073_本科批,125_594181,125,594181,江西,2024,金融学,本科 (1),经济学 (4),金融学类 (37),普通类,本科批,物理类,2,四年,6500,（含金融学、计算机双学士学位项目）（含金融学-计算机科学与技术双学士学位项目）,首选物理，再选化学
plan_125_6204_36_2024_2073_本科批,125_6204,125,6204,江西,2024,材料科学与工程,本科 (1),工学 (10),材料类 (66),普通类,本科批,物理类,1,四年,7000,（徐祖耀荣誉班）（含材料科学与工程-应用物理学双学士学位项目）,首选物理，再选化学
plan_125_6225_37_2024_3_普通类一段,125_6225,125,6225,山东,2024,核工程与核技术,本科 (1),工学 (10),核工程类 (84),普通类,普通类一段,综合,10,四年,7000,,
plan_125_96051_37_2024_3_普通类一段,125_96051,125,96051,山东,2024,电子信息类,本科 (1),工学 (10),电子信息类 (69),普通类,普通类一段,综合,4,四年,7000,（IEEE试点班，含双学士学位项目）（计算机科学与技术、信息工程、信息安全、自动化）（含电子信息类（IEEE试点班）-数学与应用数学双学士学位项目）,
plan_125_170754_37_2024_3_普通类一段,125_170754,125,170754,山东,2024,人工智能,本科 (1),工学 (10),电子信息类 (69),普通类,普通类一段,综合,4,四年,7000,（卓越人才试点班）,
plan_125_594181_37_2024_3_普通类一段,125_594181,125,594181,山东,2024,金融学,本科 (1),经济学 (4),金融学类 (37),普通类,普通类一段,综合,3,四年,6500,（含金融学、计算机双学士学位项目）（含金融学-计算机科学与技术双学士学位项目）,
plan_125_170754_37_2024_3_普通类一段,125_170754,125,170754,山东,2024,人工智能,本科 (1),工学 (10),电子信息类 (69),普通类,普通类一段,综合,1,四年,7000,（拔尖英才试点班）,
plan_125_6225_41_2024_1_本科一批,125_6225,125,6225,河南,2024,核工程与核技术,本科 (1),工学 (10),核工程类 (84),普通类,本科一批,理科,10,四年,7000,（单列专业））,
plan_125_96051_41_2024_1_本科一批,125_96051,125,96051,河南,2024,电子信息类,本科 (1),工学 (10),电子信息类 (69),普通类,本科一批,理科,5,四年,7000,（IEEE试点班，含双学士学位项目）（包含专业:计算机科学与技术、信息工程、信息安全、自动化;含电子信息类（IEEE试点班）-数学与应用数学双学士学位项目））,
plan_125_170754_41_2024_1_本科一批,125_170754,125,170754,河南,2024,人工智能,本科 (1),工学 (10),电子信息类 (69),普通类,本科一批,理科,5,四年,7000,（卓越人才试点班）,
plan_125_6204_41_2024_1_本科一批,125_6204,125,6204,河南,2024,材料科学与工程,本科 (1),工学 (10),材料类 (66),普通类,本科一批,理科,2,四年,7000,（徐祖耀荣誉班）（单列专业。含材料科学与工程-应用物理学双学士学位项目））,
plan_125_594181_41_2024_1_本科一批,125_594181,125,594181,河南,2024,金融学,本科 (1),经济学 (4),金融学类 (37),普通类,本科一批,理科,2,四年,6500,（含金融学、计算机双学士学位项目）（含金融学-计算机科学与技术双学士学位项目））,
plan_125_6252_41_2024_1_本科一批,125_6252,125,6252,河南,2024,船舶与海洋工程,本科 (1),工学 (10),海洋工程类 (81),普通类,本科一批,理科,1,四年,7000,（双学士学位班）（单列专业。船舶与海洋工程-数学与应用数学双学士学位班））,
plan_125_96051_42_2024_2073_本科批,125_96051,125,96051,湖北,2024,电子信息类,本科 (1),工学 (10),电子信息类 (69),普通类,本科批,物理类,2,-,7000,（IEEE试点班，含双学士学位项目；计算机科学与技术、信息工程、信息安全、自动化；含电子信息类（IEEE试点班）-数学与应用数学双学士学位项目）,首选物理，再选化学
plan_125_170754_42_2024_2073_本科批,125_170754,125,170754,湖北,2024,人工智能,本科 (1),工学 (10),电子信息类 (69),普通类,本科批,物理类,2,-,7000,（卓越人才试点班）,首选物理，再选化学
plan_125_96051_42_2024_2073_本科批,125_96051,125,96051,湖北,2024,电子信息类,本科 (1),工学 (10),电子信息类 (69),中外合作办学,本科批,物理类,15,-,75000,（中外合作办学）（交大密西根学院；机械工程（中外合作办学）、电子与计算机工程（中外合作办学）;仅录取有专业志愿的考生）,首选物理，再选化学
plan_125_6204_42_2024_2073_本科批,125_6204,125,6204,湖北,2024,材料科学与工程,本科 (1),工学 (10),材料类 (66),普通类,本科批,物理类,2,-,7000,（徐祖耀荣誉班；含材料科学与工程-应用物理学双学士学位项目）,首选物理，再选化学
plan_125_6252_42_2024_2073_本科批,125_6252,125,6252,湖北,2024,船舶与海洋工程,本科 (1),工学 (10),海洋工程类 (81),普通类,本科批,物理类,2,-,7000,（船舶与海洋工程-数学与应用数学双学士学位班）,首选物理，再选化学
plan_125_96051_42_2024_2073_本科批,125_96051,125,96051,湖北,2024,电子信息类,本科 (1),工学 (10),电子信息类 (69),普通类,本科批,物理类,2,-,7000,（IEEE试点班，含双学士学位项目；计算机科学与技术、信息工程、信息安全、自动化；含电子信息类（IEEE试点班）-数学与应用数学双学士学位项目）,首选物理，再选化学
plan_125_96051_42_2024_2073_本科批,125_96051,125,96051,湖北,2024,电子信息类,本科 (1),工学 (10),电子信息类 (69),中外合作办学,本科批,物理类,2,-,65000,（中外合作办学）（巴黎卓越工程师学院；机械工程（中外合作办学）、信息工程（中外合作办学）、能源与动力工程（中外合作办学）;仅录取有专业志愿的考生）,首选物理，再选化学
plan_125_170754_42_2024_2073_本科批,125_170754,125,170754,湖北,2024,人工智能,本科 (1),工学 (10),电子信息类 (69),普通类,本科批,物理类,2,-,7000,（卓越人才试点班）,首选物理，再选化学
plan_125_594181_42_2024_2073_本科批,125_594181,125,594181,湖北,2024,金融学,本科 (1),经济学 (4),金融学类 (37),普通类,本科批,物理类,1,-,6500,（含金融学-计算机科学与技术双学士学位项目）,首选物理，再选化学
plan_125_96051_42_2024_2073_本科批,125_96051,125,96051,湖北,2024,电子信息类,本科 (1),工学 (10),电子信息类 (69),中外合作办学,本科批,物理类,15,-,75000,（中外合作办学）（交大密西根学院；机械工程（中外合作办学）、电子与计算机工程（中外合作办学）;仅录取有专业志愿的考生）,首选物理，再选化学
plan_125_6204_42_2024_2073_本科批,125_6204,125,6204,湖北,2024,材料科学与工程,本科 (1),工学 (10),材料类 (66),普通类,本科批,物理类,2,-,7000,（徐祖耀荣誉班；含材料科学与工程-应用物理学双学士学位项目）,首选物理，再选化学
plan_125_6252_42_2024_2073_本科批,125_6252,125,6252,湖北,2024,船舶与海洋工程,本科 (1),工学 (10),海洋工程类 (81),普通类,本科批,物理类,2,-,7000,（船舶与海洋工程-数学与应用数学双学士学位班）,首选物理，再选化学
plan_125_96051_42_2024_2073_本科批,125_96051,125,96051,湖北,2024,电子信息类,本科 (1),工学 (10),电子信息类 (69),中外合作办学,本科批,物理类,2,-,65000,（中外合作办学）（巴黎卓越工程师学院；机械工程（中外合作办学）、信息工程（中外合作办学）、能源与动力工程（中外合作办学）;仅录取有专业志愿的考生）,首选物理，再选化学
plan_125_594181_42_2024_2073_本科批,125_594181,125,594181,湖北,2024,金融学,本科 (1),经济学 (4),金融学类 (37),普通类,本科批,物理类,1,-,6500,（含金融学-计算机科学与技术双学士学位项目）,首选物理，再选化学
plan_125_96039_43_2024_2074_本科批,125_96039,125,96039,湖南,2024,英语,本科 (1),文学 (7),外国语言文学类 (48),普通类,本科批,历史类,1,四年,6500,（含双学士学位项目）,首选历史，再选不限
plan_125_96039_43_2024_2074_本科批,125_96039,125,96039,湖南,2024,英语,本科 (1),文学 (7),外国语言文学类 (48),普通类,本科批,历史类,1,四年,6500,（含双学士学位项目）,首选历史，再选不限
plan_125_96051_43_2024_2073_本科批,125_96051,125,96051,湖南,2024,电子信息类,本科 (1),工学 (10),电子信息类 (69),普通类,本科批,物理类,2,四年,7000,（IEEE试点班，含双学士学位项目）（包含计算机科学与技术、信息工程、信息安全、自动化；含电子信息类（IEEE试点班）-数学与应用数学双学士学位项目）,首选物理，再选化学
plan_125_170754_43_2024_2073_本科批,125_170754,125,170754,湖南,2024,人工智能,本科 (1),工学 (10),电子信息类 (69),普通类,本科批,物理类,2,四年,7000,（卓越人才试点班）,首选物理，再选化学
plan_125_170754_43_2024_2073_本科批,125_170754,125,170754,湖南,2024,人工智能,本科 (1),工学 (10),电子信息类 (69),普通类,本科批,物理类,1,四年,7000,（拔尖英才试点班）,首选物理，再选化学
plan_125_96051_43_2024_2073_本科批,125_96051,125,96051,湖南,2024,电子信息类,本科 (1),工学 (10),电子信息类 (69),中外合作办学,本科批,物理类,5,四年,75000,（中外合作办学）（交大密西根学院）（包含机械工程（中外合作办学）、电子与计算机工程（中外合作办学））,首选物理，再选化学
plan_125_96051_43_2024_2073_本科批,125_96051,125,96051,湖南,2024,电子信息类,本科 (1),工学 (10),电子信息类 (69),普通类,本科批,物理类,2,四年,7000,（IEEE试点班，含双学士学位项目）（包含计算机科学与技术、信息工程、信息安全、自动化；含电子信息类（IEEE试点班）-数学与应用数学双学士学位项目）,首选物理，再选化学
plan_125_170754_43_2024_2073_本科批,125_170754,125,170754,湖南,2024,人工智能,本科 (1),工学 (10),电子信息类 (69),普通类,本科批,物理类,2,四年,7000,（卓越人才试点班）,首选物理，再选化学
plan_125_6204_43_2024_2073_本科批,125_6204,125,6204,湖南,2024,材料科学与工程,本科 (1),工学 (10),材料类 (66),普通类,本科批,物理类,1,四年,7000,（徐祖耀荣誉班）（含材料科学与工程-应用物理学双学士学位项目）,首选物理，再选化学
plan_125_6252_43_2024_2073_本科批,125_6252,125,6252,湖南,2024,船舶与海洋工程,本科 (1),工学 (10),海洋工程类 (81),普通类,本科批,物理类,1,四年,7000,（双学士学位班）（船舶与海洋工程-数学与应用数学双学士学位班）,首选物理，再选化学
plan_125_170754_43_2024_2073_本科批,125_170754,125,170754,湖南,2024,人工智能,本科 (1),工学 (10),电子信息类 (69),普通类,本科批,物理类,1,四年,7000,（拔尖英才试点班）,首选物理，再选化学
plan_125_594181_43_2024_2073_本科批,125_594181,125,594181,湖南,2024,金融学,本科 (1),经济学 (4),金融学类 (37),普通类,本科批,物理类,1,四年,6500,（含金融学、计算机双学士学位项目）（含金融学-计算机科学与技术双学士学位项目）,首选物理，再选化学
plan_125_96051_43_2024_2073_本科批,125_96051,125,96051,湖南,2024,电子信息类,本科 (1),工学 (10),电子信息类 (69),中外合作办学,本科批,物理类,5,四年,75000,（中外合作办学）（交大密西根学院）（包含机械工程（中外合作办学）、电子与计算机工程（中外合作办学））,首选物理，再选化学
plan_125_6204_43_2024_2073_本科批,125_6204,125,6204,湖南,2024,材料科学与工程,本科 (1),工学 (10),材料类 (66),普通类,本科批,物理类,1,四年,7000,（徐祖耀荣誉班）（含材料科学与工程-应用物理学双学士学位项目）,首选物理，再选化学
plan_125_6252_43_2024_2073_本科批,125_6252,125,6252,湖南,2024,船舶与海洋工程,本科 (1),工学 (10),海洋工程类 (81),普通类,本科批,物理类,1,四年,7000,（双学士学位班）（船舶与海洋工程-数学与应用数学双学士学位班）,首选物理，再选化学
plan_125_594181_43_2024_2073_本科批,125_594181,125,594181,湖南,2024,金融学,本科 (1),经济学 (4),金融学类 (37),普通类,本科批,物理类,1,四年,6500,（含金融学、计算机双学士学位项目）（含金融学-计算机科学与技术双学士学位项目）,首选物理，再选化学
plan_125_96051_44_2024_2073_本科批,125_96051,125,96051,广东,2024,电子信息类,本科 (1),工学 (10),电子信息类 (69),普通类,本科批,物理类,2,四年,7000,（IEEE试点班）（含计算机科学与技术、信息工程、信息安全、自动化专业含“电子信息类IEEE试点班-数学与应用数学”双学士学位；住宿费：待定；办学地点：校本部）,首选物理，再选化学
plan_125_170754_44_2024_2073_本科批,125_170754,125,170754,广东,2024,人工智能,本科 (1),工学 (10),电子信息类 (69),普通类,本科批,物理类,1,四年,7000,（拔尖英才试点班）（住宿费：待定；办学地点：校本部）,首选物理，再选化学
plan_125_594181_44_2024_2073_本科批,125_594181,125,594181,广东,2024,金融学,本科 (1),经济学 (4),金融学类 (37),普通类,本科批,物理类,1,四年,6500,（含“金融学-计算机科学与技术”双学士学位；住宿费：待定；办学地点：校本部）,首选物理，再选化学
plan_125_96051_44_2024_2073_本科批,125_96051,125,96051,广东,2024,电子信息类,本科 (1),工学 (10),电子信息类 (69),中外合作办学,本科批,物理类,46,四年,75000,（中外合作办学）（交大密西根学院）（含机械工程中外合作办学、电子与计算机工程中外合作办学专业；住宿费：待定；办学地点：校本部）,首选物理，再选化学
plan_125_96051_44_2024_2073_本科批,125_96051,125,96051,广东,2024,电子信息类,本科 (1),工学 (10),电子信息类 (69),中外合作办学,本科批,物理类,3,四年,65000,（中外合作办学）（巴黎卓越工程师学院）（含机械工程中外合作办学、信息工程中外合作办学、能源与动力工程中外合作办学专业；住宿费：待定；办学地点：校本部）,首选物理，再选化学
plan_125_6204_44_2024_2073_本科批,125_6204,125,6204,广东,2024,材料科学与工程,本科 (1),工学 (10),材料类 (66),普通类,本科批,物理类,2,四年,7000,（徐祖耀荣誉班）（含“材料科学与工程-应用物理学”双学士学位；住宿费：待定；办学地点：校本部）,首选物理，再选化学
plan_125_6252_44_2024_2073_本科批,125_6252,125,6252,广东,2024,船舶与海洋工程,本科 (1),工学 (10),海洋工程类 (81),普通类,本科批,物理类,2,四年,7000,（“船舶与海洋工程-数学与应用数学”双学士学位班；住宿费：待定；办学地点：校本部）,首选物理，再选化学
plan_125_96051_44_2024_2073_本科批,125_96051,125,96051,广东,2024,电子信息类,本科 (1),工学 (10),电子信息类 (69),普通类,本科批,物理类,2,四年,7000,（IEEE试点班）（含计算机科学与技术、信息工程、信息安全、自动化专业含“电子信息类IEEE试点班-数学与应用数学”双学士学位；住宿费：待定；办学地点：校本部）,首选物理，再选化学
plan_125_170754_44_2024_2073_本科批,125_170754,125,170754,广东,2024,人工智能,本科 (1),工学 (10),电子信息类 (69),普通类,本科批,物理类,2,四年,7000,（卓越人才试点班）（住宿费：待定；办学地点：校本部）,首选物理，再选化学
plan_125_170754_44_2024_2073_本科批,125_170754,125,170754,广东,2024,人工智能,本科 (1),工学 (10),电子信息类 (69),普通类,本科批,物理类,1,四年,7000,（拔尖英才试点班）（住宿费：待定；办学地点：校本部）,首选物理，再选化学
plan_125_594181_44_2024_2073_本科批,125_594181,125,594181,广东,2024,金融学,本科 (1),经济学 (4),金融学类 (37),普通类,本科批,物理类,1,四年,6500,（含“金融学-计算机科学与技术”双学士学位；住宿费：待定；办学地点：校本部）,首选物理，再选化学
plan_125_6204_44_2024_2073_本科批,125_6204,125,6204,广东,2024,材料科学与工程,本科 (1),工学 (10),材料类 (66),普通类,本科批,物理类,2,四年,7000,（徐祖耀荣誉班）（含“材料科学与工程-应用物理学”双学士学位；住宿费：待定；办学地点：校本部）,首选物理，再选化学
plan_125_6252_44_2024_2073_本科批,125_6252,125,6252,广东,2024,船舶与海洋工程,本科 (1),工学 (10),海洋工程类 (81),普通类,本科批,物理类,2,四年,7000,（“船舶与海洋工程-数学与应用数学”双学士学位班；住宿费：待定；办学地点：校本部）,首选物理，再选化学
plan_125_170754_44_2024_2073_本科批,125_170754,125,170754,广东,2024,人工智能,本科 (1),工学 (10),电子信息类 (69),普通类,本科批,物理类,2,四年,7000,（卓越人才试点班）（住宿费：待定；办学地点：校本部）,首选物理，再选化学
plan_125_96051_44_2024_2073_本科批,125_96051,125,96051,广东,2024,电子信息类,本科 (1),工学 (10),电子信息类 (69),中外合作办学,本科批,物理类,46,四年,75000,（中外合作办学）（交大密西根学院）（含机械工程中外合作办学、电子与计算机工程中外合作办学专业；住宿费：待定；办学地点：校本部）,首选物理，再选化学
plan_125_96051_44_2024_2073_本科批,125_96051,125,96051,广东,2024,电子信息类,本科 (1),工学 (10),电子信息类 (69),中外合作办学,本科批,物理类,3,四年,65000,（中外合作办学）（巴黎卓越工程师学院）（含机械工程中外合作办学、信息工程中外合作办学、能源与动力工程中外合作办学专业；住宿费：待定；办学地点：校本部）,首选物理，再选化学
plan_125_594181_45_2024_2073_本科批,125_594181,125,594181,广西,2024,金融学,本科 (1),经济学 (4),金融学类 (37),普通类,本科批,物理类,2,四年,6500,（含金融学-计算机科学与技术双学士学位项目。）,首选物理，再选化学
plan_125_6204_45_2024_2073_本科批,125_6204,125,6204,广西,2024,材料科学与工程,本科 (1),工学 (10),材料类 (66),普通类,本科批,物理类,1,四年,7000,（含材料科学与工程-应用物理学双学士学位项目。）,首选物理，再选化学
plan_125_170754_45_2024_2073_本科批,125_170754,125,170754,广西,2024,人工智能,本科 (1),工学 (10),电子信息类 (69),普通类,本科批,物理类,3,四年,7000,,首选物理，再选化学
plan_125_96051_45_2024_2073_本科批,125_96051,125,96051,广西,2024,电子信息类,本科 (1),工学 (10),电子信息类 (69),普通类,本科批,物理类,2,四年,7000,（含电子信息类（IEEE试点班）-数学与应用数学双学士学位项目。）,首选物理，再选化学
plan_125_594181_45_2024_2073_本科批,125_594181,125,594181,广西,2024,金融学,本科 (1),经济学 (4),金融学类 (37),普通类,本科批,物理类,2,四年,6500,（含金融学-计算机科学与技术双学士学位项目。）,首选物理，再选化学
plan_125_6196_45_2024_2073_本科批,125_6196,125,6196,广西,2024,环境科学与工程,本科 (1),工学 (10),环境科学与工程类 (87),普通类,本科批,物理类,1,四年,7000,（国家专项计划）,首选物理，再选化学
plan_125_6204_45_2024_2073_本科批,125_6204,125,6204,广西,2024,材料科学与工程,本科 (1),工学 (10),材料类 (66),普通类,本科批,物理类,1,四年,7000,（含材料科学与工程-应用物理学双学士学位项目。）,首选物理，再选化学
plan_125_170754_45_2024_2073_本科批,125_170754,125,170754,广西,2024,人工智能,本科 (1),工学 (10),电子信息类 (69),普通类,本科批,物理类,3,四年,7000,,首选物理，再选化学
plan_125_96051_45_2024_2073_本科批,125_96051,125,96051,广西,2024,电子信息类,本科 (1),工学 (10),电子信息类 (69),普通类,本科批,物理类,2,四年,7000,（含电子信息类（IEEE试点班）-数学与应用数学双学士学位项目。）,首选物理，再选化学
plan_125_6196_45_2024_2073_本科批,125_6196,125,6196,广西,2024,环境科学与工程,本科 (1),工学 (10),环境科学与工程类 (87),普通类,本科批,物理类,1,四年,7000,（国家专项计划）,首选物理，再选化学
plan_125_96051_46_2024_3_本科批,125_96051,125,96051,海南,2024,电子信息类,本科 (1),工学 (10),电子信息类 (69),普通类,本科批,综合,1,四年,7000,（IEEE试点班，含双学士学位项目）（包含专业：计算机科学与技术、信息工程、信息安全、自动化；含电子信息类（IEEE试点班）-数学与应用数学双学士学位项目）,物理、化学(2科必选)
plan_125_170754_46_2024_3_本科批,125_170754,125,170754,海南,2024,人工智能,本科 (1),工学 (10),电子信息类 (69),普通类,本科批,综合,1,四年,7000,（卓越人才试点班）,物理、化学(2科必选)
plan_125_594181_46_2024_3_本科批,125_594181,125,594181,海南,2024,金融学,本科 (1),经济学 (4),金融学类 (37),普通类,本科批,综合,1,四年,6500,（含金融学、计算机双学士学位项目）（含金融学-计算机科学与技术双学士学位项目）,物理、化学(2科必选)
plan_125_96051_46_2024_3_本科批,125_96051,125,96051,海南,2024,电子信息类,本科 (1),工学 (10),电子信息类 (69),普通类,本科批,综合,1,四年,7000,（IEEE试点班，含双学士学位项目）（包含专业：计算机科学与技术、信息工程、信息安全、自动化；含电子信息类（IEEE试点班）-数学与应用数学双学士学位项目）,物理、化学(2科必选)
plan_125_170754_46_2024_3_本科批,125_170754,125,170754,海南,2024,人工智能,本科 (1),工学 (10),电子信息类 (69),普通类,本科批,综合,1,四年,7000,（卓越人才试点班）,物理、化学(2科必选)
plan_125_594181_46_2024_3_本科批,125_594181,125,594181,海南,2024,金融学,本科 (1),经济学 (4),金融学类 (37),普通类,本科批,综合,1,四年,6500,（含金融学、计算机双学士学位项目）（含金融学-计算机科学与技术双学士学位项目）,物理、化学(2科必选)
plan_125_170754_50_2024_2073_本科批,125_170754,125,170754,重庆,2024,人工智能,本科 (1),工学 (10),电子信息类 (69),普通类,本科批,物理类,5,四年,7000,（卓越人才试点班）,
plan_125_96051_50_2024_2073_本科批,125_96051,125,96051,重庆,2024,电子信息类,本科 (1),工学 (10),电子信息类 (69),普通类,本科批,物理类,3,四年,7000,"（IEEE试点班,含双学士学位项目）（包含专业：计算机科学与技术、信息工程、信息安全、自动化）（含电子信息类（IEEE试点班）-数学与应用数学双学士学位项目。）",
plan_125_594181_50_2024_2073_本科批,125_594181,125,594181,重庆,2024,金融学,本科 (1),经济学 (4),金融学类 (37),普通类,本科批,物理类,3,四年,6500,（含金融学、计算机双学士学位项目）（含金融学-计算机科学与技术双学士学位项目）,
plan_125_6235_50_2024_2073_本科批,125_6235,125,6235,重庆,2024,计算机科学与技术,本科 (1),工学 (10),计算机类 (71),普通类,本科批,物理类,1,四年,7000,（John班，致远理科荣誉计划）,
plan_125_96051_51_2024_1_本科一批,125_96051,125,96051,四川,2024,电子信息类,本科 (1),工学 (10),电子信息类 (69),普通类,本科一批,理科,4,四年,7000,（IEEE试点班，含双学士学位项目）（包含专业：计算机科学与技术、信息工程、信息安全、自动化）（含电子信息类（IEEE试点班）-数学与应用数学双学士学位项目）,
plan_125_170754_51_2024_1_本科一批,125_170754,125,170754,四川,2024,人工智能,本科 (1),工学 (10),电子信息类 (69),普通类,本科一批,理科,3,四年,7000,（卓越人才试点班）,
plan_125_96051_51_2024_1_本科一批,125_96051,125,96051,四川,2024,电子信息类,本科 (1),工学 (10),电子信息类 (69),中外合作办学,本科一批,理科,2,四年,75000,（中外合作办学）（交大密西根学院）（包含专业：机械工程（中外合作办学）、电子与计算机工程（中外合作办学））（仅录取有专业志愿的考生）(工科试验班),
plan_125_96051_51_2024_1_本科一批,125_96051,125,96051,四川,2024,电子信息类,本科 (1),工学 (10),电子信息类 (69),中外合作办学,本科一批,理科,1,四年,75000,（中外合作办学）（交大密西根学院，免学费计划）（包含专业：机械工程（中外合作办学）、电子与计算机工程（中外合作办学））（仅录取有专业志愿的考生）,
plan_125_594181_51_2024_1_本科一批,125_594181,125,594181,四川,2024,金融学,本科 (1),经济学 (4),金融学类 (37),普通类,本科一批,理科,1,四年,6500,（含金融学、计算机双学士学位项目）（包含专业：金融学、计算机科学与技术）（含金融学-计算机科学与技术双学士学位项目）(工科试验班),
plan_125_170754_52_2024_2073_本科批,125_170754,125,170754,贵州,2024,人工智能,本科 (1),工学 (10),电子信息类 (69),普通类,本科批,物理类,3,四年,7000,（卓越人才试点班）,
plan_125_96051_52_2024_2073_本科批,125_96051,125,96051,贵州,2024,电子信息类,本科 (1),工学 (10),电子信息类 (69),普通类,本科批,物理类,2,四年,7000,（IEEE试点班，含双学士学位项目）（包含计算机科学与技术、信息工程、信息安全、自动化；含电子信息类（IEEE试点班）-数学与应用数学双学士学位项目）,
plan_125_6208_52_2024_2073_本科批,125_6208,125,6208,贵州,2024,工业设计,本科 (1),工学 (10),机械类 (64),普通类,本科批,物理类,1,四年,7000,（国家专项计划）,
plan_125_6196_52_2024_2073_本科提前批B段,125_6196,125,6196,贵州,2024,环境科学与工程,本科 (1),工学 (10),环境科学与工程类 (87),普通类,本科提前批B段,物理类,1,4,7000,（上海）（高校专项）,
plan_125_96051_53_2024_1_本科一批,125_96051,125,96051,云南,2024,电子信息类,本科 (1),工学 (10),电子信息类 (69),中外合作办学,本科一批,理科,2,四年,75000,（中外合作办学）（交大密西根学院）（包含专业:机械工程、电子与计算机工程）（仅录取有专业志愿的考生）,
plan_125_170754_53_2024_1_本科一批,125_170754,125,170754,云南,2024,人工智能,本科 (1),工学 (10),电子信息类 (69),普通类,本科一批,理科,2,四年,7000,（卓越人才试点班）,
plan_125_6204_53_2024_1_本科一批,125_6204,125,6204,云南,2024,材料科学与工程,本科 (1),工学 (10),材料类 (66),普通类,本科一批,理科,1,四年,7000,（徐膻祖耀荣誉班）（含材料科学与工程-应用物理学双学士学位项目）,
plan_125_96051_53_2024_1_本科一批,125_96051,125,96051,云南,2024,电子信息类,本科 (1),工学 (10),电子信息类 (69),普通类,本科一批,理科,1,四年,7000,（（IEEE试点班，含双学士学位项目含专业:计算机科学与技术、信息工程、信息安全、自动化）含电子信息类（IEEE试点班）-数学与应用数学双学士学位项目）,
plan_125_594181_53_2024_1_本科一批,125_594181,125,594181,云南,2024,金融学,本科 (1),经济学 (4),金融学类 (37),普通类,本科一批,理科,1,四年,6500,（含金融学、计算机双学士学位项目）（含金融学-计算机科学与技术双学士学位项目）,
plan_125_1801715_54_2024_1_本科一批,125_1801715,125,1801715,西藏,2024,智慧能源工程,本科 (1),工学 (10),电气类 (68),普通类,本科一批,理科,2,四年,7000,（定向）（不报不录。委托单位：国家电力投资集团有限公司。考生须签署委托培养定向生合同书。产教融合培养班，回生源地国家电投企业工作。）,
plan_125_96039_61_2024_2_本科一批,125_96039,125,96039,陕西,2024,英语,本科 (1),文学 (7),外国语言文学类 (48),普通类,本科一批,文科,1,四年,6500,（国家专项计划）,
plan_125_96051_61_2024_1_本科一批,125_96051,125,96051,陕西,2024,电子信息类,本科 (1),工学 (10),电子信息类 (69),普通类,本科一批,理科,2,-,7000,（IEEE试点班，含双学士学位项目）（计算机科学与技术、信息工程、信息安全、自动化）（含电子信息类（IEEE试点班）-数学与应用数学双学士学位项目）,
plan_125_170754_61_2024_1_本科一批,125_170754,125,170754,陕西,2024,人工智能,本科 (1),工学 (10),电子信息类 (69),普通类,本科一批,理科,2,-,7000,（卓越人才试点班）,
plan_125_96051_61_2024_1_本科一批,125_96051,125,96051,陕西,2024,电子信息类,本科 (1),工学 (10),电子信息类 (69),中外合作办学,本科一批,理科,1,-,75000,（交大密西根学院）（机械工程、电子与计算机工程（仅录取有专业志愿的考生）（试验班类）（中外合作办学）,
plan_125_594181_61_2024_1_本科一批,125_594181,125,594181,陕西,2024,金融学,本科 (1),经济学 (4),金融学类 (37),普通类,本科一批,理科,1,-,6500,（含金融学、计算机双学士学位项目）（含金融学-计算机科学与技术双学士学位项目）,
plan_125_170754_62_2024_2073_本科批C段,125_170754,125,170754,甘肃,2024,人工智能,本科 (1),工学 (10),电子信息类 (69),普通类,本科批C段,物理类,2,四年,7000,（卓越人才试点班）,首选物理，再选化学
plan_125_96051_62_2024_2073_本科批C段,125_96051,125,96051,甘肃,2024,电子信息类,本科 (1),工学 (10),电子信息类 (69),普通类,本科批C段,物理类,1,四年,7000,（计算机科学与技术、信息工程、信息安全、自动化，IEEE试点班，含双学士学位项目，含电子信息类（IEEE试点班）-数学与应用数学双学士学位项目）,首选物理，再选化学
plan_125_170754_62_2024_2073_本科批C段,125_170754,125,170754,甘肃,2024,人工智能,本科 (1),工学 (10),电子信息类 (69),普通类,本科批C段,物理类,2,四年,7000,（卓越人才试点班）,首选物理，再选化学
plan_125_96051_62_2024_2073_本科批C段,125_96051,125,96051,甘肃,2024,电子信息类,本科 (1),工学 (10),电子信息类 (69),普通类,本科批C段,物理类,1,四年,7000,（计算机科学与技术、信息工程、信息安全、自动化，IEEE试点班，含双学士学位项目，含电子信息类（IEEE试点班）-数学与应用数学双学士学位项目）,首选物理，再选化学
plan_125_96051_63_2024_1_本科一段,125_96051,125,96051,青海,2024,电子信息类,本科 (1),工学 (10),电子信息类 (69),普通类,本科一段,理科,1,-,7000,（IEEE试点班，含双学士学位项目）(包含专业：计算机科学与技术、信息工程、信息安全、自动化含电子信息类（IEEE试点班）-数学与应用数学双学士学位项目）,
plan_125_170754_63_2024_1_本科一段,125_170754,125,170754,青海,2024,人工智能,本科 (1),工学 (10),电子信息类 (69),普通类,本科一段,理科,1,-,7000,（卓越人才试点班）,
plan_125_594181_63_2024_1_本科一段,125_594181,125,594181,青海,2024,金融学,本科 (1),经济学 (4),金融学类 (37),普通类,本科一段,理科,1,-,6500,（含金融学-计算机科学与技术双学士学位项目）,
plan_125_96051_64_2024_1_本科一批,125_96051,125,96051,宁夏,2024,电子信息类,本科 (1),工学 (10),电子信息类 (69),普通类,本科一批,理科,2,-,,（IEEE试点班，含双学士学位项目）,
plan_125_170754_64_2024_1_本科一批,125_170754,125,170754,宁夏,2024,人工智能,本科 (1),工学 (10),电子信息类 (69),普通类,本科一批,理科,1,-,,（卓越人才试点班）,
plan_125_594181_64_2024_1_本科一批,125_594181,125,594181,宁夏,2024,金融学,本科 (1),经济学 (4),金融学类 (37),普通类,本科一批,理科,1,-,,（含金融学、计算机双学士学位项目）,
plan_125_96051_65_2024_1_本科一批,125_96051,125,96051,新疆,2024,电子信息类,本科 (1),工学 (10),电子信息类 (69),普通类,本科一批,理科,1,四年,7000,（计算机科学与技术、信息工程、信息安全、自动化）（含电子信息类（IEEE试点班）-数学与应用数学双学士学位项目）（IEEE试点班）,
plan_125_170754_65_2024_1_本科一批,125_170754,125,170754,新疆,2024,人工智能,本科 (1),工学 (10),电子信息类 (69),普通类,本科一批,理科,1,四年,7000,（卓越人才试点班）,
plan_125_594181_65_2024_1_本科一批,125_594181,125,594181,新疆,2024,金融学,本科 (1),经济学 (4),金融学类 (37),普通类,本科一批,理科,1,四年,6500,（含金融学-计算机科学与技术双学士学位项目）,
