score_id,special_unique_id,school_id,special_id,province,year,sp_name,level1_name,level2_name,level3_name,zslx_name,local_batch_name,type,min,max,average,min_section,info,sg_info
score_128_6533_11_2022_3_本科批,128_6533,128,6533,北京,2022,信息管理与信息系统,本科 (1),管理学 (13),管理科学与工程类 (112),普通类,本科批,综合,593,593,593,9695,,物理必选
score_128_6498_11_2022_3_本科批,128_6498,128,6498,北京,2022,工业设计,本科 (1),工学 (10),机械类 (64),普通类,本科批,综合,590,592,591,10139,,物理必选
score_128_185500_11_2022_3_本科批,128_185500,128,185500,北京,2022,车辆工程,本科 (1),工学 (10),机械类 (64),中外合作办学,本科批,综合,578,591,584,12007,,物理必选
score_128_185501_11_2022_3_本科批,128_185501,128,185501,北京,2022,金融学,本科 (1),经济学 (4),金融学类 (37),中外合作办学,本科批,综合,572,578,575,12957,,不限
score_128_6533_11_2022_3_本科批,128_6533,128,6533,北京,2022,信息管理与信息系统,本科 (1),管理学 (13),管理科学与工程类 (112),普通类,本科批,综合,593,593,593,9695,,物理必选
score_128_6498_11_2022_3_本科批,128_6498,128,6498,北京,2022,工业设计,本科 (1),工学 (10),机械类 (64),普通类,本科批,综合,590,592,591,10139,,物理必选
score_128_185501_11_2022_3_本科批,128_185501,128,185501,北京,2022,金融学,本科 (1),经济学 (4),金融学类 (37),中外合作办学,本科批,综合,572,578,575,12957,,不限
score_128_185500_11_2022_3_本科批,128_185500,128,185500,北京,2022,车辆工程,本科 (1),工学 (10),机械类 (64),中外合作办学,本科批,综合,578,591,584,12007,,物理必选
score_128_6503_12_2022_3_本科批A段,128_6503,128,6503,天津,2022,机械设计制造及其自动化,本科 (1),工学 (10),机械类 (64),普通类,本科批A段,综合,646,0,0,5557,,物理必选
score_128_6533_12_2022_3_本科批A段,128_6533,128,6533,天津,2022,信息管理与信息系统,本科 (1),管理学 (13),管理科学与工程类 (112),普通类,本科批A段,综合,645,0,0,5690,,物理必选
score_128_6496_12_2022_3_本科批A段,128_6496,128,6496,天津,2022,材料成型及控制工程,本科 (1),工学 (10),机械类 (64),普通类,本科批A段,综合,643,0,0,6024,,物理必选
score_128_6503_12_2022_3_本科批A段,128_6503,128,6503,天津,2022,机械设计制造及其自动化,本科 (1),工学 (10),机械类 (64),普通类,本科批A段,综合,646,0,0,5557,,物理必选
score_128_6533_12_2022_3_本科批A段,128_6533,128,6533,天津,2022,信息管理与信息系统,本科 (1),管理学 (13),管理科学与工程类 (112),普通类,本科批A段,综合,645,0,0,5690,,物理必选
score_128_6496_12_2022_3_本科批A段,128_6496,128,6496,天津,2022,材料成型及控制工程,本科 (1),工学 (10),机械类 (64),普通类,本科批A段,综合,643,0,0,6024,,物理必选
score_128_6527_12_2022_3_本科批A段,128_6527,128,6527,天津,2022,海事管理,本科 (1),管理学 (13),公共管理类 (115),普通类,本科批A段,综合,639,0,0,6734,,不限
score_128_6484_12_2022_3_本科批A段,128_6484,128,6484,天津,2022,地理信息科学,本科 (1),理学 (9),地理科学类 (55),普通类,本科批A段,综合,638,0,0,6890,,物理/化学(2选1)
score_128_185501_12_2022_3_本科批A段,128_185501,128,185501,天津,2022,金融学,本科 (1),经济学 (4),金融学类 (37),中外合作办学,本科批A段,综合,638,0,0,6890,,不限
score_128_185500_12_2022_3_本科批A段,128_185500,128,185500,天津,2022,车辆工程,本科 (1),工学 (10),机械类 (64),中外合作办学,本科批A段,综合,633,0,0,7774,,物理必选
score_128_6527_12_2022_3_本科批A段,128_6527,128,6527,天津,2022,海事管理,本科 (1),管理学 (13),公共管理类 (115),普通类,本科批A段,综合,639,0,0,6734,,不限
score_128_185501_12_2022_3_本科批A段,128_185501,128,185501,天津,2022,金融学,本科 (1),经济学 (4),金融学类 (37),中外合作办学,本科批A段,综合,638,0,0,6890,,不限
score_128_6484_12_2022_3_本科批A段,128_6484,128,6484,天津,2022,地理信息科学,本科 (1),理学 (9),地理科学类 (55),普通类,本科批A段,综合,638,0,0,6890,,物理/化学(2选1)
score_128_185500_12_2022_3_本科批A段,128_185500,128,185500,天津,2022,车辆工程,本科 (1),工学 (10),机械类 (64),中外合作办学,本科批A段,综合,633,0,0,7774,,物理必选
score_128_6554_13_2022_2074_本科批,128_6554,128,6554,河北,2022,思想政治教育,本科 (1),法学 (5),马克思主义理论类 (43),普通类,本科批,历史类,597,0,0,2445,,
score_128_185501_13_2022_2074_本科批,128_185501,128,185501,河北,2022,金融学,本科 (1),经济学 (4),金融学类 (37),中外合作办学,本科批,历史类,591,0,0,3155,,
score_128_1864816_13_2022_2073_本科批,128_1864816,128,1864816,河北,2022,机械工程,本科 (1),工学 (10),机械类 (64),普通类,本科批,物理类,603,0,0,8730,,
score_128_6503_13_2022_2073_本科批,128_6503,128,6503,河北,2022,机械设计制造及其自动化,本科 (1),工学 (10),机械类 (64),普通类,本科批,物理类,600,0,0,9823,,
score_128_6533_13_2022_2073_本科批,128_6533,128,6533,河北,2022,信息管理与信息系统,本科 (1),管理学 (13),管理科学与工程类 (112),普通类,本科批,物理类,600,0,0,9823,,
score_128_1129671_13_2022_2073_本科批,128_1129671,128,1129671,河北,2022,导航工程,本科 (1),工学 (10),测绘类 (74),普通类,本科批,物理类,596,0,0,11399,,
score_128_6484_13_2022_2073_本科批,128_6484,128,6484,河北,2022,地理信息科学,本科 (1),理学 (9),地理科学类 (55),普通类,本科批,物理类,591,0,0,13583,,
score_128_185501_13_2022_2073_本科批,128_185501,128,185501,河北,2022,金融学,本科 (1),经济学 (4),金融学类 (37),中外合作办学,本科批,物理类,585,0,0,16469,,
score_128_185500_13_2022_2073_本科批,128_185500,128,185500,河北,2022,车辆工程,本科 (1),工学 (10),机械类 (64),中外合作办学,本科批,物理类,575,0,0,22143,,
score_128_6554_14_2022_2_本科一批A段,128_6554,128,6554,山西,2022,思想政治教育,本科 (1),法学 (5),马克思主义理论类 (43),普通类,本科一批A段,文科,560,0,560,1549,,
score_128_6503_14_2022_1_本科一批A段,128_6503,128,6503,山西,2022,机械设计制造及其自动化,本科 (1),工学 (10),机械类 (64),普通类,本科一批A段,理科,575,0,576,6336,,
score_128_6533_14_2022_1_本科一批A段,128_6533,128,6533,山西,2022,信息管理与信息系统,本科 (1),管理学 (13),管理科学与工程类 (112),普通类,本科一批A段,理科,575,0,576,6336,,
score_128_1129671_14_2022_1_本科一批A段,128_1129671,128,1129671,山西,2022,导航工程,本科 (1),工学 (10),测绘类 (74),普通类,本科一批A段,理科,575,0,575,6336,,
score_128_6527_14_2022_1_本科一批A段,128_6527,128,6527,山西,2022,海事管理,本科 (1),管理学 (13),公共管理类 (115),普通类,本科一批A段,理科,571,0,571,7198,,
score_128_6498_14_2022_1_本科一批A段,128_6498,128,6498,山西,2022,工业设计,本科 (1),工学 (10),机械类 (64),普通类,本科一批A段,理科,570,0,573,7421,,
score_128_6546_14_2022_1_本科一批A段,128_6546,128,6546,山西,2022,应用化学,本科 (1),理学 (9),化学类 (53),普通类,本科一批A段,理科,569,0,571,7648,,
score_128_6496_14_2022_1_本科一批A段,128_6496,128,6496,山西,2022,材料成型及控制工程,本科 (1),工学 (10),机械类 (64),普通类,本科一批A段,理科,569,0,570,7648,,
score_128_6484_14_2022_1_本科一批A段,128_6484,128,6484,山西,2022,地理信息科学,本科 (1),理学 (9),地理科学类 (55),普通类,本科一批A段,理科,568,0,570,7870,,
score_128_6503_15_2022_1_本科一批,128_6503,128,6503,内蒙古,2022,机械设计制造及其自动化,本科 (1),工学 (10),机械类 (64),普通类,本科一批,理科,565,569,0,3826,,
score_128_1129671_15_2022_1_本科一批,128_1129671,128,1129671,内蒙古,2022,导航工程,本科 (1),工学 (10),测绘类 (74),普通类,本科一批,理科,555,556,0,4864,,
score_128_6496_15_2022_1_本科一批,128_6496,128,6496,内蒙古,2022,材料成型及控制工程,本科 (1),工学 (10),机械类 (64),普通类,本科一批,理科,546,549,0,5875,,
score_128_6533_15_2022_1_本科一批,128_6533,128,6533,内蒙古,2022,信息管理与信息系统,本科 (1),管理学 (13),管理科学与工程类 (112),普通类,本科一批,理科,545,545,0,5995,,
score_128_6546_15_2022_1_本科一批,128_6546,128,6546,内蒙古,2022,应用化学,本科 (1),理学 (9),化学类 (53),普通类,本科一批,理科,543,543,0,6232,,
score_128_185500_15_2022_1_本科一批,128_185500,128,185500,内蒙古,2022,车辆工程,本科 (1),工学 (10),机械类 (64),中外合作办学,本科一批,理科,541,545,0,6514,,
score_128_6484_15_2022_1_本科一批,128_6484,128,6484,内蒙古,2022,地理信息科学,本科 (1),理学 (9),地理科学类 (55),普通类,本科一批,理科,540,549,0,6657,,
score_128_185501_15_2022_1_本科一批,128_185501,128,185501,内蒙古,2022,金融学,本科 (1),经济学 (4),金融学类 (37),中外合作办学,本科一批,理科,533,557,0,7727,,
score_128_6554_15_2022_2_本科一批,128_6554,128,6554,内蒙古,2022,思想政治教育,本科 (1),法学 (5),马克思主义理论类 (43),普通类,本科一批,文科,551,551,0,897,,
score_128_6528_15_2022_1_本科提前批A段,128_6528,128,6528,内蒙古,2022,轮机工程,本科 (1),工学 (10),交通运输类 (80),普通类,本科提前批A段,理科,525,538,0,8955,,
score_128_6526_15_2022_1_本科提前批A段,128_6526,128,6526,内蒙古,2022,航海技术,本科 (1),工学 (10),交通运输类 (80),普通类,本科提前批A段,理科,509,523,0,11595,,
score_128_6503_21_2022_2073_本科批,128_6503,128,6503,辽宁,2022,机械设计制造及其自动化,本科 (1),工学 (10),机械类 (64),普通类,本科批,物理类,608,0,0,7551,,
score_128_6533_21_2022_2073_本科批,128_6533,128,6533,辽宁,2022,信息管理与信息系统,本科 (1),管理学 (13),管理科学与工程类 (112),普通类,本科批,物理类,603,0,0,8737,,
score_128_6496_21_2022_2073_本科批,128_6496,128,6496,辽宁,2022,材料成型及控制工程,本科 (1),工学 (10),机械类 (64),普通类,本科批,物理类,601,0,0,9174,,
score_128_6498_21_2022_2073_本科批,128_6498,128,6498,辽宁,2022,工业设计,本科 (1),工学 (10),机械类 (64),普通类,本科批,物理类,601,0,0,9174,,
score_128_6503_22_2022_1_本科一批A段,128_6503,128,6503,吉林,2022,机械设计制造及其自动化,本科 (1),工学 (10),机械类 (64),普通类,本科一批A段,理科,563,566,564,5343,,
score_128_1129671_22_2022_1_本科一批A段,128_1129671,128,1129671,吉林,2022,导航工程,本科 (1),工学 (10),测绘类 (74),普通类,本科一批A段,理科,563,564,564,5343,,
score_128_6533_22_2022_1_本科一批A段,128_6533,128,6533,吉林,2022,信息管理与信息系统,本科 (1),管理学 (13),管理科学与工程类 (112),普通类,本科一批A段,理科,561,565,563,5598,,
score_128_6484_22_2022_1_本科一批A段,128_6484,128,6484,吉林,2022,地理信息科学,本科 (1),理学 (9),地理科学类 (55),普通类,本科一批A段,理科,560,565,563,5728,,
score_128_6498_22_2022_1_本科一批A段,128_6498,128,6498,吉林,2022,工业设计,本科 (1),工学 (10),机械类 (64),普通类,本科一批A段,理科,558,558,558,5982,,
score_128_6496_22_2022_1_本科一批A段,128_6496,128,6496,吉林,2022,材料成型及控制工程,本科 (1),工学 (10),机械类 (64),普通类,本科一批A段,理科,555,557,556,6444,,
score_128_6554_22_2022_2_本科一批A段,128_6554,128,6554,吉林,2022,思想政治教育,本科 (1),法学 (5),马克思主义理论类 (43),普通类,本科一批A段,文科,541,541,541,1589,,
score_128_6528_23_2022_1_提前批,128_6528,128,6528,黑龙江,2022,轮机工程,本科 (1),工学 (10),交通运输类 (80),普通类,提前批,理科,481,520,0,21082,（身高1.65米以上，体检有要求）,
score_128_6526_23_2022_1_提前批,128_6526,128,6526,黑龙江,2022,航海技术,本科 (1),工学 (10),交通运输类 (80),普通类,提前批,理科,468,510,0,24958,（身高1.65米以上，体检有要求）,
score_128_1129671_23_2022_1_本科一批A段,128_1129671,128,1129671,黑龙江,2022,导航工程,本科 (1),工学 (10),测绘类 (74),普通类,本科一批A段,理科,559,559,0,5051,,
score_128_6533_23_2022_1_本科一批A段,128_6533,128,6533,黑龙江,2022,信息管理与信息系统,本科 (1),管理学 (13),管理科学与工程类 (112),普通类,本科一批A段,理科,555,555,0,5563,,
score_128_6484_23_2022_1_本科一批A段,128_6484,128,6484,黑龙江,2022,地理信息科学,本科 (1),理学 (9),地理科学类 (55),普通类,本科一批A段,理科,552,554,0,5983,,
score_128_6496_23_2022_1_本科一批A段,128_6496,128,6496,黑龙江,2022,材料成型及控制工程,本科 (1),工学 (10),机械类 (64),普通类,本科一批A段,理科,549,550,0,6421,,
score_128_6546_23_2022_1_本科一批A段,128_6546,128,6546,黑龙江,2022,应用化学,本科 (1),理学 (9),化学类 (53),普通类,本科一批A段,理科,548,548,0,6589,,
score_128_6554_23_2022_2_本科一批A段,128_6554,128,6554,黑龙江,2022,思想政治教育,本科 (1),法学 (5),马克思主义理论类 (43),普通类,本科一批A段,文科,544,544,0,1282,,
score_128_6496_32_2022_2073_本科批,128_6496,128,6496,江苏,2022,材料成型及控制工程,本科 (1),工学 (10),机械类 (64),普通类,本科批,物理类,602,604,0,12732,,首选物理，再选不限
score_128_6533_32_2022_2073_本科批,128_6533,128,6533,江苏,2022,信息管理与信息系统,本科 (1),管理学 (13),管理科学与工程类 (112),普通类,本科批,物理类,601,604,0,13255,,首选物理，再选不限
score_128_6503_32_2022_2073_本科批,128_6503,128,6503,江苏,2022,机械设计制造及其自动化,本科 (1),工学 (10),机械类 (64),普通类,本科批,物理类,599,603,0,14349,,首选物理，再选不限
score_128_6498_32_2022_2073_本科批,128_6498,128,6498,江苏,2022,工业设计,本科 (1),工学 (10),机械类 (64),普通类,本科批,物理类,597,599,0,15470,,首选物理，再选不限
score_128_6527_32_2022_2073_本科批,128_6527,128,6527,江苏,2022,海事管理,本科 (1),管理学 (13),公共管理类 (115),普通类,本科批,物理类,595,596,0,16679,,首选物理，再选不限
score_128_6546_32_2022_2073_本科批,128_6546,128,6546,江苏,2022,应用化学,本科 (1),理学 (9),化学类 (53),普通类,本科批,物理类,580,592,0,27305,,首选物理，再选化学
score_128_6496_32_2022_2073_本科批,128_6496,128,6496,江苏,2022,材料成型及控制工程,本科 (1),工学 (10),机械类 (64),普通类,本科批,物理类,602,604,0,12732,,首选物理，再选不限
score_128_6533_32_2022_2073_本科批,128_6533,128,6533,江苏,2022,信息管理与信息系统,本科 (1),管理学 (13),管理科学与工程类 (112),普通类,本科批,物理类,601,604,0,13255,,首选物理，再选不限
score_128_6503_32_2022_2073_本科批,128_6503,128,6503,江苏,2022,机械设计制造及其自动化,本科 (1),工学 (10),机械类 (64),普通类,本科批,物理类,599,603,0,14349,,首选物理，再选不限
score_128_6498_32_2022_2073_本科批,128_6498,128,6498,江苏,2022,工业设计,本科 (1),工学 (10),机械类 (64),普通类,本科批,物理类,597,599,0,15470,,首选物理，再选不限
score_128_6527_32_2022_2073_本科批,128_6527,128,6527,江苏,2022,海事管理,本科 (1),管理学 (13),公共管理类 (115),普通类,本科批,物理类,595,596,0,16679,,首选物理，再选不限
score_128_6546_32_2022_2073_本科批,128_6546,128,6546,江苏,2022,应用化学,本科 (1),理学 (9),化学类 (53),普通类,本科批,物理类,580,592,0,27305,,首选物理，再选化学
score_128_6554_33_2022_3_平行录取一段,128_6554,128,6554,浙江,2022,思想政治教育,本科 (1),法学 (5),马克思主义理论类 (43),普通类,平行录取一段,综合,640,0,0,13400,,
score_128_1864816_33_2022_3_平行录取一段,128_1864816,128,1864816,浙江,2022,机械工程,本科 (1),工学 (10),机械类 (64),普通类,平行录取一段,综合,639,0,0,13928,,
score_128_6503_33_2022_3_平行录取一段,128_6503,128,6503,浙江,2022,机械设计制造及其自动化,本科 (1),工学 (10),机械类 (64),普通类,平行录取一段,综合,636,0,0,16066,,
score_128_185501_33_2022_3_平行录取一段,128_185501,128,185501,浙江,2022,金融学,本科 (1),经济学 (4),金融学类 (37),中外合作办学,平行录取一段,综合,636,0,0,15950,,
score_128_6484_33_2022_3_平行录取一段,128_6484,128,6484,浙江,2022,地理信息科学,本科 (1),理学 (9),地理科学类 (55),普通类,平行录取一段,综合,635,0,0,16285,,
score_128_6527_33_2022_3_平行录取一段,128_6527,128,6527,浙江,2022,海事管理,本科 (1),管理学 (13),公共管理类 (115),普通类,平行录取一段,综合,635,0,0,16667,,
score_128_6496_33_2022_3_平行录取一段,128_6496,128,6496,浙江,2022,材料成型及控制工程,本科 (1),工学 (10),机械类 (64),普通类,平行录取一段,综合,633,0,0,17540,,
score_128_6546_33_2022_3_平行录取一段,128_6546,128,6546,浙江,2022,应用化学,本科 (1),理学 (9),化学类 (53),普通类,平行录取一段,综合,631,0,0,19265,,
score_128_1129671_33_2022_3_平行录取一段,128_1129671,128,1129671,浙江,2022,导航工程,本科 (1),工学 (10),测绘类 (74),普通类,平行录取一段,综合,631,0,0,18912,,
score_128_185500_33_2022_3_平行录取一段,128_185500,128,185500,浙江,2022,车辆工程,本科 (1),工学 (10),机械类 (64),中外合作办学,平行录取一段,综合,627,0,0,21967,,
score_128_6554_34_2022_2_本科一批,128_6554,128,6554,安徽,2022,思想政治教育,本科 (1),法学 (5),马克思主义理论类 (43),普通类,本科一批,文科,577,582,579,2679,,
score_128_6527_34_2022_2_本科一批,128_6527,128,6527,安徽,2022,海事管理,本科 (1),管理学 (13),公共管理类 (115),普通类,本科一批,文科,577,577,577,2679,,
score_128_6471_34_2022_2_本科一批,128_6471,128,6471,安徽,2022,金融学,本科 (1),经济学 (4),金融学类 (37),中外合作办学,本科一批,文科,554,575,565,7428,（中外合作办学）,
score_128_6497_34_2022_1_本科一批,128_6497,128,6497,安徽,2022,机械工程,本科 (1),工学 (10),机械类 (64),普通类,本科一批,理科,611,612,611,7731,（智能制造本硕实验班）,
score_128_6533_34_2022_1_本科一批,128_6533,128,6533,安徽,2022,信息管理与信息系统,本科 (1),管理学 (13),管理科学与工程类 (112),普通类,本科一批,理科,608,610,609,8599,,
score_128_6498_34_2022_1_本科一批,128_6498,128,6498,安徽,2022,工业设计,本科 (1),工学 (10),机械类 (64),普通类,本科一批,理科,605,607,606,9580,,
score_128_6503_34_2022_1_本科一批,128_6503,128,6503,安徽,2022,机械设计制造及其自动化,本科 (1),工学 (10),机械类 (64),普通类,本科一批,理科,605,609,606,9580,,
score_128_1129671_34_2022_1_本科一批,128_1129671,128,1129671,安徽,2022,导航工程,本科 (1),工学 (10),测绘类 (74),普通类,本科一批,理科,604,604,604,9904,,
score_128_6496_34_2022_1_本科一批,128_6496,128,6496,安徽,2022,材料成型及控制工程,本科 (1),工学 (10),机械类 (64),普通类,本科一批,理科,602,604,603,10551,,
score_128_6527_34_2022_1_本科一批,128_6527,128,6527,安徽,2022,海事管理,本科 (1),管理学 (13),公共管理类 (115),普通类,本科一批,理科,602,603,603,10551,,
score_128_6546_34_2022_1_本科一批,128_6546,128,6546,安徽,2022,应用化学,本科 (1),理学 (9),化学类 (53),普通类,本科一批,理科,600,606,602,11242,,
score_128_6484_34_2022_1_本科一批,128_6484,128,6484,安徽,2022,地理信息科学,本科 (1),理学 (9),地理科学类 (55),普通类,本科一批,理科,599,607,603,11617,,
score_128_6499_34_2022_1_本科一批,128_6499,128,6499,安徽,2022,车辆工程,本科 (1),工学 (10),机械类 (64),中外合作办学,本科一批,理科,587,597,590,16532,（中外合作办学）,
score_128_6471_34_2022_1_本科一批,128_6471,128,6471,安徽,2022,金融学,本科 (1),经济学 (4),金融学类 (37),中外合作办学,本科一批,理科,587,589,588,16532,（中外合作办学）,
score_128_6546_35_2022_2073_本科批,128_6546,128,6546,福建,2022,应用化学,本科 (1),理学 (9),化学类 (53),普通类,本科批,物理类,598,598,598,9192,,首选物理，再选化学
score_128_6533_35_2022_2073_本科批,128_6533,128,6533,福建,2022,信息管理与信息系统,本科 (1),管理学 (13),管理科学与工程类 (112),普通类,本科批,物理类,606,606,606,7238,,首选物理，再选不限
score_128_1129671_35_2022_2073_本科批,128_1129671,128,1129671,福建,2022,导航工程,本科 (1),工学 (10),测绘类 (74),普通类,本科批,物理类,605,606,606,7475,,首选物理，再选不限
score_128_6503_35_2022_2073_本科批,128_6503,128,6503,福建,2022,机械设计制造及其自动化,本科 (1),工学 (10),机械类 (64),普通类,本科批,物理类,604,608,605,7723,,首选物理，再选不限
score_128_6527_35_2022_2073_本科批,128_6527,128,6527,福建,2022,海事管理,本科 (1),管理学 (13),公共管理类 (115),普通类,本科批,物理类,598,604,600,9192,,首选物理，再选不限
score_128_6546_35_2022_2073_本科批,128_6546,128,6546,福建,2022,应用化学,本科 (1),理学 (9),化学类 (53),普通类,本科批,物理类,598,598,598,9192,,首选物理，再选化学
score_128_6496_35_2022_2073_本科批,128_6496,128,6496,福建,2022,材料成型及控制工程,本科 (1),工学 (10),机械类 (64),普通类,本科批,物理类,597,605,600,9452,,首选物理，再选不限
score_128_6533_35_2022_2073_本科批,128_6533,128,6533,福建,2022,信息管理与信息系统,本科 (1),管理学 (13),管理科学与工程类 (112),普通类,本科批,物理类,606,606,606,7238,,首选物理，再选不限
score_128_1129671_35_2022_2073_本科批,128_1129671,128,1129671,福建,2022,导航工程,本科 (1),工学 (10),测绘类 (74),普通类,本科批,物理类,605,606,606,7475,,首选物理，再选不限
score_128_6503_35_2022_2073_本科批,128_6503,128,6503,福建,2022,机械设计制造及其自动化,本科 (1),工学 (10),机械类 (64),普通类,本科批,物理类,604,608,605,7723,,首选物理，再选不限
score_128_6527_35_2022_2073_本科批,128_6527,128,6527,福建,2022,海事管理,本科 (1),管理学 (13),公共管理类 (115),普通类,本科批,物理类,598,604,600,9192,,首选物理，再选不限
score_128_6496_35_2022_2073_本科批,128_6496,128,6496,福建,2022,材料成型及控制工程,本科 (1),工学 (10),机械类 (64),普通类,本科批,物理类,597,605,600,9452,,首选物理，再选不限
score_128_6554_36_2022_2_本科一批,128_6554,128,6554,江西,2022,思想政治教育,本科 (1),法学 (5),马克思主义理论类 (43),普通类,本科一批,文科,578,579,0,2175,,
score_128_185501_36_2022_2_本科一批,128_185501,128,185501,江西,2022,金融学,本科 (1),经济学 (4),金融学类 (37),中外合作办学,本科一批,文科,577,577,0,2288,,
score_128_6503_36_2022_1_本科一批,128_6503,128,6503,江西,2022,机械设计制造及其自动化,本科 (1),工学 (10),机械类 (64),普通类,本科一批,理科,592,593,0,6670,,
score_128_6533_36_2022_1_本科一批,128_6533,128,6533,江西,2022,信息管理与信息系统,本科 (1),管理学 (13),管理科学与工程类 (112),普通类,本科一批,理科,591,594,0,6893,,
score_128_6527_36_2022_1_本科一批,128_6527,128,6527,江西,2022,海事管理,本科 (1),管理学 (13),公共管理类 (115),普通类,本科一批,理科,589,589,0,7380,,
score_128_1129671_36_2022_1_本科一批,128_1129671,128,1129671,江西,2022,导航工程,本科 (1),工学 (10),测绘类 (74),普通类,本科一批,理科,589,592,0,7380,,
score_128_6496_36_2022_1_本科一批,128_6496,128,6496,江西,2022,材料成型及控制工程,本科 (1),工学 (10),机械类 (64),普通类,本科一批,理科,587,588,0,7913,,
score_128_6546_36_2022_1_本科一批,128_6546,128,6546,江西,2022,应用化学,本科 (1),理学 (9),化学类 (53),普通类,本科一批,理科,587,590,0,7913,,
score_128_6498_36_2022_1_本科一批,128_6498,128,6498,江西,2022,工业设计,本科 (1),工学 (10),机械类 (64),普通类,本科一批,理科,586,589,0,8211,,
score_128_6484_36_2022_1_本科一批,128_6484,128,6484,江西,2022,地理信息科学,本科 (1),理学 (9),地理科学类 (55),普通类,本科一批,理科,585,593,0,8509,,
score_128_185500_36_2022_1_本科一批,128_185500,128,185500,江西,2022,车辆工程,本科 (1),工学 (10),机械类 (64),中外合作办学,本科一批,理科,575,578,0,11553,,
score_128_185501_36_2022_1_本科一批,128_185501,128,185501,江西,2022,金融学,本科 (1),经济学 (4),金融学类 (37),中外合作办学,本科一批,理科,570,575,0,13379,,
score_128_1864816_37_2022_3_普通类一段,128_1864816,128,1864816,山东,2022,机械工程,本科 (1),工学 (10),机械类 (64),普通类,普通类一段,综合,602,0,0,14375,,
score_128_6498_37_2022_3_普通类一段,128_6498,128,6498,山东,2022,工业设计,本科 (1),工学 (10),机械类 (64),普通类,普通类一段,综合,596,0,0,17364,,
score_128_6503_37_2022_3_普通类一段,128_6503,128,6503,山东,2022,机械设计制造及其自动化,本科 (1),工学 (10),机械类 (64),普通类,普通类一段,综合,596,0,0,17394,,
score_128_6533_37_2022_3_普通类一段,128_6533,128,6533,山东,2022,信息管理与信息系统,本科 (1),管理学 (13),管理科学与工程类 (112),普通类,普通类一段,综合,596,0,0,17317,,
score_128_1129671_37_2022_3_普通类一段,128_1129671,128,1129671,山东,2022,导航工程,本科 (1),工学 (10),测绘类 (74),普通类,普通类一段,综合,593,0,0,18947,,
score_128_6484_37_2022_3_普通类一段,128_6484,128,6484,山东,2022,地理信息科学,本科 (1),理学 (9),地理科学类 (55),普通类,普通类一段,综合,592,0,0,19936,,
score_128_6554_37_2022_3_普通类一段,128_6554,128,6554,山东,2022,思想政治教育,本科 (1),法学 (5),马克思主义理论类 (43),普通类,普通类一段,综合,592,0,0,20063,,
score_128_6546_37_2022_3_普通类一段,128_6546,128,6546,山东,2022,应用化学,本科 (1),理学 (9),化学类 (53),普通类,普通类一段,综合,591,0,0,20579,,
score_128_185501_37_2022_3_普通类一段,128_185501,128,185501,山东,2022,金融学,本科 (1),经济学 (4),金融学类 (37),中外合作办学,普通类一段,综合,585,0,0,24553,,
score_128_6496_37_2022_3_普通类一段,128_6496,128,6496,山东,2022,材料成型及控制工程,本科 (1),工学 (10),机械类 (64),普通类,普通类一段,综合,584,0,0,25174,,
score_128_185500_37_2022_3_普通类一段,128_185500,128,185500,山东,2022,车辆工程,本科 (1),工学 (10),机械类 (64),中外合作办学,普通类一段,综合,571,0,0,36150,,
score_128_6554_41_2022_2_本科一批,128_6554,128,6554,河南,2022,思想政治教育,本科 (1),法学 (5),马克思主义理论类 (43),普通类,本科一批,文科,580,583,581,3451,,
score_128_6527_41_2022_2_本科一批,128_6527,128,6527,河南,2022,海事管理,本科 (1),管理学 (13),公共管理类 (115),普通类,本科一批,文科,577,581,579,3958,,
score_128_1864816_41_2022_1_本科一批,128_1864816,128,1864816,河南,2022,机械工程,本科 (1),工学 (10),机械类 (64),普通类,本科一批,理科,611,614,612,10304,,
score_128_6533_41_2022_1_本科一批,128_6533,128,6533,河南,2022,信息管理与信息系统,本科 (1),管理学 (13),管理科学与工程类 (112),普通类,本科一批,理科,609,611,610,11202,,
score_128_6503_41_2022_1_本科一批,128_6503,128,6503,河南,2022,机械设计制造及其自动化,本科 (1),工学 (10),机械类 (64),普通类,本科一批,理科,608,609,608,11637,,
score_128_6484_41_2022_1_本科一批,128_6484,128,6484,河南,2022,地理信息科学,本科 (1),理学 (9),地理科学类 (55),普通类,本科一批,理科,607,608,608,12067,,
score_128_1129671_41_2022_1_本科一批,128_1129671,128,1129671,河南,2022,导航工程,本科 (1),工学 (10),测绘类 (74),普通类,本科一批,理科,607,608,607,12067,,
score_128_6496_41_2022_1_本科一批,128_6496,128,6496,河南,2022,材料成型及控制工程,本科 (1),工学 (10),机械类 (64),普通类,本科一批,理科,602,607,604,14255,,
score_128_6546_41_2022_1_本科一批,128_6546,128,6546,河南,2022,应用化学,本科 (1),理学 (9),化学类 (53),普通类,本科一批,理科,602,605,603,14255,,
score_128_6498_41_2022_1_本科一批,128_6498,128,6498,河南,2022,工业设计,本科 (1),工学 (10),机械类 (64),普通类,本科一批,理科,601,608,604,14755,,
score_128_6527_41_2022_1_本科一批,128_6527,128,6527,河南,2022,海事管理,本科 (1),管理学 (13),公共管理类 (115),普通类,本科一批,理科,601,604,602,14755,,
score_128_185501_42_2022_2074_本科批,128_185501,128,185501,湖北,2022,金融学,本科 (1),经济学 (4),金融学类 (37),中外合作办学,本科批,历史类,569,575,571,4564,,首选历史，再选不限
score_128_6554_42_2022_2074_本科批,128_6554,128,6554,湖北,2022,思想政治教育,本科 (1),法学 (5),马克思主义理论类 (43),普通类,本科批,历史类,579,583,581,3247,,首选历史，再选思想政治
score_128_6527_42_2022_2074_本科批,128_6527,128,6527,湖北,2022,海事管理,本科 (1),管理学 (13),公共管理类 (115),普通类,本科批,历史类,576,582,578,3613,,首选历史，再选不限
score_128_185501_42_2022_2074_本科批,128_185501,128,185501,湖北,2022,金融学,本科 (1),经济学 (4),金融学类 (37),中外合作办学,本科批,历史类,569,575,571,4564,,首选历史，再选不限
score_128_6527_42_2022_2074_本科批,128_6527,128,6527,湖北,2022,海事管理,本科 (1),管理学 (13),公共管理类 (115),普通类,本科批,历史类,576,582,578,3613,,首选历史，再选不限
score_128_6554_42_2022_2074_本科批,128_6554,128,6554,湖北,2022,思想政治教育,本科 (1),法学 (5),马克思主义理论类 (43),普通类,本科批,历史类,579,583,581,3247,,首选历史，再选思想政治
score_128_1864816_42_2022_2073_本科批,128_1864816,128,1864816,湖北,2022,机械工程,本科 (1),工学 (10),机械类 (64),普通类,本科批,物理类,608,615,611,6096,,首选物理，再选不限
score_128_1864816_42_2022_2073_本科批,128_1864816,128,1864816,湖北,2022,机械工程,本科 (1),工学 (10),机械类 (64),普通类,本科批,物理类,608,615,611,6096,,首选物理，再选不限
score_128_1129671_42_2022_2073_本科批,128_1129671,128,1129671,湖北,2022,导航工程,本科 (1),工学 (10),测绘类 (74),普通类,本科批,物理类,594,597,595,9856,,首选物理，再选不限
score_128_6503_42_2022_2073_本科批,128_6503,128,6503,湖北,2022,机械设计制造及其自动化,本科 (1),工学 (10),机械类 (64),普通类,本科批,物理类,593,602,595,10157,,首选物理，再选不限
score_128_6533_42_2022_2073_本科批,128_6533,128,6533,湖北,2022,信息管理与信息系统,本科 (1),管理学 (13),管理科学与工程类 (112),普通类,本科批,物理类,593,597,595,10157,,首选物理，再选不限
score_128_6498_42_2022_2073_本科批,128_6498,128,6498,湖北,2022,工业设计,本科 (1),工学 (10),机械类 (64),普通类,本科批,物理类,590,597,593,11128,,首选物理，再选不限
score_128_6496_42_2022_2073_本科批,128_6496,128,6496,湖北,2022,材料成型及控制工程,本科 (1),工学 (10),机械类 (64),普通类,本科批,物理类,588,595,589,11845,,首选物理，再选不限
score_128_6546_42_2022_2073_本科批,128_6546,128,6546,湖北,2022,应用化学,本科 (1),理学 (9),化学类 (53),普通类,本科批,物理类,586,598,588,12544,,首选物理，再选化学
score_128_185501_42_2022_2073_本科批,128_185501,128,185501,湖北,2022,金融学,本科 (1),经济学 (4),金融学类 (37),中外合作办学,本科批,物理类,577,584,580,16053,,首选物理，再选不限
score_128_185500_42_2022_2073_本科批,128_185500,128,185500,湖北,2022,车辆工程,本科 (1),工学 (10),机械类 (64),中外合作办学,本科批,物理类,572,583,576,18293,,首选物理，再选不限
score_128_6546_42_2022_2073_本科批,128_6546,128,6546,湖北,2022,应用化学,本科 (1),理学 (9),化学类 (53),普通类,本科批,物理类,586,598,588,12544,,首选物理，再选化学
score_128_1129671_42_2022_2073_本科批,128_1129671,128,1129671,湖北,2022,导航工程,本科 (1),工学 (10),测绘类 (74),普通类,本科批,物理类,594,597,595,9856,,首选物理，再选不限
score_128_6503_42_2022_2073_本科批,128_6503,128,6503,湖北,2022,机械设计制造及其自动化,本科 (1),工学 (10),机械类 (64),普通类,本科批,物理类,593,602,595,10157,,首选物理，再选不限
score_128_6533_42_2022_2073_本科批,128_6533,128,6533,湖北,2022,信息管理与信息系统,本科 (1),管理学 (13),管理科学与工程类 (112),普通类,本科批,物理类,593,597,595,10157,,首选物理，再选不限
score_128_6498_42_2022_2073_本科批,128_6498,128,6498,湖北,2022,工业设计,本科 (1),工学 (10),机械类 (64),普通类,本科批,物理类,590,597,593,11128,,首选物理，再选不限
score_128_6496_42_2022_2073_本科批,128_6496,128,6496,湖北,2022,材料成型及控制工程,本科 (1),工学 (10),机械类 (64),普通类,本科批,物理类,588,595,589,11845,,首选物理，再选不限
score_128_185501_42_2022_2073_本科批,128_185501,128,185501,湖北,2022,金融学,本科 (1),经济学 (4),金融学类 (37),中外合作办学,本科批,物理类,577,584,580,16053,,首选物理，再选不限
score_128_185500_42_2022_2073_本科批,128_185500,128,185500,湖北,2022,车辆工程,本科 (1),工学 (10),机械类 (64),中外合作办学,本科批,物理类,572,583,576,18293,,首选物理，再选不限
score_128_185501_43_2022_2074_本科批,128_185501,128,185501,湖南,2022,金融学,本科 (1),经济学 (4),金融学类 (37),中外合作办学,本科批,历史类,569,576,572,4005,,首选历史，再选不限
score_128_185501_43_2022_2074_本科批,128_185501,128,185501,湖南,2022,金融学,本科 (1),经济学 (4),金融学类 (37),中外合作办学,本科批,历史类,569,576,572,4005,,首选历史，再选不限
score_128_6546_43_2022_2073_本科批,128_6546,128,6546,湖南,2022,应用化学,本科 (1),理学 (9),化学类 (53),普通类,本科批,物理类,592,600,595,11012,,首选物理，再选化学
score_128_1864816_43_2022_2073_本科批,128_1864816,128,1864816,湖南,2022,机械工程,本科 (1),工学 (10),机械类 (64),普通类,本科批,物理类,602,604,603,7803,,首选物理，再选不限
score_128_6533_43_2022_2073_本科批,128_6533,128,6533,湖南,2022,信息管理与信息系统,本科 (1),管理学 (13),管理科学与工程类 (112),普通类,本科批,物理类,597,599,598,9357,,首选物理，再选不限
score_128_1129671_43_2022_2073_本科批,128_1129671,128,1129671,湖南,2022,导航工程,本科 (1),工学 (10),测绘类 (74),普通类,本科批,物理类,597,597,597,9357,,首选物理，再选不限
score_128_6498_43_2022_2073_本科批,128_6498,128,6498,湖南,2022,工业设计,本科 (1),工学 (10),机械类 (64),普通类,本科批,物理类,596,604,599,9673,,首选物理，再选不限
score_128_6503_43_2022_2073_本科批,128_6503,128,6503,湖南,2022,机械设计制造及其自动化,本科 (1),工学 (10),机械类 (64),普通类,本科批,物理类,596,601,597,9673,,首选物理，再选不限
score_128_6496_43_2022_2073_本科批,128_6496,128,6496,湖南,2022,材料成型及控制工程,本科 (1),工学 (10),机械类 (64),普通类,本科批,物理类,594,596,595,10276,,首选物理，再选不限
score_128_6527_43_2022_2073_本科批,128_6527,128,6527,湖南,2022,海事管理,本科 (1),管理学 (13),公共管理类 (115),普通类,本科批,物理类,593,593,593,10627,,首选物理，再选不限
score_128_6546_43_2022_2073_本科批,128_6546,128,6546,湖南,2022,应用化学,本科 (1),理学 (9),化学类 (53),普通类,本科批,物理类,592,600,595,11012,,首选物理，再选化学
score_128_185501_43_2022_2073_本科批,128_185501,128,185501,湖南,2022,金融学,本科 (1),经济学 (4),金融学类 (37),中外合作办学,本科批,物理类,583,584,584,14465,,首选物理，再选不限
score_128_185500_43_2022_2073_本科批,128_185500,128,185500,湖南,2022,车辆工程,本科 (1),工学 (10),机械类 (64),中外合作办学,本科批,物理类,577,581,578,17074,,首选物理，再选不限
score_128_6533_43_2022_2073_本科批,128_6533,128,6533,湖南,2022,信息管理与信息系统,本科 (1),管理学 (13),管理科学与工程类 (112),普通类,本科批,物理类,597,599,598,9357,,首选物理，再选不限
score_128_1129671_43_2022_2073_本科批,128_1129671,128,1129671,湖南,2022,导航工程,本科 (1),工学 (10),测绘类 (74),普通类,本科批,物理类,597,597,597,9357,,首选物理，再选不限
score_128_6498_43_2022_2073_本科批,128_6498,128,6498,湖南,2022,工业设计,本科 (1),工学 (10),机械类 (64),普通类,本科批,物理类,596,604,599,9673,,首选物理，再选不限
score_128_6503_43_2022_2073_本科批,128_6503,128,6503,湖南,2022,机械设计制造及其自动化,本科 (1),工学 (10),机械类 (64),普通类,本科批,物理类,596,601,597,9673,,首选物理，再选不限
score_128_6496_43_2022_2073_本科批,128_6496,128,6496,湖南,2022,材料成型及控制工程,本科 (1),工学 (10),机械类 (64),普通类,本科批,物理类,594,596,595,10276,,首选物理，再选不限
score_128_6527_43_2022_2073_本科批,128_6527,128,6527,湖南,2022,海事管理,本科 (1),管理学 (13),公共管理类 (115),普通类,本科批,物理类,593,593,593,10627,,首选物理，再选不限
score_128_1864816_43_2022_2073_本科批,128_1864816,128,1864816,湖南,2022,机械工程,本科 (1),工学 (10),机械类 (64),普通类,本科批,物理类,602,604,603,7803,,首选物理，再选不限
score_128_185501_43_2022_2073_本科批,128_185501,128,185501,湖南,2022,金融学,本科 (1),经济学 (4),金融学类 (37),中外合作办学,本科批,物理类,583,584,584,14465,,首选物理，再选不限
score_128_185500_43_2022_2073_本科批,128_185500,128,185500,湖南,2022,车辆工程,本科 (1),工学 (10),机械类 (64),中外合作办学,本科批,物理类,577,581,578,17074,,首选物理，再选不限
score_128_6528_44_2022_2073_本科提前批,128_6528,128,6528,广东,2022,轮机工程,本科 (1),工学 (10),交通运输类 (80),普通类,本科提前批,物理类,583,593,0,35597,"（男身高≥165CM,女身高≥165CM,裸眼视力≥4.6,不招色盲色弱）（由于工作性质特殊，不适宜女生报考，体检特殊要求如下：无复视，听力、嗅觉正常，四肢健全；考生双眼裸视力均能达到4.6（0.4）及以上；或双眼裸视力均能达到4.0（0.1）及以上，且矫正视力均能达到4.6（0.4）及以上）",首选物理，再选不限
score_128_6528_44_2022_2073_本科提前批,128_6528,128,6528,广东,2022,轮机工程,本科 (1),工学 (10),交通运输类 (80),普通类,本科提前批,物理类,583,593,0,35597,"（男身高≥165CM,女身高≥165CM,裸眼视力≥4.6,不招色盲色弱）（由于工作性质特殊，不适宜女生报考，体检特殊要求如下：无复视，听力、嗅觉正常，四肢健全；考生双眼裸视力均能达到4.6（0.4）及以上；或双眼裸视力均能达到4.0（0.1）及以上，且矫正视力均能达到4.6（0.4）及以上）",首选物理，再选不限
score_128_6554_44_2022_2074_本科批,128_6554,128,6554,广东,2022,思想政治教育,本科 (1),法学 (5),马克思主义理论类 (43),普通类,本科批,历史类,571,575,0,6197,,首选历史，再选思想政治
score_128_185501_44_2022_2074_本科批,128_185501,128,185501,广东,2022,金融学,本科 (1),经济学 (4),金融学类 (37),中外合作办学,本科批,历史类,566,567,0,7447,（与澳大利亚纽卡斯尔大学中外合作办学项目，具体培养模式和学习费用请查看学校网站）,首选历史，再选不限
score_128_6554_44_2022_2074_本科批,128_6554,128,6554,广东,2022,思想政治教育,本科 (1),法学 (5),马克思主义理论类 (43),普通类,本科批,历史类,571,575,0,6197,,首选历史，再选思想政治
score_128_185501_44_2022_2074_本科批,128_185501,128,185501,广东,2022,金融学,本科 (1),经济学 (4),金融学类 (37),中外合作办学,本科批,历史类,566,567,0,7447,（与澳大利亚纽卡斯尔大学中外合作办学项目，具体培养模式和学习费用请查看学校网站）,首选历史，再选不限
score_128_1864816_44_2022_2073_本科批,128_1864816,128,1864816,广东,2022,机械工程,本科 (1),工学 (10),机械类 (64),普通类,本科批,物理类,614,615,0,13481,,首选物理，再选不限
score_128_1864816_44_2022_2073_本科批,128_1864816,128,1864816,广东,2022,机械工程,本科 (1),工学 (10),机械类 (64),普通类,本科批,物理类,614,615,0,13481,,首选物理，再选不限
score_128_6498_44_2022_2073_本科批,128_6498,128,6498,广东,2022,工业设计,本科 (1),工学 (10),机械类 (64),普通类,本科批,物理类,608,611,0,16821,,首选物理，再选不限
score_128_6503_44_2022_2073_本科批,128_6503,128,6503,广东,2022,机械设计制造及其自动化,本科 (1),工学 (10),机械类 (64),普通类,本科批,物理类,608,609,0,16821,,首选物理，再选不限
score_128_6533_44_2022_2073_本科批,128_6533,128,6533,广东,2022,信息管理与信息系统,本科 (1),管理学 (13),管理科学与工程类 (112),普通类,本科批,物理类,606,607,0,18092,,首选物理，再选不限
score_128_1129671_44_2022_2073_本科批,128_1129671,128,1129671,广东,2022,导航工程,本科 (1),工学 (10),测绘类 (74),普通类,本科批,物理类,606,607,0,18092,,首选物理，再选不限
score_128_6496_44_2022_2073_本科批,128_6496,128,6496,广东,2022,材料成型及控制工程,本科 (1),工学 (10),机械类 (64),普通类,本科批,物理类,604,605,0,19372,,首选物理，再选不限
score_128_6527_44_2022_2073_本科批,128_6527,128,6527,广东,2022,海事管理,本科 (1),管理学 (13),公共管理类 (115),普通类,本科批,物理类,603,604,0,20040,,首选物理，再选不限
score_128_6546_44_2022_2073_本科批,128_6546,128,6546,广东,2022,应用化学,本科 (1),理学 (9),化学类 (53),普通类,本科批,物理类,602,602,0,20686,,首选物理，再选化学
score_128_185500_44_2022_2073_本科批,128_185500,128,185500,广东,2022,车辆工程,本科 (1),工学 (10),机械类 (64),中外合作办学,本科批,物理类,593,602,0,27246,（与英国威尔士三一圣大卫大学中外合作办学项目，具体培养模式和学习费用请查看学校网站）,首选物理，再选不限
score_128_185501_44_2022_2073_本科批,128_185501,128,185501,广东,2022,金融学,本科 (1),经济学 (4),金融学类 (37),中外合作办学,本科批,物理类,592,593,0,28043,（与澳大利亚纽卡斯尔大学中外合作办学项目，具体培养模式和学习费用请查看学校网站）,首选物理，再选不限
score_128_6498_44_2022_2073_本科批,128_6498,128,6498,广东,2022,工业设计,本科 (1),工学 (10),机械类 (64),普通类,本科批,物理类,608,611,0,16821,,首选物理，再选不限
score_128_6503_44_2022_2073_本科批,128_6503,128,6503,广东,2022,机械设计制造及其自动化,本科 (1),工学 (10),机械类 (64),普通类,本科批,物理类,608,609,0,16821,,首选物理，再选不限
score_128_6533_44_2022_2073_本科批,128_6533,128,6533,广东,2022,信息管理与信息系统,本科 (1),管理学 (13),管理科学与工程类 (112),普通类,本科批,物理类,606,607,0,18092,,首选物理，再选不限
score_128_1129671_44_2022_2073_本科批,128_1129671,128,1129671,广东,2022,导航工程,本科 (1),工学 (10),测绘类 (74),普通类,本科批,物理类,606,607,0,18092,,首选物理，再选不限
score_128_6496_44_2022_2073_本科批,128_6496,128,6496,广东,2022,材料成型及控制工程,本科 (1),工学 (10),机械类 (64),普通类,本科批,物理类,604,605,0,19372,,首选物理，再选不限
score_128_6527_44_2022_2073_本科批,128_6527,128,6527,广东,2022,海事管理,本科 (1),管理学 (13),公共管理类 (115),普通类,本科批,物理类,603,604,0,20040,,首选物理，再选不限
score_128_6546_44_2022_2073_本科批,128_6546,128,6546,广东,2022,应用化学,本科 (1),理学 (9),化学类 (53),普通类,本科批,物理类,602,602,0,20686,,首选物理，再选化学
score_128_185500_44_2022_2073_本科批,128_185500,128,185500,广东,2022,车辆工程,本科 (1),工学 (10),机械类 (64),中外合作办学,本科批,物理类,593,602,0,27246,（与英国威尔士三一圣大卫大学中外合作办学项目，具体培养模式和学习费用请查看学校网站）,首选物理，再选不限
score_128_185501_44_2022_2073_本科批,128_185501,128,185501,广东,2022,金融学,本科 (1),经济学 (4),金融学类 (37),中外合作办学,本科批,物理类,592,593,0,28043,（与澳大利亚纽卡斯尔大学中外合作办学项目，具体培养模式和学习费用请查看学校网站）,首选物理，再选不限
score_128_6554_45_2022_2_本科一批,128_6554,128,6554,广西,2022,思想政治教育,本科 (1),法学 (5),马克思主义理论类 (43),普通类,本科一批,文科,594,597,0,1824,,
score_128_6503_45_2022_1_本科一批,128_6503,128,6503,广西,2022,机械设计制造及其自动化,本科 (1),工学 (10),机械类 (64),普通类,本科一批,理科,591,601,0,5490,,
score_128_6533_45_2022_1_本科一批,128_6533,128,6533,广西,2022,信息管理与信息系统,本科 (1),管理学 (13),管理科学与工程类 (112),普通类,本科一批,理科,591,592,0,5490,,
score_128_6498_45_2022_1_本科一批,128_6498,128,6498,广西,2022,工业设计,本科 (1),工学 (10),机械类 (64),普通类,本科一批,理科,587,589,0,6135,,
score_128_6484_45_2022_1_本科一批,128_6484,128,6484,广西,2022,地理信息科学,本科 (1),理学 (9),地理科学类 (55),普通类,本科一批,理科,583,585,0,6866,,
score_128_6496_45_2022_1_本科一批,128_6496,128,6496,广西,2022,材料成型及控制工程,本科 (1),工学 (10),机械类 (64),普通类,本科一批,理科,583,590,0,6866,,
score_128_6527_45_2022_1_本科一批,128_6527,128,6527,广西,2022,海事管理,本科 (1),管理学 (13),公共管理类 (115),普通类,本科一批,理科,583,583,0,6866,,
score_128_6546_45_2022_1_本科一批,128_6546,128,6546,广西,2022,应用化学,本科 (1),理学 (9),化学类 (53),普通类,本科一批,理科,581,582,0,7225,,
score_128_6503_46_2022_3_本科批,128_6503,128,6503,海南,2022,机械设计制造及其自动化,本科 (1),工学 (10),机械类 (64),普通类,本科批,综合,683,0,0,2239,,物理必选
score_128_6533_46_2022_3_本科批,128_6533,128,6533,海南,2022,信息管理与信息系统,本科 (1),管理学 (13),管理科学与工程类 (112),普通类,本科批,综合,683,0,0,2239,,物理必选
score_128_6496_46_2022_3_本科批,128_6496,128,6496,海南,2022,材料成型及控制工程,本科 (1),工学 (10),机械类 (64),普通类,本科批,综合,674,0,0,2715,,物理必选
score_128_6503_46_2022_3_本科批,128_6503,128,6503,海南,2022,机械设计制造及其自动化,本科 (1),工学 (10),机械类 (64),普通类,本科批,综合,683,0,0,2239,,物理必选
score_128_6533_46_2022_3_本科批,128_6533,128,6533,海南,2022,信息管理与信息系统,本科 (1),管理学 (13),管理科学与工程类 (112),普通类,本科批,综合,683,0,0,2239,,物理必选
score_128_6496_46_2022_3_本科批,128_6496,128,6496,海南,2022,材料成型及控制工程,本科 (1),工学 (10),机械类 (64),普通类,本科批,综合,674,0,0,2715,,物理必选
score_128_6527_46_2022_3_本科批,128_6527,128,6527,海南,2022,海事管理,本科 (1),管理学 (13),公共管理类 (115),普通类,本科批,综合,672,0,0,2837,,不限
score_128_6484_46_2022_3_本科批,128_6484,128,6484,海南,2022,地理信息科学,本科 (1),理学 (9),地理科学类 (55),普通类,本科批,综合,662,0,0,3507,,物理/化学(2选1)
score_128_6471_46_2022_3_本科批,128_6471,128,6471,海南,2022,金融学,本科 (1),经济学 (4),金融学类 (37),中外合作办学,本科批,综合,658,0,0,3786,（中外合作办学）（.）,不限
score_128_6484_46_2022_3_本科批,128_6484,128,6484,海南,2022,地理信息科学,本科 (1),理学 (9),地理科学类 (55),普通类,本科批,综合,662,0,0,3507,,物理/化学(2选1)
score_128_6527_46_2022_3_本科批,128_6527,128,6527,海南,2022,海事管理,本科 (1),管理学 (13),公共管理类 (115),普通类,本科批,综合,672,0,0,2837,,不限
score_128_6471_46_2022_3_本科批,128_6471,128,6471,海南,2022,金融学,本科 (1),经济学 (4),金融学类 (37),中外合作办学,本科批,综合,658,0,0,3786,（中外合作办学）（.）,不限
score_128_6503_50_2022_2073_本科批,128_6503,128,6503,重庆,2022,机械设计制造及其自动化,本科 (1),工学 (10),机械类 (64),普通类,本科批,物理类,586,0,0,9103,,
score_128_6484_50_2022_2073_本科批,128_6484,128,6484,重庆,2022,地理信息科学,本科 (1),理学 (9),地理科学类 (55),普通类,本科批,物理类,575,0,0,11982,,
score_128_185501_50_2022_2073_本科批,128_185501,128,185501,重庆,2022,金融学,本科 (1),经济学 (4),金融学类 (37),中外合作办学,本科批,物理类,566,0,0,14729,,
score_128_185500_50_2022_2073_本科批,128_185500,128,185500,重庆,2022,车辆工程,本科 (1),工学 (10),机械类 (64),中外合作办学,本科批,物理类,562,0,0,16024,,
score_128_6498_51_2022_1_本科一批,128_6498,128,6498,四川,2022,工业设计,本科 (1),工学 (10),机械类 (64),普通类,本科一批,理科,616,616,616,11540,,
score_128_6484_51_2022_1_本科一批,128_6484,128,6484,四川,2022,地理信息科学,本科 (1),理学 (9),地理科学类 (55),普通类,本科一批,理科,615,615,615,11916,,
score_128_6503_51_2022_1_本科一批,128_6503,128,6503,四川,2022,机械设计制造及其自动化,本科 (1),工学 (10),机械类 (64),普通类,本科一批,理科,613,616,614,12688,,
score_128_1129671_51_2022_1_本科一批,128_1129671,128,1129671,四川,2022,导航工程,本科 (1),工学 (10),测绘类 (74),普通类,本科一批,理科,612,614,613,13081,,
score_128_6533_51_2022_1_本科一批,128_6533,128,6533,四川,2022,信息管理与信息系统,本科 (1),管理学 (13),管理科学与工程类 (112),普通类,本科一批,理科,610,611,610,13868,,
score_128_6496_51_2022_1_本科一批,128_6496,128,6496,四川,2022,材料成型及控制工程,本科 (1),工学 (10),机械类 (64),普通类,本科一批,理科,604,607,606,16456,,
score_128_6527_51_2022_1_本科一批,128_6527,128,6527,四川,2022,海事管理,本科 (1),管理学 (13),公共管理类 (115),普通类,本科一批,理科,604,605,605,16456,,
score_128_6546_51_2022_1_本科一批,128_6546,128,6546,四川,2022,应用化学,本科 (1),理学 (9),化学类 (53),普通类,本科一批,理科,603,605,604,16905,,
score_128_185500_51_2022_1_本科一批,128_185500,128,185500,四川,2022,车辆工程,本科 (1),工学 (10),机械类 (64),中外合作办学,本科一批,理科,593,593,593,21953,,
score_128_185501_51_2022_1_本科一批,128_185501,128,185501,四川,2022,金融学,本科 (1),经济学 (4),金融学类 (37),中外合作办学,本科一批,理科,592,595,594,22512,,
score_128_6554_51_2022_2_本科一批,128_6554,128,6554,四川,2022,思想政治教育,本科 (1),法学 (5),马克思主义理论类 (43),普通类,本科一批,文科,585,586,586,3730,,
score_128_185501_51_2022_2_本科一批,128_185501,128,185501,四川,2022,金融学,本科 (1),经济学 (4),金融学类 (37),中外合作办学,本科一批,文科,584,584,584,3898,,
score_128_6554_52_2022_2_本科一批,128_6554,128,6554,贵州,2022,思想政治教育,本科 (1),法学 (5),马克思主义理论类 (43),普通类,本科一批,文科,609,609,0,1704,,
score_128_6533_52_2022_1_本科一批,128_6533,128,6533,贵州,2022,信息管理与信息系统,本科 (1),管理学 (13),管理科学与工程类 (112),普通类,本科一批,理科,570,571,0,6008,,
score_128_6503_52_2022_1_本科一批,128_6503,128,6503,贵州,2022,机械设计制造及其自动化,本科 (1),工学 (10),机械类 (64),普通类,本科一批,理科,569,573,0,6090,,
score_128_6498_52_2022_1_本科一批,128_6498,128,6498,贵州,2022,工业设计,本科 (1),工学 (10),机械类 (64),普通类,本科一批,理科,567,567,0,6471,,
score_128_6496_52_2022_1_本科一批,128_6496,128,6496,贵州,2022,材料成型及控制工程,本科 (1),工学 (10),机械类 (64),普通类,本科一批,理科,563,563,0,7223,,
score_128_6546_52_2022_1_本科一批,128_6546,128,6546,贵州,2022,应用化学,本科 (1),理学 (9),化学类 (53),普通类,本科一批,理科,561,563,0,7580,,
score_128_6527_52_2022_1_本科一批,128_6527,128,6527,贵州,2022,海事管理,本科 (1),管理学 (13),公共管理类 (115),普通类,本科一批,理科,560,560,0,7771,,
score_128_6554_53_2022_2_本科一批,128_6554,128,6554,云南,2022,思想政治教育,本科 (1),法学 (5),马克思主义理论类 (43),普通类,本科一批,文科,625,0,0,2148,,
score_128_6503_53_2022_1_本科一批,128_6503,128,6503,云南,2022,机械设计制造及其自动化,本科 (1),工学 (10),机械类 (64),普通类,本科一批,理科,614,0,0,5756,,
score_128_6533_53_2022_1_本科一批,128_6533,128,6533,云南,2022,信息管理与信息系统,本科 (1),管理学 (13),管理科学与工程类 (112),普通类,本科一批,理科,610,0,0,6447,,
score_128_6496_53_2022_1_本科一批,128_6496,128,6496,云南,2022,材料成型及控制工程,本科 (1),工学 (10),机械类 (64),普通类,本科一批,理科,607,0,0,7000,,
score_128_6503_61_2022_1_本科一批,128_6503,128,6503,陕西,2022,机械设计制造及其自动化,本科 (1),工学 (10),机械类 (64),普通类,本科一批,理科,573,576,574,8789,,
score_128_6533_61_2022_1_本科一批,128_6533,128,6533,陕西,2022,信息管理与信息系统,本科 (1),管理学 (13),管理科学与工程类 (112),普通类,本科一批,理科,572,573,573,8910,,
score_128_1129671_61_2022_1_本科一批,128_1129671,128,1129671,陕西,2022,导航工程,本科 (1),工学 (10),测绘类 (74),普通类,本科一批,理科,568,571,570,9669,,
score_128_6546_61_2022_1_本科一批,128_6546,128,6546,陕西,2022,应用化学,本科 (1),理学 (9),化学类 (53),普通类,本科一批,理科,566,566,566,10169,,
score_128_6484_61_2022_1_本科一批,128_6484,128,6484,陕西,2022,地理信息科学,本科 (1),理学 (9),地理科学类 (55),普通类,本科一批,理科,565,565,565,10367,,
score_128_6496_61_2022_1_本科一批,128_6496,128,6496,陕西,2022,材料成型及控制工程,本科 (1),工学 (10),机械类 (64),普通类,本科一批,理科,564,565,565,10534,,
score_128_6554_61_2022_2_本科一批,128_6554,128,6554,陕西,2022,思想政治教育,本科 (1),法学 (5),马克思主义理论类 (43),普通类,本科一批,文科,547,547,547,3106,,
score_128_6554_62_2022_2_本科一批I段,128_6554,128,6554,甘肃,2022,思想政治教育,本科 (1),法学 (5),马克思主义理论类 (43),普通类,本科一批I段,文科,535,535,535,1571,,
score_128_6503_62_2022_1_本科一批I段,128_6503,128,6503,甘肃,2022,机械设计制造及其自动化,本科 (1),工学 (10),机械类 (64),普通类,本科一批I段,理科,553,553,553,3886,,
score_128_6496_62_2022_1_本科一批I段,128_6496,128,6496,甘肃,2022,材料成型及控制工程,本科 (1),工学 (10),机械类 (64),普通类,本科一批I段,理科,540,541,541,5516,,
score_128_6546_62_2022_1_本科一批I段,128_6546,128,6546,甘肃,2022,应用化学,本科 (1),理学 (9),化学类 (53),普通类,本科一批I段,理科,539,540,540,5662,,
score_128_6484_62_2022_1_本科一批I段,128_6484,128,6484,甘肃,2022,地理信息科学,本科 (1),理学 (9),地理科学类 (55),普通类,本科一批I段,理科,539,539,539,5662,,
score_128_6527_62_2022_1_本科一批I段,128_6527,128,6527,甘肃,2022,海事管理,本科 (1),管理学 (13),公共管理类 (115),普通类,本科一批I段,理科,539,539,539,5662,,
score_128_6533_63_2022_1_本科一段,128_6533,128,6533,青海,2022,信息管理与信息系统,本科 (1),管理学 (13),管理科学与工程类 (112),普通类,本科一段,理科,478,0,478,2352,,
score_128_6503_63_2022_1_本科一段,128_6503,128,6503,青海,2022,机械设计制造及其自动化,本科 (1),工学 (10),机械类 (64),普通类,本科一段,理科,471,0,480,2657,,
score_128_6496_63_2022_1_本科一段,128_6496,128,6496,青海,2022,材料成型及控制工程,本科 (1),工学 (10),机械类 (64),普通类,本科一段,理科,468,0,468,2816,,
score_128_6554_64_2022_2_本科一批,128_6554,128,6554,宁夏,2022,思想政治教育,本科 (1),法学 (5),马克思主义理论类 (43),普通类,本科一批,文科,532,532,532,926,,
score_128_6484_64_2022_1_本科一批,128_6484,128,6484,宁夏,2022,地理信息科学,本科 (1),理学 (9),地理科学类 (55),普通类,本科一批,理科,521,521,521,1923,,
score_128_6503_64_2022_1_本科一批,128_6503,128,6503,宁夏,2022,机械设计制造及其自动化,本科 (1),工学 (10),机械类 (64),普通类,本科一批,理科,520,521,521,1974,,
score_128_6496_64_2022_1_本科一批,128_6496,128,6496,宁夏,2022,材料成型及控制工程,本科 (1),工学 (10),机械类 (64),普通类,本科一批,理科,516,516,516,2162,,
score_128_6546_64_2022_1_本科一批,128_6546,128,6546,宁夏,2022,应用化学,本科 (1),理学 (9),化学类 (53),普通类,本科一批,理科,515,515,515,2217,,
score_128_6554_65_2022_2_本科一批,128_6554,128,6554,新疆,2022,思想政治教育,本科 (1),法学 (5),马克思主义理论类 (43),普通类,本科一批,文科,512,515,0,-,,
score_128_6533_65_2022_1_本科一批,128_6533,128,6533,新疆,2022,信息管理与信息系统,本科 (1),管理学 (13),管理科学与工程类 (112),普通类,本科一批,理科,522,522,0,-,,
score_128_6503_65_2022_1_本科一批,128_6503,128,6503,新疆,2022,机械设计制造及其自动化,本科 (1),工学 (10),机械类 (64),普通类,本科一批,理科,515,521,0,-,,
score_128_6496_65_2022_1_本科一批,128_6496,128,6496,新疆,2022,材料成型及控制工程,本科 (1),工学 (10),机械类 (64),普通类,本科一批,理科,513,513,0,-,,
score_128_6546_65_2022_1_本科一批,128_6546,128,6546,新疆,2022,应用化学,本科 (1),理学 (9),化学类 (53),普通类,本科一批,理科,509,510,0,-,,
score_128_6484_65_2022_1_本科一批,128_6484,128,6484,新疆,2022,地理信息科学,本科 (1),理学 (9),地理科学类 (55),普通类,本科一批,理科,507,510,0,-,,
score_128_6551_11_2023_3_本科批,128_6551,128,6551,北京,2023,道路桥梁与渡河工程,本科 (1),工学 (10),土木类 (72),普通类,本科批,综合,609,609,609,8692,,物理必选
score_128_6533_11_2023_3_本科批,128_6533,128,6533,北京,2023,信息管理与信息系统,本科 (1),管理学 (13),管理科学与工程类 (112),普通类,本科批,综合,607,607,607,9032,,物理必选
score_128_6498_11_2023_3_本科批,128_6498,128,6498,北京,2023,工业设计,本科 (1),工学 (10),机械类 (64),普通类,本科批,综合,603,606,605,9765,,物理必选
score_128_6499_11_2023_3_本科批,128_6499,128,6499,北京,2023,车辆工程,本科 (1),工学 (10),机械类 (64),中外合作办学,本科批,综合,592,604,596,11858,（中外合作办学）,物理必选
score_128_6471_11_2023_3_本科批,128_6471,128,6471,北京,2023,金融学,本科 (1),经济学 (4),金融学类 (37),中外合作办学,本科批,综合,590,592,591,12247,（中外合作办学）,不限
score_128_6551_11_2023_3_本科批,128_6551,128,6551,北京,2023,道路桥梁与渡河工程,本科 (1),工学 (10),土木类 (72),普通类,本科批,综合,609,609,609,8692,,物理必选
score_128_6533_11_2023_3_本科批,128_6533,128,6533,北京,2023,信息管理与信息系统,本科 (1),管理学 (13),管理科学与工程类 (112),普通类,本科批,综合,607,607,607,9032,,物理必选
score_128_6498_11_2023_3_本科批,128_6498,128,6498,北京,2023,工业设计,本科 (1),工学 (10),机械类 (64),普通类,本科批,综合,603,606,605,9765,,物理必选
score_128_6471_11_2023_3_本科批,128_6471,128,6471,北京,2023,金融学,本科 (1),经济学 (4),金融学类 (37),中外合作办学,本科批,综合,590,592,591,12247,（中外合作办学）,不限
score_128_6499_11_2023_3_本科批,128_6499,128,6499,北京,2023,车辆工程,本科 (1),工学 (10),机械类 (64),中外合作办学,本科批,综合,592,604,596,11858,（中外合作办学）,物理必选
score_128_6503_12_2023_3_本科批A段,128_6503,128,6503,天津,2023,机械设计制造及其自动化,本科 (1),工学 (10),机械类 (64),普通类,本科批A段,综合,639,0,0,5123,（校本部）,物理必选
score_128_6551_12_2023_3_本科批A段,128_6551,128,6551,天津,2023,道路桥梁与渡河工程,本科 (1),工学 (10),土木类 (72),普通类,本科批A段,综合,636,0,0,5599,（校本部）,物理必选
score_128_6471_12_2023_3_本科批A段,128_6471,128,6471,天津,2023,金融学,本科 (1),经济学 (4),金融学类 (37),中外合作办学,本科批A段,综合,634,0,0,5948,（中外合作办学）（校本部）,不限
score_128_6484_12_2023_3_本科批A段,128_6484,128,6484,天津,2023,地理信息科学,本科 (1),理学 (9),地理科学类 (55),普通类,本科批A段,综合,634,0,0,5948,（校本部）,物理必选
score_128_6527_12_2023_3_本科批A段,128_6527,128,6527,天津,2023,海事管理,本科 (1),管理学 (13),公共管理类 (115),普通类,本科批A段,综合,634,0,0,5948,（校本部）,物理必选
score_128_6533_12_2023_3_本科批A段,128_6533,128,6533,天津,2023,信息管理与信息系统,本科 (1),管理学 (13),管理科学与工程类 (112),普通类,本科批A段,综合,634,0,0,5948,（校本部）,物理必选
score_128_6499_12_2023_3_本科批A段,128_6499,128,6499,天津,2023,车辆工程,本科 (1),工学 (10),机械类 (64),中外合作办学,本科批A段,综合,626,0,0,7340,（中外合作办学）（校本部）,物理必选
score_128_6499_12_2023_3_本科批A段,128_6499,128,6499,天津,2023,车辆工程,本科 (1),工学 (10),机械类 (64),中外合作办学,本科批A段,综合,626,0,0,7340,（中外合作办学）（校本部）,物理必选
score_128_6471_12_2023_3_本科批A段,128_6471,128,6471,天津,2023,金融学,本科 (1),经济学 (4),金融学类 (37),中外合作办学,本科批A段,综合,634,0,0,5948,（中外合作办学）（校本部）,不限
score_128_6503_12_2023_3_本科批A段,128_6503,128,6503,天津,2023,机械设计制造及其自动化,本科 (1),工学 (10),机械类 (64),普通类,本科批A段,综合,639,0,0,5123,（校本部）,物理必选
score_128_6551_12_2023_3_本科批A段,128_6551,128,6551,天津,2023,道路桥梁与渡河工程,本科 (1),工学 (10),土木类 (72),普通类,本科批A段,综合,636,0,0,5599,（校本部）,物理必选
score_128_6484_12_2023_3_本科批A段,128_6484,128,6484,天津,2023,地理信息科学,本科 (1),理学 (9),地理科学类 (55),普通类,本科批A段,综合,634,0,0,5948,（校本部）,物理必选
score_128_6527_12_2023_3_本科批A段,128_6527,128,6527,天津,2023,海事管理,本科 (1),管理学 (13),公共管理类 (115),普通类,本科批A段,综合,634,0,0,5948,（校本部）,物理必选
score_128_6533_12_2023_3_本科批A段,128_6533,128,6533,天津,2023,信息管理与信息系统,本科 (1),管理学 (13),管理科学与工程类 (112),普通类,本科批A段,综合,634,0,0,5948,（校本部）,物理必选
score_128_6497_13_2023_2073_本科批,128_6497,128,6497,河北,2023,机械工程,本科 (1),工学 (10),机械类 (64),普通类,本科批,物理类,621,0,0,7805,（智能制造本硕实验班）,
score_128_6503_13_2023_2073_本科批,128_6503,128,6503,河北,2023,机械设计制造及其自动化,本科 (1),工学 (10),机械类 (64),普通类,本科批,物理类,615,0,0,9678,,
score_128_6533_13_2023_2073_本科批,128_6533,128,6533,河北,2023,信息管理与信息系统,本科 (1),管理学 (13),管理科学与工程类 (112),普通类,本科批,物理类,613,0,0,10360,,
score_128_1129671_13_2023_2073_本科批,128_1129671,128,1129671,河北,2023,导航工程,本科 (1),工学 (10),测绘类 (74),普通类,本科批,物理类,610,0,0,11481,,
score_128_6484_13_2023_2073_本科批,128_6484,128,6484,河北,2023,地理信息科学,本科 (1),理学 (9),地理科学类 (55),普通类,本科批,物理类,602,0,0,14804,,
score_128_6499_13_2023_2073_本科批,128_6499,128,6499,河北,2023,车辆工程,本科 (1),工学 (10),机械类 (64),中外合作办学,本科批,物理类,590,0,0,20607,（中外合作办学）,
score_128_6471_13_2023_2073_本科批,128_6471,128,6471,河北,2023,金融学,本科 (1),经济学 (4),金融学类 (37),中外合作办学,本科批,物理类,588,0,0,21691,（中外合作办学）,
score_128_6554_13_2023_2074_本科批,128_6554,128,6554,河北,2023,思想政治教育,本科 (1),法学 (5),马克思主义理论类 (43),普通类,本科批,历史类,605,0,0,2251,,
score_128_6471_13_2023_2074_本科批,128_6471,128,6471,河北,2023,金融学,本科 (1),经济学 (4),金融学类 (37),中外合作办学,本科批,历史类,595,0,0,3205,（中外合作办学）,
score_128_6551_13_2023_2073_本科提前批B段,128_6551,128,6551,河北,2023,道路桥梁与渡河工程,本科 (1),工学 (10),土木类 (72),普通类,本科提前批B段,物理类,588,0,0,21691,（国家专项计划）,
score_128_6477_13_2023_2074_本科提前批B段,128_6477,128,6477,河北,2023,动画,本科 (1),艺术学 (14),戏剧与影视学类 (123),普通类,本科提前批B段,历史类,598,0,0,2880,,
score_128_6528_13_2023_2073_本科提前批A段,128_6528,128,6528,河北,2023,轮机工程,本科 (1),工学 (10),交通运输类 (80),普通类,本科提前批A段,物理类,555,596,568,43976,（航海类；由于工作性质特殊，不适宜女生报考，体检特殊要求如下：身高1.65米以上，无色盲（色弱）、无复视，听力、嗅觉正常，四肢健全。双眼裸视力均能达到4.6（0.4）及以上；或双眼裸视力均能达到4.0（0.1）及以上，且矫正视力均能达到4.6（0.4）及以上）,
score_128_6526_13_2023_2073_本科提前批A段,128_6526,128,6526,河北,2023,航海技术,本科 (1),工学 (10),交通运输类 (80),普通类,本科提前批A段,物理类,532,566,544,64617,（航海类；由于工作性质特殊，不适宜女生报考，体检特殊要求如下：身高1.65米以上，无色盲（色弱）、无复视，听力、嗅觉正常，四肢健全。双眼裸视力均能达到4.7（0.5）及以上；或双眼裸视力均能达到4.0（0.1）及以上，且矫正视力均能达到4.8（0.6）及以上）,
score_128_6554_14_2023_2_本科一批A段,128_6554,128,6554,山西,2023,思想政治教育,本科 (1),法学 (5),马克思主义理论类 (43),普通类,本科一批A段,文科,547,0,0,1639,,
score_128_1129671_14_2023_1_本科一批A段,128_1129671,128,1129671,山西,2023,导航工程,本科 (1),工学 (10),测绘类 (74),普通类,本科一批A段,理科,594,0,0,5609,,
score_128_6533_14_2023_1_本科一批A段,128_6533,128,6533,山西,2023,信息管理与信息系统,本科 (1),管理学 (13),管理科学与工程类 (112),普通类,本科一批A段,理科,591,0,0,6076,,
score_128_6503_14_2023_1_本科一批A段,128_6503,128,6503,山西,2023,机械设计制造及其自动化,本科 (1),工学 (10),机械类 (64),普通类,本科一批A段,理科,590,0,0,6249,,
score_128_6498_14_2023_1_本科一批A段,128_6498,128,6498,山西,2023,工业设计,本科 (1),工学 (10),机械类 (64),普通类,本科一批A段,理科,588,0,0,6588,,
score_128_6527_14_2023_1_本科一批A段,128_6527,128,6527,山西,2023,海事管理,本科 (1),管理学 (13),公共管理类 (115),普通类,本科一批A段,理科,585,0,0,7166,,
score_128_6484_14_2023_1_本科一批A段,128_6484,128,6484,山西,2023,地理信息科学,本科 (1),理学 (9),地理科学类 (55),普通类,本科一批A段,理科,580,0,0,8162,,
score_128_6551_14_2023_1_本科一批A段,128_6551,128,6551,山西,2023,道路桥梁与渡河工程,本科 (1),工学 (10),土木类 (72),普通类,本科一批A段,理科,570,0,0,10291,,
score_128_6528_15_2023_1_本科提前批A段,128_6528,128,6528,内蒙古,2023,轮机工程,本科 (1),工学 (10),交通运输类 (80),普通类,本科提前批A段,理科,522,546,0,9832,（身高1.65米以上，无色盲（色弱）、无复视，听力、嗅觉正常，四肢健全。双眼裸视力均能达到4.6（0.4）及以上；或双眼裸视力均能达到4.0（0.1）及以上，且矫正视力均能达到4.6（0.4）及以上的男生。）,
score_128_6526_15_2023_1_本科提前批A段,128_6526,128,6526,内蒙古,2023,航海技术,本科 (1),工学 (10),交通运输类 (80),普通类,本科提前批A段,理科,517,533,0,10601,（身高1.65米以上，无色盲（色弱）、无复视，听力、嗅觉正常，四肢健全。双眼裸视力均能达到4.7（0.5）及以上；或双眼裸视力均能达到4.0（0.1）及以上，且矫正视力均能达到4.8（0.6）及以上的男生。）,
score_128_6551_15_2023_1_本科提前批B段,128_6551,128,6551,内蒙古,2023,道路桥梁与渡河工程,本科 (1),工学 (10),土木类 (72),普通类,本科提前批B段,理科,564,564,0,4370,（国家专项计划）,
score_128_6554_15_2023_2_本科一批,128_6554,128,6554,内蒙古,2023,思想政治教育,本科 (1),法学 (5),马克思主义理论类 (43),普通类,本科一批,文科,519,519,0,2483,,
score_128_6503_15_2023_1_本科一批,128_6503,128,6503,内蒙古,2023,机械设计制造及其自动化,本科 (1),工学 (10),机械类 (64),普通类,本科一批,理科,575,578,0,3359,,
score_128_6533_15_2023_1_本科一批,128_6533,128,6533,内蒙古,2023,信息管理与信息系统,本科 (1),管理学 (13),管理科学与工程类 (112),普通类,本科一批,理科,574,574,0,3436,,
score_128_1129671_15_2023_1_本科一批,128_1129671,128,1129671,内蒙古,2023,导航工程,本科 (1),工学 (10),测绘类 (74),普通类,本科一批,理科,565,566,0,4279,,
score_128_6551_15_2023_1_本科一批,128_6551,128,6551,内蒙古,2023,道路桥梁与渡河工程,本科 (1),工学 (10),土木类 (72),普通类,本科一批,理科,545,568,0,6566,,
score_128_6499_15_2023_1_本科一批,128_6499,128,6499,内蒙古,2023,车辆工程,本科 (1),工学 (10),机械类 (64),中外合作办学,本科一批,理科,543,549,0,6829,（中外合作办学）,
score_128_6484_15_2023_1_本科一批,128_6484,128,6484,内蒙古,2023,地理信息科学,本科 (1),理学 (9),地理科学类 (55),普通类,本科一批,理科,528,552,0,8959,,
score_128_6471_15_2023_1_本科一批,128_6471,128,6471,内蒙古,2023,金融学,本科 (1),经济学 (4),金融学类 (37),中外合作办学,本科一批,理科,502,543,0,13147,（中外合作办学）,
score_128_6497_21_2023_2073_本科批,128_6497,128,6497,辽宁,2023,机械工程,本科 (1),工学 (10),机械类 (64),普通类,本科批,物理类,620,0,0,7061,（智能制造本硕实验班）,
score_128_6503_21_2023_2073_本科批,128_6503,128,6503,辽宁,2023,机械设计制造及其自动化,本科 (1),工学 (10),机械类 (64),普通类,本科批,物理类,618,0,0,7424,,
score_128_6533_21_2023_2073_本科批,128_6533,128,6533,辽宁,2023,信息管理与信息系统,本科 (1),管理学 (13),管理科学与工程类 (112),普通类,本科批,物理类,613,0,0,8438,,
score_128_6498_21_2023_2073_本科批,128_6498,128,6498,辽宁,2023,工业设计,本科 (1),工学 (10),机械类 (64),普通类,本科批,物理类,611,0,0,8852,,
score_128_6554_22_2023_2_本科一批A段,128_6554,128,6554,吉林,2023,思想政治教育,本科 (1),法学 (5),马克思主义理论类 (43),普通类,本科一批A段,文科,529,529,0,1437,,
score_128_1129671_22_2023_1_本科一批A段,128_1129671,128,1129671,吉林,2023,导航工程,本科 (1),工学 (10),测绘类 (74),普通类,本科一批A段,理科,556,564,0,5794,,
score_128_6503_22_2023_1_本科一批A段,128_6503,128,6503,吉林,2023,机械设计制造及其自动化,本科 (1),工学 (10),机械类 (64),普通类,本科一批A段,理科,530,567,0,8803,,
score_128_6533_22_2023_1_本科一批A段,128_6533,128,6533,吉林,2023,信息管理与信息系统,本科 (1),管理学 (13),管理科学与工程类 (112),普通类,本科一批A段,理科,499,499,0,13384,,
score_128_6498_22_2023_1_本科一批A段,128_6498,128,6498,吉林,2023,工业设计,本科 (1),工学 (10),机械类 (64),普通类,本科一批A段,理科,497,497,0,13712,,
score_128_6484_22_2023_1_本科一批A段,128_6484,128,6484,吉林,2023,地理信息科学,本科 (1),理学 (9),地理科学类 (55),普通类,本科一批A段,理科,474,477,0,17780,,
score_128_6551_22_2023_1_本科一批A段,128_6551,128,6551,吉林,2023,道路桥梁与渡河工程,本科 (1),工学 (10),土木类 (72),普通类,本科一批A段,理科,470,472,0,18550,,
score_128_6554_23_2023_2_本科一批A段,128_6554,128,6554,黑龙江,2023,思想政治教育,本科 (1),法学 (5),马克思主义理论类 (43),普通类,本科一批A段,文科,520,520,0,1187,,
score_128_6533_23_2023_1_本科一批A段,128_6533,128,6533,黑龙江,2023,信息管理与信息系统,本科 (1),管理学 (13),管理科学与工程类 (112),普通类,本科一批A段,理科,569,569,0,5494,,
score_128_1129671_23_2023_1_本科一批A段,128_1129671,128,1129671,黑龙江,2023,导航工程,本科 (1),工学 (10),测绘类 (74),普通类,本科一批A段,理科,569,569,0,5494,,
score_128_6484_23_2023_1_本科一批A段,128_6484,128,6484,黑龙江,2023,地理信息科学,本科 (1),理学 (9),地理科学类 (55),普通类,本科一批A段,理科,558,564,0,6674,,
score_128_6551_23_2023_1_本科一批A段,128_6551,128,6551,黑龙江,2023,道路桥梁与渡河工程,本科 (1),工学 (10),土木类 (72),普通类,本科一批A段,理科,553,556,0,7272,,
score_128_6533_32_2023_2073_本科批,128_6533,128,6533,江苏,2023,信息管理与信息系统,本科 (1),管理学 (13),管理科学与工程类 (112),普通类,本科批,物理类,627,630,0,15132,,首选物理，再选不限
score_128_6503_32_2023_2073_本科批,128_6503,128,6503,江苏,2023,机械设计制造及其自动化,本科 (1),工学 (10),机械类 (64),普通类,本科批,物理类,619,631,0,19694,,首选物理，再选不限
score_128_6498_32_2023_2073_本科批,128_6498,128,6498,江苏,2023,工业设计,本科 (1),工学 (10),机械类 (64),普通类,本科批,物理类,614,619,0,22856,,首选物理，再选不限
score_128_6527_32_2023_2073_本科批,128_6527,128,6527,江苏,2023,海事管理,本科 (1),管理学 (13),公共管理类 (115),普通类,本科批,物理类,611,624,0,24840,,首选物理，再选不限
score_128_6533_32_2023_2073_本科批,128_6533,128,6533,江苏,2023,信息管理与信息系统,本科 (1),管理学 (13),管理科学与工程类 (112),普通类,本科批,物理类,627,630,0,15132,,首选物理，再选不限
score_128_6503_32_2023_2073_本科批,128_6503,128,6503,江苏,2023,机械设计制造及其自动化,本科 (1),工学 (10),机械类 (64),普通类,本科批,物理类,619,631,0,19694,,首选物理，再选不限
score_128_6498_32_2023_2073_本科批,128_6498,128,6498,江苏,2023,工业设计,本科 (1),工学 (10),机械类 (64),普通类,本科批,物理类,614,619,0,22856,,首选物理，再选不限
score_128_6527_32_2023_2073_本科批,128_6527,128,6527,江苏,2023,海事管理,本科 (1),管理学 (13),公共管理类 (115),普通类,本科批,物理类,611,624,0,24840,,首选物理，再选不限
score_128_6554_33_2023_3_平行录取一段,128_6554,128,6554,浙江,2023,思想政治教育,本科 (1),法学 (5),马克思主义理论类 (43),普通类,平行录取一段,综合,648,0,0,13979,,
score_128_6503_33_2023_3_平行录取一段,128_6503,128,6503,浙江,2023,机械设计制造及其自动化,本科 (1),工学 (10),机械类 (64),普通类,平行录取一段,综合,646,0,0,14624,,
score_128_6484_33_2023_3_平行录取一段,128_6484,128,6484,浙江,2023,地理信息科学,本科 (1),理学 (9),地理科学类 (55),普通类,平行录取一段,综合,644,0,0,16074,,
score_128_1129671_33_2023_3_平行录取一段,128_1129671,128,1129671,浙江,2023,导航工程,本科 (1),工学 (10),测绘类 (74),普通类,平行录取一段,综合,642,0,0,17196,,
score_128_6471_33_2023_3_平行录取一段,128_6471,128,6471,浙江,2023,金融学,本科 (1),经济学 (4),金融学类 (37),中外合作办学,平行录取一段,综合,639,0,0,19354,（中外合作办学）,
score_128_6499_33_2023_3_平行录取一段,128_6499,128,6499,浙江,2023,车辆工程,本科 (1),工学 (10),机械类 (64),中外合作办学,平行录取一段,综合,638,0,0,19786,（中外合作办学）,
score_128_6527_33_2023_3_平行录取一段,128_6527,128,6527,浙江,2023,海事管理,本科 (1),管理学 (13),公共管理类 (115),普通类,平行录取一段,综合,638,0,0,19744,,
score_128_6554_34_2023_2_本科一批,128_6554,128,6554,安徽,2023,思想政治教育,本科 (1),法学 (5),马克思主义理论类 (43),普通类,本科一批,文科,579,589,582,2874,,
score_128_6471_34_2023_2_本科一批,128_6471,128,6471,安徽,2023,金融学,本科 (1),经济学 (4),金融学类 (37),中外合作办学,本科一批,文科,565,565,565,4664,（中外合作办学）,
score_128_6533_34_2023_1_本科一批,128_6533,128,6533,安徽,2023,信息管理与信息系统,本科 (1),管理学 (13),管理科学与工程类 (112),普通类,本科一批,理科,621,622,621,8762,,
score_128_6503_34_2023_1_本科一批,128_6503,128,6503,安徽,2023,机械设计制造及其自动化,本科 (1),工学 (10),机械类 (64),普通类,本科一批,理科,618,624,620,9654,,
score_128_6498_34_2023_1_本科一批,128_6498,128,6498,安徽,2023,工业设计,本科 (1),工学 (10),机械类 (64),普通类,本科一批,理科,618,620,619,9654,,
score_128_1129671_34_2023_1_本科一批,128_1129671,128,1129671,安徽,2023,导航工程,本科 (1),工学 (10),测绘类 (74),普通类,本科一批,理科,616,620,618,10237,,
score_128_6484_34_2023_1_本科一批,128_6484,128,6484,安徽,2023,地理信息科学,本科 (1),理学 (9),地理科学类 (55),普通类,本科一批,理科,613,617,615,11217,,
score_128_6527_34_2023_1_本科一批,128_6527,128,6527,安徽,2023,海事管理,本科 (1),管理学 (13),公共管理类 (115),普通类,本科一批,理科,603,607,605,14712,,
score_128_6551_34_2023_1_本科一批,128_6551,128,6551,安徽,2023,道路桥梁与渡河工程,本科 (1),工学 (10),土木类 (72),普通类,本科一批,理科,600,620,610,15873,,
score_128_6471_34_2023_1_本科一批,128_6471,128,6471,安徽,2023,金融学,本科 (1),经济学 (4),金融学类 (37),中外合作办学,本科一批,理科,599,599,599,16272,（中外合作办学）,
score_128_6499_34_2023_1_本科一批,128_6499,128,6499,安徽,2023,车辆工程,本科 (1),工学 (10),机械类 (64),中外合作办学,本科一批,理科,595,602,598,17945,（中外合作办学）,
score_128_1129671_35_2023_2073_本科批,128_1129671,128,1129671,福建,2023,导航工程,本科 (1),工学 (10),测绘类 (74),普通类,本科批,物理类,620,621,621,6757,,首选物理，再选不限
score_128_6533_35_2023_2073_本科批,128_6533,128,6533,福建,2023,信息管理与信息系统,本科 (1),管理学 (13),管理科学与工程类 (112),普通类,本科批,物理类,619,621,621,6973,,首选物理，再选不限
score_128_6503_35_2023_2073_本科批,128_6503,128,6503,福建,2023,机械设计制造及其自动化,本科 (1),工学 (10),机械类 (64),普通类,本科批,物理类,619,622,620,6973,,首选物理，再选不限
score_128_6551_35_2023_2073_本科批,128_6551,128,6551,福建,2023,道路桥梁与渡河工程,本科 (1),工学 (10),土木类 (72),普通类,本科批,物理类,613,614,614,8244,,首选物理，再选不限
score_128_6527_35_2023_2073_本科批,128_6527,128,6527,福建,2023,海事管理,本科 (1),管理学 (13),公共管理类 (115),普通类,本科批,物理类,610,612,611,8933,,首选物理，再选不限
score_128_6497_35_2023_2073_本科批,128_6497,128,6497,福建,2023,机械工程,本科 (1),工学 (10),机械类 (64),普通类,本科批,物理类,624,626,625,5963,（智能制造本硕实验班）,首选物理，再选不限
score_128_1129671_35_2023_2073_本科批,128_1129671,128,1129671,福建,2023,导航工程,本科 (1),工学 (10),测绘类 (74),普通类,本科批,物理类,620,621,621,6757,,首选物理，再选不限
score_128_6533_35_2023_2073_本科批,128_6533,128,6533,福建,2023,信息管理与信息系统,本科 (1),管理学 (13),管理科学与工程类 (112),普通类,本科批,物理类,619,621,621,6973,,首选物理，再选不限
score_128_6503_35_2023_2073_本科批,128_6503,128,6503,福建,2023,机械设计制造及其自动化,本科 (1),工学 (10),机械类 (64),普通类,本科批,物理类,619,622,620,6973,,首选物理，再选不限
score_128_6551_35_2023_2073_本科批,128_6551,128,6551,福建,2023,道路桥梁与渡河工程,本科 (1),工学 (10),土木类 (72),普通类,本科批,物理类,613,614,614,8244,,首选物理，再选不限
score_128_6527_35_2023_2073_本科批,128_6527,128,6527,福建,2023,海事管理,本科 (1),管理学 (13),公共管理类 (115),普通类,本科批,物理类,610,612,611,8933,,首选物理，再选不限
score_128_6497_35_2023_2073_本科批,128_6497,128,6497,福建,2023,机械工程,本科 (1),工学 (10),机械类 (64),普通类,本科批,物理类,624,626,625,5963,（智能制造本硕实验班）,首选物理，再选不限
score_128_6528_36_2023_1_本科提前批,128_6528,128,6528,江西,2023,轮机工程,本科 (1),工学 (10),交通运输类 (80),普通类,本科提前批,理科,568,0,0,21456,（执行一本线）,
score_128_6526_36_2023_1_本科提前批,128_6526,128,6526,江西,2023,航海技术,本科 (1),工学 (10),交通运输类 (80),普通类,本科提前批,理科,561,0,0,24989,（执行一本线）,
score_128_6503_36_2023_1_本科一批,128_6503,128,6503,江西,2023,机械设计制造及其自动化,本科 (1),工学 (10),机械类 (64),普通类,本科一批,理科,611,0,0,6474,,
score_128_6533_36_2023_1_本科一批,128_6533,128,6533,江西,2023,信息管理与信息系统,本科 (1),管理学 (13),管理科学与工程类 (112),普通类,本科一批,理科,610,0,0,6808,,
score_128_1129671_36_2023_1_本科一批,128_1129671,128,1129671,江西,2023,导航工程,本科 (1),工学 (10),测绘类 (74),普通类,本科一批,理科,608,0,0,7143,,
score_128_6498_36_2023_1_本科一批,128_6498,128,6498,江西,2023,工业设计,本科 (1),工学 (10),机械类 (64),普通类,本科一批,理科,607,0,0,7519,,
score_128_6527_36_2023_1_本科一批,128_6527,128,6527,江西,2023,海事管理,本科 (1),管理学 (13),公共管理类 (115),普通类,本科一批,理科,604,0,0,8369,,
score_128_6551_36_2023_1_本科一批,128_6551,128,6551,江西,2023,道路桥梁与渡河工程,本科 (1),工学 (10),土木类 (72),普通类,本科一批,理科,604,0,0,8175,,
score_128_6484_36_2023_1_本科一批,128_6484,128,6484,江西,2023,地理信息科学,本科 (1),理学 (9),地理科学类 (55),普通类,本科一批,理科,603,0,0,8424,,
score_128_6499_36_2023_1_本科一批,128_6499,128,6499,江西,2023,车辆工程,本科 (1),工学 (10),机械类 (64),中外合作办学,本科一批,理科,589,0,0,12819,（中外合作办学）,
score_128_6471_36_2023_1_本科一批,128_6471,128,6471,江西,2023,金融学,本科 (1),经济学 (4),金融学类 (37),中外合作办学,本科一批,理科,586,0,0,13556,（中外合作办学）,
score_128_6484_36_2023_1_国家专项计划本科批,128_6484,128,6484,江西,2023,地理信息科学,本科 (1),理学 (9),地理科学类 (55),普通类,国家专项计划本科批,理科,591,0,0,11876,（执行一本线）,
score_128_6554_36_2023_2_本科一批,128_6554,128,6554,江西,2023,思想政治教育,本科 (1),法学 (5),马克思主义理论类 (43),普通类,本科一批,文科,595,0,0,1876,,
score_128_6471_36_2023_2_本科一批,128_6471,128,6471,江西,2023,金融学,本科 (1),经济学 (4),金融学类 (37),中外合作办学,本科一批,文科,583,0,0,2929,（中外合作办学）,
score_128_6497_37_2023_3_普通类一段,128_6497,128,6497,山东,2023,机械工程,本科 (1),工学 (10),机械类 (64),普通类,普通类一段,综合,621,0,0,12923,（智能制造本硕实验班）,
score_128_6503_37_2023_3_普通类一段,128_6503,128,6503,山东,2023,机械设计制造及其自动化,本科 (1),工学 (10),机械类 (64),普通类,普通类一段,综合,613,0,0,16374,,
score_128_6533_37_2023_3_普通类一段,128_6533,128,6533,山东,2023,信息管理与信息系统,本科 (1),管理学 (13),管理科学与工程类 (112),普通类,普通类一段,综合,612,0,0,16993,,
score_128_6498_37_2023_3_普通类一段,128_6498,128,6498,山东,2023,工业设计,本科 (1),工学 (10),机械类 (64),普通类,普通类一段,综合,609,0,0,18724,,
score_128_1129671_37_2023_3_普通类一段,128_1129671,128,1129671,山东,2023,导航工程,本科 (1),工学 (10),测绘类 (74),普通类,普通类一段,综合,608,0,0,19137,,
score_128_6554_37_2023_3_普通类一段,128_6554,128,6554,山东,2023,思想政治教育,本科 (1),法学 (5),马克思主义理论类 (43),普通类,普通类一段,综合,604,0,0,21611,,
score_128_6484_37_2023_3_普通类一段,128_6484,128,6484,山东,2023,地理信息科学,本科 (1),理学 (9),地理科学类 (55),普通类,普通类一段,综合,603,0,0,21880,,
score_128_6471_37_2023_3_普通类一段,128_6471,128,6471,山东,2023,金融学,本科 (1),经济学 (4),金融学类 (37),中外合作办学,普通类一段,综合,591,0,0,30053,（中外合作办学）,
score_128_6499_37_2023_3_普通类一段,128_6499,128,6499,山东,2023,车辆工程,本科 (1),工学 (10),机械类 (64),中外合作办学,普通类一段,综合,587,0,0,33452,（中外合作办学）,
score_128_6554_41_2023_2_本科一批,128_6554,128,6554,河南,2023,思想政治教育,本科 (1),法学 (5),马克思主义理论类 (43),普通类,本科一批,文科,608,611,609,3394,,
score_128_6471_41_2023_2_本科一批,128_6471,128,6471,河南,2023,金融学,本科 (1),经济学 (4),金融学类 (37),中外合作办学,本科一批,文科,604,604,604,3990,（中外合作办学）（合作方:澳大利亚纽卡斯尔大学;单列专业）,
score_128_6497_41_2023_1_本科一批,128_6497,128,6497,河南,2023,机械工程,本科 (1),工学 (10),机械类 (64),普通类,本科一批,理科,623,625,624,10186,（智能制造本硕实验班）,
score_128_6503_41_2023_1_本科一批,128_6503,128,6503,河南,2023,机械设计制造及其自动化,本科 (1),工学 (10),机械类 (64),普通类,本科一批,理科,621,623,622,10964,,
score_128_6533_41_2023_1_本科一批,128_6533,128,6533,河南,2023,信息管理与信息系统,本科 (1),管理学 (13),管理科学与工程类 (112),普通类,本科一批,理科,620,621,620,11310,,
score_128_6484_41_2023_1_本科一批,128_6484,128,6484,河南,2023,地理信息科学,本科 (1),理学 (9),地理科学类 (55),普通类,本科一批,理科,619,619,619,11731,,
score_128_1129671_41_2023_1_本科一批,128_1129671,128,1129671,河南,2023,导航工程,本科 (1),工学 (10),测绘类 (74),普通类,本科一批,理科,618,621,619,12162,,
score_128_6498_41_2023_1_本科一批,128_6498,128,6498,河南,2023,工业设计,本科 (1),工学 (10),机械类 (64),普通类,本科一批,理科,615,618,616,13508,,
score_128_6527_41_2023_1_本科一批,128_6527,128,6527,河南,2023,海事管理,本科 (1),管理学 (13),公共管理类 (115),普通类,本科一批,理科,612,612,612,14902,,
score_128_6551_41_2023_1_本科一批,128_6551,128,6551,河南,2023,道路桥梁与渡河工程,本科 (1),工学 (10),土木类 (72),普通类,本科一批,理科,609,617,614,16466,,
score_128_6499_41_2023_1_本科一批,128_6499,128,6499,河南,2023,车辆工程,本科 (1),工学 (10),机械类 (64),中外合作办学,本科一批,理科,591,602,596,28052,（中外合作办学）（合作方:英国威尔士三一圣大卫大学;单列专业）,
score_128_6471_41_2023_1_本科一批,128_6471,128,6471,河南,2023,金融学,本科 (1),经济学 (4),金融学类 (37),中外合作办学,本科一批,理科,591,591,591,28052,（中外合作办学）（合作方:澳大利亚纽卡斯尔大学;单列专业）,
score_128_6554_42_2023_2074_本科批,128_6554,128,6554,湖北,2023,思想政治教育,本科 (1),法学 (5),马克思主义理论类 (43),普通类,本科批,历史类,589,599,0,3124,,首选历史，再选思想政治
score_128_6471_42_2023_2074_本科批,128_6471,128,6471,湖北,2023,金融学,本科 (1),经济学 (4),金融学类 (37),中外合作办学,本科批,历史类,576,588,0,4609,（中外合作办学）,首选历史，再选不限
score_128_6471_42_2023_2074_本科批,128_6471,128,6471,湖北,2023,金融学,本科 (1),经济学 (4),金融学类 (37),中外合作办学,本科批,历史类,576,588,0,4609,（中外合作办学）,首选历史，再选不限
score_128_6554_42_2023_2074_本科批,128_6554,128,6554,湖北,2023,思想政治教育,本科 (1),法学 (5),马克思主义理论类 (43),普通类,本科批,历史类,589,599,0,3124,,首选历史，再选思想政治
score_128_6497_42_2023_2073_本科批,128_6497,128,6497,湖北,2023,机械工程,本科 (1),工学 (10),机械类 (64),普通类,本科批,物理类,637,639,0,6305,（智能制造本硕实验班）,首选物理，再选不限
score_128_6503_42_2023_2073_本科批,128_6503,128,6503,湖北,2023,机械设计制造及其自动化,本科 (1),工学 (10),机械类 (64),普通类,本科批,物理类,625,629,0,9731,,首选物理，再选不限
score_128_1129671_42_2023_2073_本科批,128_1129671,128,1129671,湖北,2023,导航工程,本科 (1),工学 (10),测绘类 (74),普通类,本科批,物理类,625,628,0,9731,,首选物理，再选不限
score_128_6533_42_2023_2073_本科批,128_6533,128,6533,湖北,2023,信息管理与信息系统,本科 (1),管理学 (13),管理科学与工程类 (112),普通类,本科批,物理类,623,628,0,10403,,首选物理，再选不限
score_128_6498_42_2023_2073_本科批,128_6498,128,6498,湖北,2023,工业设计,本科 (1),工学 (10),机械类 (64),普通类,本科批,物理类,619,625,0,11725,,首选物理，再选不限
score_128_6527_42_2023_2073_本科批,128_6527,128,6527,湖北,2023,海事管理,本科 (1),管理学 (13),公共管理类 (115),普通类,本科批,物理类,616,622,0,12783,,首选物理，再选不限
score_128_6551_42_2023_2073_本科批,128_6551,128,6551,湖北,2023,道路桥梁与渡河工程,本科 (1),工学 (10),土木类 (72),普通类,本科批,物理类,616,624,0,12783,,首选物理，再选不限
score_128_6499_42_2023_2073_本科批,128_6499,128,6499,湖北,2023,车辆工程,本科 (1),工学 (10),机械类 (64),中外合作办学,本科批,物理类,602,616,0,18473,（中外合作办学）,首选物理，再选不限
score_128_6471_42_2023_2073_本科批,128_6471,128,6471,湖北,2023,金融学,本科 (1),经济学 (4),金融学类 (37),中外合作办学,本科批,物理类,601,613,0,18891,（中外合作办学）,首选物理，再选不限
score_128_6497_42_2023_2073_本科批,128_6497,128,6497,湖北,2023,机械工程,本科 (1),工学 (10),机械类 (64),普通类,本科批,物理类,637,639,0,6305,（智能制造本硕实验班）,首选物理，再选不限
score_128_6503_42_2023_2073_本科批,128_6503,128,6503,湖北,2023,机械设计制造及其自动化,本科 (1),工学 (10),机械类 (64),普通类,本科批,物理类,625,629,0,9731,,首选物理，再选不限
score_128_1129671_42_2023_2073_本科批,128_1129671,128,1129671,湖北,2023,导航工程,本科 (1),工学 (10),测绘类 (74),普通类,本科批,物理类,625,628,0,9731,,首选物理，再选不限
score_128_6533_42_2023_2073_本科批,128_6533,128,6533,湖北,2023,信息管理与信息系统,本科 (1),管理学 (13),管理科学与工程类 (112),普通类,本科批,物理类,623,628,0,10403,,首选物理，再选不限
score_128_6498_42_2023_2073_本科批,128_6498,128,6498,湖北,2023,工业设计,本科 (1),工学 (10),机械类 (64),普通类,本科批,物理类,619,625,0,11725,,首选物理，再选不限
score_128_6527_42_2023_2073_本科批,128_6527,128,6527,湖北,2023,海事管理,本科 (1),管理学 (13),公共管理类 (115),普通类,本科批,物理类,616,622,0,12783,,首选物理，再选不限
score_128_6551_42_2023_2073_本科批,128_6551,128,6551,湖北,2023,道路桥梁与渡河工程,本科 (1),工学 (10),土木类 (72),普通类,本科批,物理类,616,624,0,12783,,首选物理，再选不限
score_128_6499_42_2023_2073_本科批,128_6499,128,6499,湖北,2023,车辆工程,本科 (1),工学 (10),机械类 (64),中外合作办学,本科批,物理类,602,616,0,18473,（中外合作办学）,首选物理，再选不限
score_128_6471_42_2023_2073_本科批,128_6471,128,6471,湖北,2023,金融学,本科 (1),经济学 (4),金融学类 (37),中外合作办学,本科批,物理类,601,613,0,18891,（中外合作办学）,首选物理，再选不限
score_128_6471_43_2023_2074_本科批,128_6471,128,6471,湖南,2023,金融学,本科 (1),经济学 (4),金融学类 (37),中外合作办学,本科批,历史类,576,585,580,3949,（中外合作办学）,首选历史，再选不限
score_128_6471_43_2023_2074_本科批,128_6471,128,6471,湖南,2023,金融学,本科 (1),经济学 (4),金融学类 (37),中外合作办学,本科批,历史类,576,585,580,3949,（中外合作办学）,首选历史，再选不限
score_128_6497_43_2023_2073_本科批,128_6497,128,6497,湖南,2023,机械工程,本科 (1),工学 (10),机械类 (64),普通类,本科批,物理类,627,629,628,6483,（智能制造本硕实验班）,首选物理，再选不限
score_128_6497_43_2023_2073_本科批,128_6497,128,6497,湖南,2023,机械工程,本科 (1),工学 (10),机械类 (64),普通类,本科批,物理类,627,629,628,6483,（智能制造本硕实验班）,首选物理，再选不限
score_128_6503_43_2023_2073_本科批,128_6503,128,6503,湖南,2023,机械设计制造及其自动化,本科 (1),工学 (10),机械类 (64),普通类,本科批,物理类,617,618,617,9244,,首选物理，再选不限
score_128_1129671_43_2023_2073_本科批,128_1129671,128,1129671,湖南,2023,导航工程,本科 (1),工学 (10),测绘类 (74),普通类,本科批,物理类,616,616,616,9524,,首选物理，再选不限
score_128_6498_43_2023_2073_本科批,128_6498,128,6498,湖南,2023,工业设计,本科 (1),工学 (10),机械类 (64),普通类,本科批,物理类,615,617,616,9822,,首选物理，再选不限
score_128_6533_43_2023_2073_本科批,128_6533,128,6533,湖南,2023,信息管理与信息系统,本科 (1),管理学 (13),管理科学与工程类 (112),普通类,本科批,物理类,615,617,616,9822,,首选物理，再选不限
score_128_6527_43_2023_2073_本科批,128_6527,128,6527,湖南,2023,海事管理,本科 (1),管理学 (13),公共管理类 (115),普通类,本科批,物理类,614,615,614,10130,,首选物理，再选不限
score_128_6499_43_2023_2073_本科批,128_6499,128,6499,湖南,2023,车辆工程,本科 (1),工学 (10),机械类 (64),中外合作办学,本科批,物理类,601,604,602,14835,（中外合作办学）,首选物理，再选不限
score_128_6471_43_2023_2073_本科批,128_6471,128,6471,湖南,2023,金融学,本科 (1),经济学 (4),金融学类 (37),中外合作办学,本科批,物理类,598,600,599,16031,（中外合作办学）,首选物理，再选不限
score_128_6503_43_2023_2073_本科批,128_6503,128,6503,湖南,2023,机械设计制造及其自动化,本科 (1),工学 (10),机械类 (64),普通类,本科批,物理类,617,618,617,9244,,首选物理，再选不限
score_128_1129671_43_2023_2073_本科批,128_1129671,128,1129671,湖南,2023,导航工程,本科 (1),工学 (10),测绘类 (74),普通类,本科批,物理类,616,616,616,9524,,首选物理，再选不限
score_128_6498_43_2023_2073_本科批,128_6498,128,6498,湖南,2023,工业设计,本科 (1),工学 (10),机械类 (64),普通类,本科批,物理类,615,617,616,9822,,首选物理，再选不限
score_128_6533_43_2023_2073_本科批,128_6533,128,6533,湖南,2023,信息管理与信息系统,本科 (1),管理学 (13),管理科学与工程类 (112),普通类,本科批,物理类,615,617,616,9822,,首选物理，再选不限
score_128_6527_43_2023_2073_本科批,128_6527,128,6527,湖南,2023,海事管理,本科 (1),管理学 (13),公共管理类 (115),普通类,本科批,物理类,614,615,614,10130,,首选物理，再选不限
score_128_6499_43_2023_2073_本科批,128_6499,128,6499,湖南,2023,车辆工程,本科 (1),工学 (10),机械类 (64),中外合作办学,本科批,物理类,601,604,602,14835,（中外合作办学）,首选物理，再选不限
score_128_6471_43_2023_2073_本科批,128_6471,128,6471,湖南,2023,金融学,本科 (1),经济学 (4),金融学类 (37),中外合作办学,本科批,物理类,598,600,599,16031,（中外合作办学）,首选物理，再选不限
score_128_6554_44_2023_2074_本科批,128_6554,128,6554,广东,2023,思想政治教育,本科 (1),法学 (5),马克思主义理论类 (43),普通类,本科批,历史类,585,592,0,5850,（住宿费：待定；办学地点：校本部）,首选历史，再选思想政治
score_128_6471_44_2023_2074_本科批,128_6471,128,6471,广东,2023,金融学,本科 (1),经济学 (4),金融学类 (37),中外合作办学,本科批,历史类,582,585,0,6432,（中外合作办学，与澳大利亚纽卡斯尔大学中外合作办学项目，具体培养模式和学习费用请查看学校网站；住宿费：待定；办学地点：校本部）,首选历史，再选不限
score_128_6554_44_2023_2074_本科批,128_6554,128,6554,广东,2023,思想政治教育,本科 (1),法学 (5),马克思主义理论类 (43),普通类,本科批,历史类,585,592,0,5850,（住宿费：待定；办学地点：校本部）,首选历史，再选思想政治
score_128_6471_44_2023_2074_本科批,128_6471,128,6471,广东,2023,金融学,本科 (1),经济学 (4),金融学类 (37),中外合作办学,本科批,历史类,582,585,0,6432,（中外合作办学，与澳大利亚纽卡斯尔大学中外合作办学项目，具体培养模式和学习费用请查看学校网站；住宿费：待定；办学地点：校本部）,首选历史，再选不限
score_128_6497_44_2023_2073_本科批,128_6497,128,6497,广东,2023,机械工程,本科 (1),工学 (10),机械类 (64),普通类,本科批,物理类,627,628,0,11762,（智能制造本硕实验班，住宿费：待定；办学地点：校本部）,首选物理，再选不限
score_128_6497_44_2023_2073_本科批,128_6497,128,6497,广东,2023,机械工程,本科 (1),工学 (10),机械类 (64),普通类,本科批,物理类,627,628,0,11762,（智能制造本硕实验班，住宿费：待定；办学地点：校本部）,首选物理，再选不限
score_128_6503_44_2023_2073_本科批,128_6503,128,6503,广东,2023,机械设计制造及其自动化,本科 (1),工学 (10),机械类 (64),普通类,本科批,物理类,617,620,0,16551,（住宿费：待定；办学地点：校本部）,首选物理，再选不限
score_128_6498_44_2023_2073_本科批,128_6498,128,6498,广东,2023,工业设计,本科 (1),工学 (10),机械类 (64),普通类,本科批,物理类,616,618,0,17054,（住宿费：待定；办学地点：校本部）,首选物理，再选不限
score_128_1129671_44_2023_2073_本科批,128_1129671,128,1129671,广东,2023,导航工程,本科 (1),工学 (10),测绘类 (74),普通类,本科批,物理类,616,617,0,17054,（住宿费：待定；办学地点：校本部）,首选物理，再选不限
score_128_6533_44_2023_2073_本科批,128_6533,128,6533,广东,2023,信息管理与信息系统,本科 (1),管理学 (13),管理科学与工程类 (112),普通类,本科批,物理类,615,618,0,17632,（住宿费：待定；办学地点：校本部）,首选物理，再选不限
score_128_6527_44_2023_2073_本科批,128_6527,128,6527,广东,2023,海事管理,本科 (1),管理学 (13),公共管理类 (115),普通类,本科批,物理类,609,610,0,21078,（住宿费：待定；办学地点：校本部）,首选物理，再选不限
score_128_6471_44_2023_2073_本科批,128_6471,128,6471,广东,2023,金融学,本科 (1),经济学 (4),金融学类 (37),中外合作办学,本科批,物理类,599,605,0,27936,（中外合作办学，住宿费：待定；办学地点：校本部；备注：具体培养模式和学习费用请查看学校网站）,首选物理，再选不限
score_128_6499_44_2023_2073_本科批,128_6499,128,6499,广东,2023,车辆工程,本科 (1),工学 (10),机械类 (64),中外合作办学,本科批,物理类,599,607,0,27936,（中外合作办学，学费:42000元/学年与英国威尔士三一圣大卫大学中外合作办学项目）,首选物理，再选不限
score_128_6503_44_2023_2073_本科批,128_6503,128,6503,广东,2023,机械设计制造及其自动化,本科 (1),工学 (10),机械类 (64),普通类,本科批,物理类,617,620,0,16551,（住宿费：待定；办学地点：校本部）,首选物理，再选不限
score_128_6498_44_2023_2073_本科批,128_6498,128,6498,广东,2023,工业设计,本科 (1),工学 (10),机械类 (64),普通类,本科批,物理类,616,618,0,17054,（住宿费：待定；办学地点：校本部）,首选物理，再选不限
score_128_1129671_44_2023_2073_本科批,128_1129671,128,1129671,广东,2023,导航工程,本科 (1),工学 (10),测绘类 (74),普通类,本科批,物理类,616,617,0,17054,（住宿费：待定；办学地点：校本部）,首选物理，再选不限
score_128_6533_44_2023_2073_本科批,128_6533,128,6533,广东,2023,信息管理与信息系统,本科 (1),管理学 (13),管理科学与工程类 (112),普通类,本科批,物理类,615,618,0,17632,（住宿费：待定；办学地点：校本部）,首选物理，再选不限
score_128_6527_44_2023_2073_本科批,128_6527,128,6527,广东,2023,海事管理,本科 (1),管理学 (13),公共管理类 (115),普通类,本科批,物理类,609,610,0,21078,（住宿费：待定；办学地点：校本部）,首选物理，再选不限
score_128_6471_44_2023_2073_本科批,128_6471,128,6471,广东,2023,金融学,本科 (1),经济学 (4),金融学类 (37),中外合作办学,本科批,物理类,599,605,0,27936,（中外合作办学，住宿费：待定；办学地点：校本部；备注：具体培养模式和学习费用请查看学校网站）,首选物理，再选不限
score_128_6499_44_2023_2073_本科批,128_6499,128,6499,广东,2023,车辆工程,本科 (1),工学 (10),机械类 (64),中外合作办学,本科批,物理类,599,607,0,27936,（中外合作办学，学费:42000元/学年与英国威尔士三一圣大卫大学中外合作办学项目）,首选物理，再选不限
score_128_6528_44_2023_2073_本科提前批,128_6528,128,6528,广东,2023,轮机工程,本科 (1),工学 (10),交通运输类 (80),普通类,本科提前批,物理类,596,603,0,30114,（因工作性质特殊，不适宜女生报考住宿费：待定；特征要求：男生身高≥165cm，女生身高≥165cm；无复视，听力、嗅觉正常，四肢健全；双眼裸视力≥4.6；或双眼裸视力≥4.0且矫正视力≥4.6；不招色盲色弱；办学地点：校本部，非军检院校）,首选物理，再选不限
score_128_6528_44_2023_2073_本科提前批,128_6528,128,6528,广东,2023,轮机工程,本科 (1),工学 (10),交通运输类 (80),普通类,本科提前批,物理类,596,603,0,30114,（因工作性质特殊，不适宜女生报考住宿费：待定；特征要求：男生身高≥165cm，女生身高≥165cm；无复视，听力、嗅觉正常，四肢健全；双眼裸视力≥4.6；或双眼裸视力≥4.0且矫正视力≥4.6；不招色盲色弱；办学地点：校本部，非军检院校）,首选物理，再选不限
score_128_6554_45_2023_2_本科一批,128_6554,128,6554,广西,2023,思想政治教育,本科 (1),法学 (5),马克思主义理论类 (43),普通类,本科一批,文科,596,596,596,1742,,
score_128_6533_45_2023_1_本科一批,128_6533,128,6533,广西,2023,信息管理与信息系统,本科 (1),管理学 (13),管理科学与工程类 (112),普通类,本科一批,理科,602,604,603,5057,,
score_128_6503_45_2023_1_本科一批,128_6503,128,6503,广西,2023,机械设计制造及其自动化,本科 (1),工学 (10),机械类 (64),普通类,本科一批,理科,598,603,600,5605,,
score_128_6498_45_2023_1_本科一批,128_6498,128,6498,广西,2023,工业设计,本科 (1),工学 (10),机械类 (64),普通类,本科一批,理科,585,590,588,7675,,
score_128_6484_45_2023_1_本科一批,128_6484,128,6484,广西,2023,地理信息科学,本科 (1),理学 (9),地理科学类 (55),普通类,本科一批,理科,562,587,578,12650,,
score_128_6527_45_2023_1_本科一批,128_6527,128,6527,广西,2023,海事管理,本科 (1),管理学 (13),公共管理类 (115),普通类,本科一批,理科,562,583,570,12650,,
score_128_6551_45_2023_1_本科一批,128_6551,128,6551,广西,2023,道路桥梁与渡河工程,本科 (1),工学 (10),土木类 (72),普通类,本科一批,理科,556,577,565,14167,,
score_128_6503_46_2023_3_本科批,128_6503,128,6503,海南,2023,机械设计制造及其自动化,本科 (1),工学 (10),机械类 (64),普通类,本科批,综合,695,0,0,1853,,物理必选
score_128_6551_46_2023_3_本科批,128_6551,128,6551,海南,2023,道路桥梁与渡河工程,本科 (1),工学 (10),土木类 (72),普通类,本科批,综合,680,0,0,2603,,物理必选
score_128_6533_46_2023_3_本科批,128_6533,128,6533,海南,2023,信息管理与信息系统,本科 (1),管理学 (13),管理科学与工程类 (112),普通类,本科批,综合,678,0,0,2721,,物理必选
score_128_6484_46_2023_3_本科批,128_6484,128,6484,海南,2023,地理信息科学,本科 (1),理学 (9),地理科学类 (55),普通类,本科批,综合,674,0,0,2981,,物理必选
score_128_6527_46_2023_3_本科批,128_6527,128,6527,海南,2023,海事管理,本科 (1),管理学 (13),公共管理类 (115),普通类,本科批,综合,674,0,0,2981,,物理必选
score_128_6471_46_2023_3_本科批,128_6471,128,6471,海南,2023,金融学,本科 (1),经济学 (4),金融学类 (37),中外合作办学,本科批,综合,653,0,0,4568,（中外合作办学）（仅招收有该专业志愿的考生）,不限
score_128_6471_46_2023_3_本科批,128_6471,128,6471,海南,2023,金融学,本科 (1),经济学 (4),金融学类 (37),中外合作办学,本科批,综合,653,0,0,4568,（中外合作办学）（仅招收有该专业志愿的考生）,不限
score_128_6503_46_2023_3_本科批,128_6503,128,6503,海南,2023,机械设计制造及其自动化,本科 (1),工学 (10),机械类 (64),普通类,本科批,综合,695,0,0,1853,,物理必选
score_128_6551_46_2023_3_本科批,128_6551,128,6551,海南,2023,道路桥梁与渡河工程,本科 (1),工学 (10),土木类 (72),普通类,本科批,综合,680,0,0,2603,,物理必选
score_128_6533_46_2023_3_本科批,128_6533,128,6533,海南,2023,信息管理与信息系统,本科 (1),管理学 (13),管理科学与工程类 (112),普通类,本科批,综合,678,0,0,2721,,物理必选
score_128_6484_46_2023_3_本科批,128_6484,128,6484,海南,2023,地理信息科学,本科 (1),理学 (9),地理科学类 (55),普通类,本科批,综合,674,0,0,2981,,物理必选
score_128_6527_46_2023_3_本科批,128_6527,128,6527,海南,2023,海事管理,本科 (1),管理学 (13),公共管理类 (115),普通类,本科批,综合,674,0,0,2981,,物理必选
score_128_6497_50_2023_2073_本科批,128_6497,128,6497,重庆,2023,机械工程,本科 (1),工学 (10),机械类 (64),普通类,本科批,物理类,603,0,0,6241,（智能制造本硕实验班）,
score_128_6503_50_2023_2073_本科批,128_6503,128,6503,重庆,2023,机械设计制造及其自动化,本科 (1),工学 (10),机械类 (64),普通类,本科批,物理类,593,0,0,8175,,
score_128_6499_50_2023_2073_本科批,128_6499,128,6499,重庆,2023,车辆工程,本科 (1),工学 (10),机械类 (64),中外合作办学,本科批,物理类,573,0,0,12990,（中外合作办学）,
score_128_6471_50_2023_2073_本科批,128_6471,128,6471,重庆,2023,金融学,本科 (1),经济学 (4),金融学类 (37),中外合作办学,本科批,物理类,561,0,0,16442,（中外合作办学）,
score_128_6484_50_2023_2073_本科提前批B段,128_6484,128,6484,重庆,2023,地理信息科学,本科 (1),理学 (9),地理科学类 (55),普通类,本科提前批B段,物理类,569,0,0,14108,（国家专项计划）,
score_128_6554_51_2023_2_本科一批,128_6554,128,6554,四川,2023,思想政治教育,本科 (1),法学 (5),马克思主义理论类 (43),普通类,本科一批,文科,579,579,579,3517,,
score_128_6471_51_2023_2_本科一批,128_6471,128,6471,四川,2023,金融学,本科 (1),经济学 (4),金融学类 (37),中外合作办学,本科一批,文科,571,571,571,4971,（中外合作，中外合作办学）,
score_128_6503_51_2023_1_本科一批,128_6503,128,6503,四川,2023,机械设计制造及其自动化,本科 (1),工学 (10),机械类 (64),普通类,本科一批,理科,625,626,626,11536,,
score_128_1129671_51_2023_1_本科一批,128_1129671,128,1129671,四川,2023,导航工程,本科 (1),工学 (10),测绘类 (74),普通类,本科一批,理科,623,626,625,12254,,
score_128_6533_51_2023_1_本科一批,128_6533,128,6533,四川,2023,信息管理与信息系统,本科 (1),管理学 (13),管理科学与工程类 (112),普通类,本科一批,理科,623,624,624,12254,,
score_128_6498_51_2023_1_本科一批,128_6498,128,6498,四川,2023,工业设计,本科 (1),工学 (10),机械类 (64),普通类,本科一批,理科,623,623,623,12254,,
score_128_6484_51_2023_1_本科一批,128_6484,128,6484,四川,2023,地理信息科学,本科 (1),理学 (9),地理科学类 (55),普通类,本科一批,理科,622,623,623,12629,,
score_128_6551_51_2023_1_本科一批,128_6551,128,6551,四川,2023,道路桥梁与渡河工程,本科 (1),工学 (10),土木类 (72),普通类,本科一批,理科,618,620,619,14158,,
score_128_6527_51_2023_1_本科一批,128_6527,128,6527,四川,2023,海事管理,本科 (1),管理学 (13),公共管理类 (115),普通类,本科一批,理科,618,618,618,14158,,
score_128_6499_51_2023_1_本科一批,128_6499,128,6499,四川,2023,车辆工程,本科 (1),工学 (10),机械类 (64),中外合作办学,本科一批,理科,602,609,606,21220,（中外合作，中外合作办学）,
score_128_6471_51_2023_1_本科一批,128_6471,128,6471,四川,2023,金融学,本科 (1),经济学 (4),金融学类 (37),中外合作办学,本科一批,理科,601,609,605,21713,（中外合作，中外合作办学）,
score_128_6554_52_2023_2_本科一批,128_6554,128,6554,贵州,2023,思想政治教育,本科 (1),法学 (5),马克思主义理论类 (43),普通类,本科一批,文科,602,604,0,2013,,
score_128_6498_52_2023_1_本科一批,128_6498,128,6498,贵州,2023,工业设计,本科 (1),工学 (10),机械类 (64),普通类,本科一批,理科,589,589,0,5565,,
score_128_6503_52_2023_1_本科一批,128_6503,128,6503,贵州,2023,机械设计制造及其自动化,本科 (1),工学 (10),机械类 (64),普通类,本科一批,理科,588,588,0,5724,,
score_128_6533_52_2023_1_本科一批,128_6533,128,6533,贵州,2023,信息管理与信息系统,本科 (1),管理学 (13),管理科学与工程类 (112),普通类,本科一批,理科,584,584,0,6294,,
score_128_6527_52_2023_1_本科一批,128_6527,128,6527,贵州,2023,海事管理,本科 (1),管理学 (13),公共管理类 (115),普通类,本科一批,理科,582,582,0,6614,,
score_128_6551_52_2023_1_本科一批,128_6551,128,6551,贵州,2023,道路桥梁与渡河工程,本科 (1),工学 (10),土木类 (72),普通类,本科一批,理科,573,581,0,8040,,
score_128_6554_53_2023_2_本科一批,128_6554,128,6554,云南,2023,思想政治教育,本科 (1),法学 (5),马克思主义理论类 (43),普通类,本科一批,文科,591,591,591,2083,,
score_128_6503_53_2023_1_本科一批,128_6503,128,6503,云南,2023,机械设计制造及其自动化,本科 (1),工学 (10),机械类 (64),普通类,本科一批,理科,601,604,602,5547,,
score_128_6533_53_2023_1_本科一批,128_6533,128,6533,云南,2023,信息管理与信息系统,本科 (1),管理学 (13),管理科学与工程类 (112),普通类,本科一批,理科,597,600,599,6250,,
score_128_6551_53_2023_1_本科一批,128_6551,128,6551,云南,2023,道路桥梁与渡河工程,本科 (1),工学 (10),土木类 (72),普通类,本科一批,理科,596,598,597,6421,,
score_128_6554_61_2023_2_本科一批,128_6554,128,6554,陕西,2023,思想政治教育,本科 (1),法学 (5),马克思主义理论类 (43),普通类,本科一批,文科,558,558,558,2805,,
score_128_6503_61_2023_1_本科一批,128_6503,128,6503,陕西,2023,机械设计制造及其自动化,本科 (1),工学 (10),机械类 (64),普通类,本科一批,理科,587,588,588,7541,,
score_128_6533_61_2023_1_本科一批,128_6533,128,6533,陕西,2023,信息管理与信息系统,本科 (1),管理学 (13),管理科学与工程类 (112),普通类,本科一批,理科,586,587,586,7694,,
score_128_1129671_61_2023_1_本科一批,128_1129671,128,1129671,陕西,2023,导航工程,本科 (1),工学 (10),测绘类 (74),普通类,本科一批,理科,585,587,586,7846,,
score_128_6551_61_2023_1_本科一批,128_6551,128,6551,陕西,2023,道路桥梁与渡河工程,本科 (1),工学 (10),土木类 (72),普通类,本科一批,理科,584,585,584,8014,,
score_128_6484_61_2023_1_本科一批,128_6484,128,6484,陕西,2023,地理信息科学,本科 (1),理学 (9),地理科学类 (55),普通类,本科一批,理科,578,579,578,9074,,
score_128_6554_62_2023_2_本科一批I段,128_6554,128,6554,甘肃,2023,思想政治教育,本科 (1),法学 (5),马克思主义理论类 (43),普通类,本科一批I段,文科,546,546,546,1489,（武汉市）,
score_128_6503_62_2023_1_本科一批I段,128_6503,128,6503,甘肃,2023,机械设计制造及其自动化,本科 (1),工学 (10),机械类 (64),普通类,本科一批I段,理科,559,559,559,3789,（武汉市）,
score_128_6484_62_2023_1_本科一批I段,128_6484,128,6484,甘肃,2023,地理信息科学,本科 (1),理学 (9),地理科学类 (55),普通类,本科一批I段,理科,543,543,543,5566,（武汉市）,
score_128_6551_62_2023_1_本科一批I段,128_6551,128,6551,甘肃,2023,道路桥梁与渡河工程,本科 (1),工学 (10),土木类 (72),普通类,本科一批I段,理科,539,539,539,6096,（武汉市）,
score_128_6527_62_2023_1_本科一批I段,128_6527,128,6527,甘肃,2023,海事管理,本科 (1),管理学 (13),公共管理类 (115),普通类,本科一批I段,理科,536,536,536,6481,（武汉市）,
score_128_6533_63_2023_1_本科一段,128_6533,128,6533,青海,2023,信息管理与信息系统,本科 (1),管理学 (13),管理科学与工程类 (112),普通类,本科一段,理科,474,0,0,1960,,
score_128_6503_63_2023_1_本科一段,128_6503,128,6503,青海,2023,机械设计制造及其自动化,本科 (1),工学 (10),机械类 (64),普通类,本科一段,理科,465,0,0,2311,,
score_128_6551_63_2023_1_本科一段,128_6551,128,6551,青海,2023,道路桥梁与渡河工程,本科 (1),工学 (10),土木类 (72),普通类,本科一段,理科,448,0,0,3021,,
score_128_6554_64_2023_2_本科一批,128_6554,128,6554,宁夏,2023,思想政治教育,本科 (1),法学 (5),马克思主义理论类 (43),普通类,本科一批,文科,545,545,545,792,,
score_128_6503_64_2023_1_本科一批,128_6503,128,6503,宁夏,2023,机械设计制造及其自动化,本科 (1),工学 (10),机械类 (64),普通类,本科一批,理科,522,523,523,1791,,
score_128_6551_64_2023_1_本科一批,128_6551,128,6551,宁夏,2023,道路桥梁与渡河工程,本科 (1),工学 (10),土木类 (72),普通类,本科一批,理科,510,512,511,2269,,
score_128_6484_64_2023_1_本科一批,128_6484,128,6484,宁夏,2023,地理信息科学,本科 (1),理学 (9),地理科学类 (55),普通类,本科一批,理科,499,499,499,2828,,
score_128_6554_65_2023_2_本科一批,128_6554,128,6554,新疆,2023,思想政治教育,本科 (1),法学 (5),马克思主义理论类 (43),普通类,本科一批,文科,527,532,530,-,,
score_128_6533_65_2023_1_本科一批,128_6533,128,6533,新疆,2023,信息管理与信息系统,本科 (1),管理学 (13),管理科学与工程类 (112),普通类,本科一批,理科,536,536,536,-,,
score_128_6503_65_2023_1_本科一批,128_6503,128,6503,新疆,2023,机械设计制造及其自动化,本科 (1),工学 (10),机械类 (64),普通类,本科一批,理科,529,534,532,-,,
score_128_6551_65_2023_1_本科一批,128_6551,128,6551,新疆,2023,道路桥梁与渡河工程,本科 (1),工学 (10),土木类 (72),普通类,本科一批,理科,524,527,526,-,,
score_128_6484_65_2023_1_本科一批,128_6484,128,6484,新疆,2023,地理信息科学,本科 (1),理学 (9),地理科学类 (55),普通类,本科一批,理科,521,528,524,-,,
score_128_6497_13_2024_2073_本科批,128_6497,128,6497,河北,2024,机械工程,本科 (1),工学 (10),机械类 (64),普通类,本科批,物理类,621,0,0,7068,（智能制造卓越实验班）,
score_128_6503_13_2024_2073_本科批,128_6503,128,6503,河北,2024,机械设计制造及其自动化,本科 (1),工学 (10),机械类 (64),普通类,本科批,物理类,614,0,0,9515,,
score_128_6533_13_2024_2073_本科批,128_6533,128,6533,河北,2024,信息管理与信息系统,本科 (1),管理学 (13),管理科学与工程类 (112),普通类,本科批,物理类,609,0,0,11565,,
score_128_1129671_13_2024_2073_本科批,128_1129671,128,1129671,河北,2024,导航工程,本科 (1),工学 (10),测绘类 (74),普通类,本科批,物理类,606,0,0,12898,,
score_128_6484_13_2024_2073_本科批,128_6484,128,6484,河北,2024,地理信息科学,本科 (1),理学 (9),地理科学类 (55),普通类,本科批,物理类,598,0,0,16972,,
score_128_6499_13_2024_2073_本科批,128_6499,128,6499,河北,2024,车辆工程,本科 (1),工学 (10),机械类 (64),中外合作办学,本科批,物理类,595,0,0,18663,（中外合作办学）,
score_128_6471_13_2024_2073_本科批,128_6471,128,6471,河北,2024,金融学,本科 (1),经济学 (4),金融学类 (37),中外合作办学,本科批,物理类,587,0,0,23707,（中外合作办学）,
score_128_6554_13_2024_2074_本科批,128_6554,128,6554,河北,2024,思想政治教育,本科 (1),法学 (5),马克思主义理论类 (43),普通类,本科批,历史类,616,0,0,2311,,
score_128_6471_13_2024_2074_本科批,128_6471,128,6471,河北,2024,金融学,本科 (1),经济学 (4),金融学类 (37),中外合作办学,本科批,历史类,603,0,0,3882,（中外合作办学）,
score_128_6551_13_2024_2073_本科提前批B段,128_6551,128,6551,河北,2024,道路桥梁与渡河工程,本科 (1),工学 (10),土木类 (72),普通类,本科提前批B段,物理类,596,0,0,18111,（国家专项计划）,
score_128_6554_15_2024_2_本科一批,128_6554,128,6554,内蒙古,2024,思想政治教育,本科 (1),法学 (5),马克思主义理论类 (43),普通类,本科一批,文科,562,562,0,1192,,
score_128_6503_15_2024_1_本科一批,128_6503,128,6503,内蒙古,2024,机械设计制造及其自动化,本科 (1),工学 (10),机械类 (64),普通类,本科一批,理科,610,614,0,3250,,
score_128_1129671_15_2024_1_本科一批,128_1129671,128,1129671,内蒙古,2024,导航工程,本科 (1),工学 (10),测绘类 (74),普通类,本科一批,理科,600,603,0,4224,,
score_128_6499_15_2024_1_本科一批,128_6499,128,6499,内蒙古,2024,车辆工程,本科 (1),工学 (10),机械类 (64),普通类,本科一批,理科,585,587,0,5874,（中外合作办学）,
score_128_6484_15_2024_1_本科一批,128_6484,128,6484,内蒙古,2024,地理信息科学,本科 (1),理学 (9),地理科学类 (55),普通类,本科一批,理科,579,583,0,6620,,
score_128_6533_15_2024_1_本科一批,128_6533,128,6533,内蒙古,2024,信息管理与信息系统,本科 (1),管理学 (13),管理科学与工程类 (112),普通类,本科一批,理科,579,579,0,6620,,
score_128_6551_15_2024_1_本科一批,128_6551,128,6551,内蒙古,2024,道路桥梁与渡河工程,本科 (1),工学 (10),土木类 (72),普通类,本科一批,理科,575,589,0,7138,,
score_128_6471_15_2024_1_本科一批,128_6471,128,6471,内蒙古,2024,金融学,本科 (1),经济学 (4),金融学类 (37),普通类,本科一批,理科,556,593,0,9972,（中外合作办学）,
score_128_6497_21_2024_2073_本科批,128_6497,128,6497,辽宁,2024,机械工程,本科 (1),工学 (10),机械类 (64),普通类,本科批,物理类,633,0,0,6572,（智能制造卓越实验班）,
score_128_6503_21_2024_2073_本科批,128_6503,128,6503,辽宁,2024,机械设计制造及其自动化,本科 (1),工学 (10),机械类 (64),普通类,本科批,物理类,630,0,0,7171,,
score_128_6533_21_2024_2073_本科批,128_6533,128,6533,辽宁,2024,信息管理与信息系统,本科 (1),管理学 (13),管理科学与工程类 (112),普通类,本科批,物理类,622,0,0,8928,,
score_128_6498_21_2024_2073_本科批,128_6498,128,6498,辽宁,2024,工业设计,本科 (1),工学 (10),机械类 (64),普通类,本科批,物理类,620,0,0,9383,,
score_128_6554_33_2024_3_平行录取一段,128_6554,128,6554,浙江,2024,思想政治教育,本科 (1),法学 (5),马克思主义理论类 (43),普通类,平行录取一段,综合,649,0,0,13199,,
score_128_6503_33_2024_3_平行录取一段,128_6503,128,6503,浙江,2024,机械设计制造及其自动化,本科 (1),工学 (10),机械类 (64),普通类,平行录取一段,综合,645,0,0,15130,,
score_128_6471_33_2024_3_平行录取一段,128_6471,128,6471,浙江,2024,金融学,本科 (1),经济学 (4),金融学类 (37),中外合作办学,平行录取一段,综合,642,0,0,17037,（中外合作办学）,
score_128_1129671_33_2024_3_平行录取一段,128_1129671,128,1129671,浙江,2024,导航工程,本科 (1),工学 (10),测绘类 (74),普通类,平行录取一段,综合,642,0,0,16748,,
score_128_6484_33_2024_3_平行录取一段,128_6484,128,6484,浙江,2024,地理信息科学,本科 (1),理学 (9),地理科学类 (55),普通类,平行录取一段,综合,641,0,0,17868,,
score_128_6499_33_2024_3_平行录取一段,128_6499,128,6499,浙江,2024,车辆工程,本科 (1),工学 (10),机械类 (64),中外合作办学,平行录取一段,综合,638,0,0,19736,（中外合作办学）,
score_128_6527_33_2024_3_平行录取一段,128_6527,128,6527,浙江,2024,海事管理,本科 (1),管理学 (13),公共管理类 (115),普通类,平行录取一段,综合,633,0,0,22657,,
score_128_6497_37_2024_3_普通类一段,128_6497,128,6497,山东,2024,机械工程,本科 (1),工学 (10),机械类 (64),普通类,普通类一段,综合,617,0,0,12851,（智能制造卓越实验班）,
score_128_6503_37_2024_3_普通类一段,128_6503,128,6503,山东,2024,机械设计制造及其自动化,本科 (1),工学 (10),机械类 (64),普通类,普通类一段,综合,609,0,0,16896,,
score_128_6533_37_2024_3_普通类一段,128_6533,128,6533,山东,2024,信息管理与信息系统,本科 (1),管理学 (13),管理科学与工程类 (112),普通类,普通类一段,综合,603,0,0,20213,,
score_128_6498_37_2024_3_普通类一段,128_6498,128,6498,山东,2024,工业设计,本科 (1),工学 (10),机械类 (64),普通类,普通类一段,综合,602,0,0,20726,,
score_128_1129671_37_2024_3_普通类一段,128_1129671,128,1129671,山东,2024,导航工程,本科 (1),工学 (10),测绘类 (74),普通类,普通类一段,综合,602,0,0,20652,,
score_128_6554_37_2024_3_普通类一段,128_6554,128,6554,山东,2024,思想政治教育,本科 (1),法学 (5),马克思主义理论类 (43),普通类,普通类一段,综合,601,0,0,21836,,
score_128_6484_37_2024_3_普通类一段,128_6484,128,6484,山东,2024,地理信息科学,本科 (1),理学 (9),地理科学类 (55),普通类,普通类一段,综合,595,0,0,25642,,
score_128_6499_37_2024_3_普通类一段,128_6499,128,6499,山东,2024,车辆工程,本科 (1),工学 (10),机械类 (64),中外合作办学,普通类一段,综合,587,0,0,32042,（中外合作办学）,
score_128_6471_37_2024_3_普通类一段,128_6471,128,6471,山东,2024,金融学,本科 (1),经济学 (4),金融学类 (37),中外合作办学,普通类一段,综合,585,0,0,33648,（中外合作办学）,
score_128_6497_50_2024_2073_本科批,128_6497,128,6497,重庆,2024,机械工程,本科 (1),工学 (10),机械类 (64),普通类,本科批,物理类,631,0,0,5332,（智能制造卓越实验班）,
score_128_6503_50_2024_2073_本科批,128_6503,128,6503,重庆,2024,机械设计制造及其自动化,本科 (1),工学 (10),机械类 (64),普通类,本科批,物理类,622,0,0,7167,,
score_128_6499_50_2024_2073_本科批,128_6499,128,6499,重庆,2024,车辆工程,本科 (1),工学 (10),机械类 (64),中外合作办学,本科批,物理类,603,0,0,12178,（中外合作办学）,
score_128_6471_50_2024_2073_本科批,128_6471,128,6471,重庆,2024,金融学,本科 (1),经济学 (4),金融学类 (37),中外合作办学,本科批,物理类,592,0,0,15799,（中外合作办学）,
score_128_6484_50_2024_2073_本科提前批B段,128_6484,128,6484,重庆,2024,地理信息科学,本科 (1),理学 (9),地理科学类 (55),普通类,本科提前批B段,物理类,594,0,0,15067,（国家专项）,
score_128_6554_52_2024_2074_本科批,128_6554,128,6554,贵州,2024,思想政治教育,本科 (1),法学 (5),马克思主义理论类 (43),普通类,本科批,历史类,599,0,0,1870,,
score_128_6503_52_2024_2073_本科批,128_6503,128,6503,贵州,2024,机械设计制造及其自动化,本科 (1),工学 (10),机械类 (64),普通类,本科批,物理类,616,0,0,5533,,
score_128_6498_52_2024_2073_本科批,128_6498,128,6498,贵州,2024,工业设计,本科 (1),工学 (10),机械类 (64),普通类,本科批,物理类,614,0,0,5849,,
score_128_6533_52_2024_2073_本科批,128_6533,128,6533,贵州,2024,信息管理与信息系统,本科 (1),管理学 (13),管理科学与工程类 (112),普通类,本科批,物理类,612,0,0,6089,,
score_128_6527_52_2024_2073_本科批,128_6527,128,6527,贵州,2024,海事管理,本科 (1),管理学 (13),公共管理类 (115),普通类,本科批,物理类,611,0,0,6278,,
score_128_6484_52_2024_2073_本科批,128_6484,128,6484,贵州,2024,地理信息科学,本科 (1),理学 (9),地理科学类 (55),普通类,本科批,物理类,597,0,0,9516,（国家专项计划）,
score_128_6551_52_2024_2073_本科批,128_6551,128,6551,贵州,2024,道路桥梁与渡河工程,本科 (1),工学 (10),土木类 (72),普通类,本科批,物理类,597,0,0,9417,,
score_128_6551_52_2024_2073_本科批,128_6551,128,6551,贵州,2024,道路桥梁与渡河工程,本科 (1),工学 (10),土木类 (72),普通类,本科批,物理类,584,0,0,13000,（国家专项计划）,
