special_unique_id,school_id,special_id,sp_name,limit_year,degree,level1_name,level2_name,level3_name,content
115_5509,115,5509,汉语言文学,四年,文学学士,本科(普通),文学,中国语言文学类,<p>汉语言文学(国家文科基地班)</p><p></p><p>　　培养目标：主要为各类学校、科研机构及文化宣传单位培养高层次中文学科教学、科研和应用人才。</p><p></p><p>　　主要课程：现代汉语、古代汉语、写作学、文学概论、古代文学、现代文学、外国文学、语言学概论、西方文论、西方美学史、文艺美学、词学、古代文论、比较文学、科研论文读写、中国语言学史等必修课，并开设文艺学系列、古代文学系列、现当代文学系列、外国文学系列、语言学系列等数十门选修课。</p><p></p><p>　　专业特色：本专业建立在由唐圭璋、孙望、段熙仲、徐复等学术巨匠所奠定的学科基础之上，坚持以“三基”（基础知识、基本理论、基本技能）学习为核心，高度重视学生科研创新能力的培养。文科基地班集中了汉语言文学专业最优秀的教师资源，授课教师都是具有丰富教学经验的专家，其中绝大部分是硕士生导师和博士生导师。同时实行本科生导师制，配备副教授以上的导师来指导学生进行专业性研究。</p><p></p><p>　　就业去向：60％左右的毕业生可免试保送攻读研究生；其余自行考研或自主择业，可从事新闻、宣传、秘书、出版、教育等工作。</p><p></p><p>　　汉语言文学(师范方向)——国家首批特色专业、江苏省首批品牌专业</p><p></p><p>　　培养目标：培养中等学校“教学研究”型语文师资和优秀教育管理人才。</p><p></p><p>　　主要课程：现代汉语、古代汉语、写作学、古代文学、外国文学、文学概论、现代文学、语言学概论、教育学、教育技术学、教育管理学、普通心理学、学科(语文)教育学、科研论文读写、书法艺术等必修课，并开设了文艺学、古代文学、外国文学等数十门系列选修课。</p><p></p><p>　　专业特色：本专业具有悠久的办学历史，从1952年院系调整起，就是国内首批招收全日制本科生的师范专业之一。目前拥有一个国家精品课程（中国现当代文学），三个省级精品课程（古代汉语、中国古代文学和中国现当代文学）。本专业高度重视本科教学，具有高级职称的教师100%担负本科教学任务，着重培养学生的“大语文”思维能力和专业技能。本专业师资力量雄厚，现有专业教师57人，其中教授26人，副教授19人，讲师7人。</p><p></p><p>　　就业去向：中等学校及其他文化教育单位。</p><p></p><p></p><p>　　汉语言文学(高级秘书方向)</p><p></p><p>　　培养目标：培养党政机关、企事业单位秘书及行政管理人才。</p><p></p><p>　　主要课程：现代汉语、古代汉语、写作学、文学概论、古代文学、现代文学史、外国文学、语言学概论、档案管理、秘书学概论、公务文书写作、广告学、公务员制度、秘书实务、现代企业管理、办公自动化、公关礼仪学、大众传播学、科研论文读写等必修课，并开设20余门专业选修课。</p><p></p><p>　　专业特色：本专业拥有全国唯一的相关学科“应用文体学”的博士点和硕士点。专业紧扣社会发展，以培养党政机关、企事业单位较高层次秘书为出发点，形成了自己鲜明而特有的学科特色。专业与韩国等大学建有广泛的秘书合作培养机制，学生可以较方便地申请公派赴韩国等大学学习交流。学科研究中，已经建立了自己的教材体系，古代文牍学的研究在全国处于领先地位。本专业承担各级公务员培训工作。专任教师中90%具有博士学历，其中教授、副教授6人，讲师3人。</p><p></p><p>　　就业去向：各级各类党政机关、企事业单位。</p><p></p><p></p><p>　　汉语言文学(编辑出版学方向)</p><p></p><p>　　培养目标：主要为新闻出版等文化事业单位培养专业人才。</p><p></p><p>　　主要课程：现代汉语、古代汉语、写作学、古代文学、外国文学、艺术概论、编辑学概论、编辑实务、出版学概论、图书学概论、中国编辑出版史、专业法律基础、现代编辑出版手段、图书发行与外贸教程、外国出版概况、编辑应用文写作、音像电子出版、科研论文读写等必修课，并开设20余门专业选修课。</p><p></p><p>　　专业特色：本专业以适应社会主义市场经济背景下文化产业要求的“大出版”为理念，逐步建构起包括高校、出版社、杂志社、书店、图书市场等在内的学界与业界联动的一体化人才培养模式，毕业生有着较强的实际应用能力，能够适应市场经济条件下我国出版产业的特殊要求。本专业以汉语言文学学科为依托，重视培养学生全面人格精神和人文素养，做到了素质教育与专业教育、编辑出版与其他学科、知识素质与应用技能的有机结合，培养了大批全面发展、具有一定创造力的高层次复合人才。</p><p></p><p>　　就业去向：新闻出版、期刊杂志、文化宣传等部门。</p>
115_5479,115,5479,新闻学,四年,文学学士,本科(普通),文学,新闻传播学类,<p>　——江苏省品牌专业、国家特色专业建设点</p><p></p><p>　　培养目标：主要培养从事新闻工作的记者、编辑等专门人才，同时也培养党政机关、企业、事业单位的宣传人才和公共关系人才，培养广播、电视的音像节目制作人才。</p><p></p><p>　　主要课程：古代文学、现当代文学、传播学概论、新闻摄影、新闻传播法学、新闻采访学、新闻写作学、新闻编辑学、新闻评论学、中国新闻史、外国新闻史、广播电视学、广播电视新闻采编、报纸电子编辑与实践、新闻优秀作品选读等专业必修课，以及广告学概论、舆论学、网站制作、体育新闻报道等10余门专业选修课。</p><p></p><p>　　专业特色：该专业创办于1964年，是全国较早创办新闻专业的高校之一，是江苏省高校唯一的新闻专业省重点学科，是目前全国师范院校第一家也是唯一一家新闻学博士学位授予单位和江苏省第一家新闻学博士学位授权单位，是国家新闻特色专业建设点，是江苏省品牌专业，也是南京师范大学品牌专业。</p><p></p><p>　　新闻学专业现有在职教师18人，其中教授4人，副教授3人，其中博士学位获得者和在读博士生10人，已形成一支年龄结构合理、专业素质高、学术视野开阔的师资队伍。</p><p></p><p>　　新闻学专业的毕业生广泛分布于全国尤其是江苏省的各大新闻媒体，其中已有相当数量的毕业生担任了这些新闻媒体的主要领导，绝大多数人则是这些单位的业务骨干力量。</p><p></p><p>　　就业去向：各级各类新闻单位，党政机关，各企事业单位。</p>
115_5504,115,5504,法学,四年,法学学士,本科(普通),法学,法学类,<p>法学——教育部法学专业人才培养创新实验区、江苏省特色专业</p><p></p><p>　　培养目标：培养具有一定科研能力与发展后劲的法学研究人才；培养具有较高理论素养专门性的法律实务人才；培养具有较强工作能力和法律修养的社会管理人才。为国内知名法学院校研究生教育提供优质的生源；为江苏乃至全国的经济社会发展培养高素质的应用性人才。</p><p></p><p>　　主要课程：法理学、宪法学、行政法学、民法学、商法学、刑法学、中国法制史、国际法学、刑事诉讼法学、经济法学、民事诉讼法学、国际经济法学、国际私法学、知识产权法学、证据法学、律师与公证实务等。</p><p></p><p>　　专业特色：本专业为教育部法学专业人才培养创新实验区（全国只有五个法学院校），江苏省特色专业，也是南京师范大学本科教学特区。法律实验中心是江苏省省级示范实验中心，依托法学院成立的南京师范大学司法鉴定中心是江苏省唯一的综合性司法鉴定机构。法学专业已经形成多元化的人才培养新模式：从高考直接选拔的普通四年制法学本科专业；进入我校其他专业学习两年后经过选拔考试进入法学院学习的“2+2”的跨专业培养模式；与南京医科大学合作培养的医学、法学的双学位“4+2”模式（四年医学加二年法学）；进入我校的外国语学院学习二年外语后再学习法学专业的“2+2”外语、法学模式。</p><p></p><p>　　就业去向：学生毕业后在人大、政府、法院、检察院、公安局、司法局等部门从事立法、政府法制、审判、检察及其他司法工作；在律师事务所、公证处及其他中介机构从事律师、公证及其他相关工作；在政府部门及企业事业单位从事执法及法律服务以及与法律相关的行政管理工作。</p>
115_5470,115,5470,信息与计算科学,四年,理学学士,本科(普通),理学,数学类,<p>　(1998年，国家将数学大类中的计算数学及其应用软件、信息科学两个专业合并，改称为信息与计算科学专业，我院是国内较早招收培养该专业本科生的高校之一，是本专业国家教学指导委员会成员单位。)</p><p></p><p>　　培养目标：主要培养具有良好的数学基础，掌握信息与计算数学的基础知识，具备娴熟的计算机应用与软件开发能力，能解决信息技术和科学与工程计算中的实际问题，能够在数学、计算机以及经济、管理等领域从事科学研究、软件开发等工作，具有创新精神和实践能力的高素质人才。</p><p></p><p>　　主要课程：解析几何，数学分析，高等代数，常微分方程，普通物理，复变函数，概率论与数理统计。专业课有数值计算方法，运筹与优化，离散数学，专修课程有信号处理的数学理论，管理信息系统，数学建模，信息论，计算机编码。专业任意选修课程有组合数学，计算机系统安全学，软件工程，模糊数学基础，多媒体程序设计，统计计算与软件包，信号处理的数学理论，工程数值方法等。</p><p></p><p>　　就业去向：主要在企业、科研单位、高等院校等单位从事科学与工程计算、应用软件研制、高新技术开发、产业优化管理、科学研究和数学及计算机教学等方面的工作。</p>
115_5471,115,5471,统计学,四年,理学学士,本科(普通),理学,统计学类,<p><strong>专业代码</strong>：071201 </p><p><strong> 学科门类</strong>：理学</p><p><strong>授予学位</strong><strong>：理学学士</strong></p><p><strong>学历层次</strong>：本科</p><p><strong>修学年限</strong>：四年</p><p><strong>一、专业简介</strong></p><p>南京师范大学统计学专业设立于1999年，为全国首批设立，于2002年开始招生，已有20多年的专业办学史。统计学以概率论为基础，研究如何有效地收集、分析数据，为相关决策提供依据和参考。其理论与方法已被广泛应用于自然科学、工程技术和人文社科领域，是处理大数据的核心学科之一。本专业是国家一流本科专业，依托数学及统计学一级学科博士点、江苏省重点一级学科、博士后流动站优势学科、应用统计专业硕士学位点平台及省部共建金融统计本科教学实验室为实践平台，借助现代化教学设施和实验设备，为国家培养具有金融特色的高水平统计学专门人才。</p><p><strong>二、培养目标</strong></p><p>本专业坚持新时代中国特色社会主义办学方向，适应国家重大战略需求。依托南京师范大学数学学科位居全国前列的学科优势，立足江苏、面向全国，以培养具有“家国情怀、国际视野、厚生品格、创新素养”的一流人才为总体培养目标。通过四年的专业学习，使得学生具有扎实的数学基础，掌握统计学的基本思想、理论、方法，具有良好的道德、科学与文化素养，较强的自学能力与社会适应能力；熟练掌握相关计算机技术及统计专业软件，具备能够把具体行业领域的特点与所学统计知识相结合，运用统计学理论和方法分析、解决实际问题的能力；具备根据社会与科技的发展需要进行知识更新的能力。通过专业课程的深入学习和科研的基本训练，初步具备从事科学研究的能力 ，5 年左右可成为统计学各个领域、有关交叉学科（如计算机科学、信息科学、金融保险等）及高科技部门的高层次研究人才，也可以到许多实际部门，如金融、证券、IT、大数据、人工智能等行业从事应用研究、科技开发和管理工作。毕业生也可以继续攻读统计学、应用统计、数据科学或其他学科的硕士、博士学位，或应用统计专业硕士学位；优秀毕业生将被免试推荐攻读研究生。</p><p><strong>三、主要课程 </strong></p><p>本专业课程设置主要包括：通识教育课程、专业教育课程和自主发展课程三个部分，其中专业教育课程主要涵盖：1、大类平台课程：数学分析（Ⅰ）、高等代数（Ⅰ）、解析几何、数学分析（Ⅱ）金融统计专业导论与探讨等； 2、学科基础课程：数学分析（Ⅱ）、高等代数（Ⅱ）、复变函数、实变函数、常微分方程等； 3、专业主干课程：概率论、数理统计、抽样调查、保险精算、统计计算、应用随机过程、应用回归分析、SAS与统计分析、时间序列分析、多元统计分析、毕业设计（论文）等。 自主发展课程主要有：数据库语言、国际金融学、统计建模与数据分析、非参数统计、计算方法、计量经济学、运筹学、数据科学导论、金融随机分析、期权期货定价理论、风险理论、抽象代数、现代分析、测度与概率基础等。</p><p><strong>四、人才培养 </strong></p><p>本专业培养具备系统的统计学理论知识和应用知识，掌握统计学的主要方法，具有处理特定行业数据问题的能力，能在经济、管理、生物、医药、金融、保险、工业、农业、林业、商 业、信息技术、教育、卫生、医药、气象、水利、环境和减灾等相关领域中从事数据搜集、分析与决策的创新型人才。     南京师范大学数学科学学院坚持精英人才培养战略，以优质的教育科研资源，为学生卓越发展提供一流的成才环境。        1、“导师强化”培养：学院为本科生配备学业导师和科研导师，时刻掌握学生的学习情况，提供积极的引导和帮助，鼓励本科生进入导师的课题组，参加导师的研究生讨论班，为学生的全方位成长助推导航。     2、“本硕贯通”培养：学院将本科生、研究生培养打通，高年级优秀本科生可提早进入硕士研究生阶段的学习，为有潜质的学生提供更为优越的成长成才机会。     3、“国际合作”培养：学院注重学生的国际化培养，现已与美国北卡罗来纳州立大学、匹兹堡大学、克利夫兰大学、英国南安普顿大学建立了合作培养关系，以切实的学术科研合作带动学生的国际交流，以优越的奖励资助政策推动学生的国际化培养。</p><p><strong>五、发展前景</strong></p><p>随着大数据时代的来临，统计学和数据分析更是发生了革命性的变化。各行各业都产生了大量的数据。这些数据都需要用统计方法进行挖掘分析应用，才能成为有价值的信息资产。计算机和大数据为统计学带来了广阔的市场前景，带火了统计学专业，统计学的热潮已从研究生蔓延到本科。21世纪是知识经济的时代，信息技术、计算机技术为统计学理论与方法的发展将产生巨大的推动作用。知识创新是时代的基本特征，统计学理论与方法的创新必将为众多领域和学科的发展体现出应有的价值。统计学与其他学科的紧密结合将产生新的边缘学科，许多学科的发展将依赖于统计理论与技术的应用，更为复杂数据的处理方法将成为统计理论界研究的热点，实用快捷的统计方法与技术将更加普及。</p><p><strong>六、就业方向</strong></p><p>随着知识经济的发展和大数据时代的来临，统计学专业毕业的学生备受用人市场青睐，除了继续境内外读研深造外，就业方向主要包括以下几类：     1、政府部门、统计局、各级管理部门等。政府部门一直是统计学毕业生比较理想的就业方向，主要从事普查、各种指数计算、报告编写等。     2、银行、保险、证券公司等金融部门。主要从事金融行业的用户分析、风险分析，如一些高校开设了风险管理与精算方向，毕业生可以从事精算师等非常热门的职业。想要在这个方向发展需要学好各种模型、统计软件并补充一些经济、证券、财务等知识。     3、市场调查公司、咨询公司、各公司的市场调研部门、各公司的人力资源部门和工业企业的质量监测部门等。这一方向主要是各公司的调研部门从事问卷设计、整理和分析数据、撰写数据报告等工作，也是该专业比较传统的就业方向。     4、互联网行业。这一方向主要是在互联网公司做数据挖掘。从事这一方向除了传统统计学外，还要掌握一些编程、数据库语言的知识。</p>
115_5521,115,5521,英语,四年,文学学士,本科(普通),文学,外国语言文学类,<p>英语（师范方向）——江苏省品牌专业</p><p></p><p>　　培养目标：为大中专及中等学校培养具有较强的听、说、读、写、译等能力，并具有较强的教学科研能力的综合性教学、科研人才。</p><p></p><p>　　主要课程：综合英语、写作、阅读、听力会话、英语语法、英美文学选读、翻译、英语教学法、语言学概论、英语国家概况、计算机、第二外语、心理学、教育学、现代教育技术学、学科教学论、英语测试等。另外，该专业还开设中美文化、英美短篇小说选、英语语音学、英语词汇学、高级口语、外刊选读、艺术欣赏等三十多门选修课。往届学生每年英语专业四、八级考试通过率均在全国同类院校中名列前茅。</p><p></p><p>　　专业特色:英语语言文学专业是江苏省重点学科，其中“跨文化交际与英语教育”和“欧美文化研究和英语教师教育”分别是国家和江苏省“211工程”重点建设项目。目前拥有一支年龄、职称、学历结构合理，主要研究方向齐全的师资队伍，共有专职教师56人，其中博士生导师6人，教授13人，副教授15人，具有博士学位教师19人。</p><p></p><p>　　就业去向：学生毕业后主要从事普通高中及高等学校的英语教学、科研工作；学生还可以到国家机关及企事业单位从事各类外事工作。英语教育专业是江苏省品牌专业，历届毕业生就业率均达100%，受到用人单位的普遍欢迎，许多毕业生成为全省各地大中专院校及重点中学的教学骨干。</p><p></p><p>　　(注：该专业只招高考外语语种为英语的考生。)</p><p></p><p></p><p>　　△英语（经贸英语方向）</p><p></p><p>　　培养目标：培养具有较强的听、说、读、写、译等能力，并具有一定的商业贸易知识和实际操作能力的综合性英语人才。</p><p></p><p>　　主要课程：综合英语、写作、阅读、听力会话、商务英语阅读、商务英语写作、英美文学选读、翻译、语言学概论、英语国家概况、计算机、第二外语、国际贸易、国际市场营销、进出口业务、国际经济法、跨国企业经营与管理等。往届学生每年英语专业四、八级考试通过率均在全国同类院校中名列前茅。</p><p></p><p>　　就业去向：学生毕业后主要从事外经、外贸等涉外企事业单位和部门的业务员、翻译、文秘、管理等工作，也能从事经贸英语专业的教学、科研等工作。往届毕业生就业情况良好，历届就业率均达100%。</p><p></p><p>　　（注：该专业只招高考外语语种为英语的考生。学生在校期间要求通过英国剑桥商务英语证书三级（高级）的考试。）</p><p></p><p></p><p>　　△英语（翻译方向）</p><p></p><p>　　培养目标：培养具有较高思想素质、知识体系和翻译技能都达到合格标准的中级英语翻译人才。</p><p></p><p>　　在笔译方面，能用准确、通顺的语言进行一般外事领域（包括教育、文化、经济、外交等领域）的中英互译，借助工具书可以进行专业性较强的科技翻译。口译方面，能熟练使用英语口语，熟悉各种翻译语境，胜任外事接待、商务谈判、学术交流等场合的连续翻译。</p><p></p><p>　　主要课程：综合英语、写作、阅读、听力会话、语音实践、英美文学选读、中高级口译、中高级笔译、文学翻译、语言学概论、英语国家概况、计算机、第二外语、商务英语等。往届学生每年英语专业四、八级考试通过率均在全国同类院校中名列前茅。</p><p></p><p>　　就业去向：学生毕业后主要从事外经、外贸等涉外企事业单位和部门的业务员、翻译、文秘、管理等工作，也能从事英语专业的教学、科研等工作。</p><p></p><p>　　（注：该专业只招高考外语语种为英语的考生）</p><p></p><p></p><p>　　△英语（英西双语方向）（学制5年）</p><p></p><p>　　培养目标：本专业培养具有扎实的西班牙语语言功底，较好掌握听、说、读、写、译的基本技能，并具备较强实际能力的综合性人才。</p><p></p><p>　　主要课程：西班牙语精读、泛读、会话、视听、西班牙概况、拉丁美洲概况、西班牙文学概况与选读、拉丁美洲文学概况与选读、笔译、口译、写作、经贸西班牙语、报刊选读、中国文化、英语等。</p><p></p><p>　　专业特色：专业聘请西班牙和拉丁美洲国家的专家承担一定课程的教学任务，与西班牙、拉美国家驻中国的机构建立联系，通过组织各类活动、比赛提高学生学习语言的积极性，给学生提供机会使之在实践中学习和运用该语言。</p><p></p><p>　　就业去向：学生毕业后主要从事外事、外贸、外企、旅游、新闻、教育等领域的工作，在涉外企事业单位中承担翻译、文秘、管理等任务。也可在国内或国外继续深造。</p><p></p><p>　　（注：该专业只招收高考外语语种为英语的考生，学生毕业时获双语本科文凭。）</p><p></p><p></p><p>　　英语（实用英语方向）（该专业只招女生）</p><p></p><p>　　培养目标：主要培养英语基本功扎实、知识面广、语言实践能力强、具有一定的创新精神和可持续发展潜力的英语复合型人才。</p><p></p><p>　　主要课程：综合英语、英语阅读、英语口语、听力、英语写作、英汉翻译、口译、英语国家概况、英美文学选读、英语语言学、词汇学、商务英语、外贸英文函电、国际贸易与业务、国际金融、基础会计、数字化办公等。</p><p></p><p>　　专业特色：本专业师资力量强，70%以上的教师曾有国外学习的经历，青年教师在江苏省高等学校英语专业课堂教学比赛、南京师大青年教师教学大赛等比赛中多次获奖。“基础英语教学阶段培养自主学习和探索学习能力”的研究获江苏省高等教育教学成果奖。著名的美国威尔斯莉女子大学每年都选派多名优秀教师来院执教。已形成了专业基础扎实、知识面广，口语表达力强，气质高雅，社会适应面宽的人才培养特色。学生参加全国专业英语四级、八级考试，通过率一直处于全国外语院校领先水平。每年学生在全国、华东区、江苏省等各类大学生英语演讲比赛中均有出色表现。</p><p></p><p>　　就业去向：学生毕业后主要在外企、国内涉外机构、政府部门、学校及科学院所等单位从事翻译、管理、教学、文秘等工作。</p><p></p><p></p><p>　　英语（传媒英语方向）（该专业只招女生）</p><p></p><p>　　培养目标：培养具备扎实的英语语言口头和书面表达能力，同时具有新闻学和传播学系统理论知识、广博的文化科学知识，有着明确的新闻和传媒价值观、一定的创造力和独立思辨能力，具有多元文化素养，从事国际新闻传播的应用型、复合型专门人才。</p><p></p><p>　　主要课程：高级新闻英语阅读、英语新闻编译、高级新闻英语视听读、英语新闻写作、高级英语新闻听力、新闻英语文体学、新闻报道写作、新闻传播理论（英语）、广播电视英语新闻节目采写、跨文化传播与交际、英汉翻译和口译等。</p><p></p><p>　　专业特色：本专业依托英语和新闻学专业，具有高层次的师资队伍，专业教师都具有硕士或博士学位。多媒体实验室功能完善，设施先进，以培养学生的英语听说读写的专业能力。在南京市及周边地区的省市地方电台和电视台、报社、地方外国语学校等设立实习基地，以高素质、复合型传媒英语人才满足社会的急切需求。</p><p></p><p>　　就业去向：学生毕业后主要在国内外新闻机构、各级新闻媒体、传媒公司等从事国际新闻传播，英语新闻采编和翻译等工作。也可在政府部门、学校及科研机构等单位从事管理、教学、科研等工作。</p>
115_5529,115,5529,数学与应用数学,四年,理学学士,本科(普通),理学,数学类,<p>培养目标：主要培养适应中国特色社会主义建设实际需要，具有良好科学素养和扎实数学专业基础，受到科学研究的初步训练，具有从事数学教学与研究的基本能力，富有创新精神和实践能力的高素质高级中学骨干教师或数学与应用数学专门人才。</p><p></p><p>　　主要课程：基础课程有数学分析、高等代数、解析几何、普通物理、常微分方程、复变函数、概率论与数理统计、近世代数、高等几何等。主要专业课有计算方法、点集拓扑、数学建模、实变函数、数学教育学等。专业任意选修课程有初等数论、运筹学、计算机系统安全学、多媒体程序设计、组合数学、数据库原理、论文选讲、分析与代数选讲、计算机网络技术等。</p><p></p><p>　　就业去向：中等学校、现代企业、科研单位、政府机关、科研与管理部门等。</p>
115_5491,115,5491,生物科学,四年,理学学士,本科(普通),理学,生物科学类,<p>　（师范）</p><p></p><p>　　培养目标：本专业从现代地理教育理念出发，培养综合发展、适用中等以上学校的地理、环境、社会等课程教育教学岗位需要的高级师资。培养可从事环境资源、区域经济与城乡规划和地理信息管理等方面的高级管理及应用型人才。</p><p></p><p>　　主要课程：宇宙环境、流体环境、生态环境、经济地理、人文地理、测量与地图学、地理信息系统、环境科学、中国地理、世界地理、地理建模、地理教学论等20多门专业必修课以及城市地理、旅游地理、区域经济学、海洋地理等10多门专业选修课，并有多门实践和实习课程，其中有庐山等地理综合实习，着重培养学生扎实的基础知识、实践能力和全面的师范生技能。</p><p></p><p>　　专业特色：该专业拥有以长江学者领衔的教育部创新团队等一大批专家教授，其中教授19人，博导17人，学科建设水平位居国内领先地位。拥有《自然地理学》和《地理信息系统》两门国家级精品课程。悠久的办学历史和雄厚的学科实力，给学生创造了很好的学习深造氛围。该专业已从传统的单一培养从事教师职业的人才扩展为培养既可从事中等学校教师职业也能在资源、环境、城乡规划与生态保护等领域从事工作的应用型人才，还为相关专业硕士研究生的培养输送优秀人才。</p><p></p><p>　　就业去向：毕业生可在中学、中等专业学校及高等院校的相关专业从事教学与科学研究工作和行政管理工作。</p><p></p><p>　　（国土资源管理与规划方向）</p><p></p><p>　　为了适应国家对国土资源管理与规划形势发展的需要，我院于1993年开设了该专业，是江苏省内最早设立此类专业的高校之一。学院拥有优秀的师资力量和大量的专业实践基地，毕业生在学习掌握系统的专业理论同时还具有扎实的专业实践技能基本功，毕业生深受社会欢迎。</p><p></p><p>　　培养目标：主要培养从事城乡土地资源管理、建设规划开发和地价评估等工作的高级专业人才以及从事国土资源信息化管理与研究的高级人才。</p><p></p><p>　　主要课程：土地管理、测绘学、土地评估、土地经济、国土规划、地籍管理、地产法律制度、房地产经营与开发、地理信息系统、土地信息系统、遥感应用等20多门专业必修课程和经济学基础、会计学基础、城市规划等一系列选修课。</p><p></p><p>　　专业特色：国土资源规划管理是当前我国国民经济发展的重要基础，该专业要求学生具有良好的专业理论素养的同时具备很强的业务实践能力。产学研紧密结合是该专业的重要特色。依托该专业师资力量设立的江苏省金宁达土地资产评估高新技术公司具有国家一级资质。在土地资产评估、地籍管理和专题地图开发等方面具有很强的实力。学生从入校开始就有机会参与专业实践实习，培养从事相关业务的能力。</p><p></p><p>　　就业去向：毕业生主要就业部门为各级政府土地管理部门、土地价格评估机构以及从事房地产开发的工商企事业单位；主要从事土地评估、国土管理及国土资源信息化管理等方面的教育研究性工作。</p>
115_562483,115,562483,播音与主持艺术,四年,艺术学学士,本科(普通),艺术学,戏剧与影视学类,"<p>    培养目标：本专业培养具备中国语言文学、新闻传播学、戏剧与影视学等多学科知识与能力，
能在广播电视等传媒机构和其他相关单位从事播音主持及新闻传播等工作的应用型、复合型
人才。
</p><p>    培养要求：本专业学生主要学习中国语言文学、新闻传播学、中国播音学，以及艺术学、戏剧
与影视学等方面的基本理论知识，接受普通话发音、播音发声、有声语言表达、广播电视节目和栏
目播音主持创作等方面的基本训练，掌握有声语言艺术创作和播音主持的基本能力。
</p><p>    毕业生应获得以下几方面的知识和能力：
</p><p>    1．掌握中国语言文学、新闻传播学、中国播音学、艺术学、戏剧与影视学基本理论知识，具有
与本专业相关的哲学、政治、历史、经济、社会、法律、心理、美学等多学科的知识；
</p><p>    2．掌握标准的普通话，具有良好的播音主持发声能力和语言表达能力，具有新闻、综艺、社
教专题等节目的播音主持能力，具有文学作品朗诵和影视剧演播、配音的创作能力；
</p><p>    3．熟悉党和国家新闻宣传报道的方针、政策和相关法规，具有新闻宣传报道、节目制作的基
本能力，熟悉基本的传播技术及设备；
</p><p>    4．掌握文献检索、资料查询的基本方法，具有初步的科学研究能力，具有较强的创新意识和
应变能力；
</p><p>    5．具备英语听、说、读、写、译的基本能力和使用网络、计算机的基本能力。
</p><p>    主干学科：中国语言文学、新闻传播学、戏剧与影视学。
</p><p>    核心课程：播音主持艺术导论、普通话语音与播音发声、播音创作基础、广播节目播音主持、
电视节目播音主持、语言学概论、新闻学、传播学概论。
</p><p>    主要实践性教学环节：各个学习阶段的专业实训、实践；到广播电视机构进行的专业见习、专
业实习、毕业实习；通过专业教学和第二课堂组织、开展的各种专业比赛；参与广电媒体和社会组
织的主持人大赛等各种专业比赛；课程论文、毕业论文的调研写作等。
</p><p>    主要专业实验：普通话语音及普通话水平测试实验、播音发声实验、语言表达实验、文艺作品
演播及影视剧配音实验、广播节目播音主持实验、电视节目播音主持实验、出镜现场报道实验、广
播和电视节目制作实验等。
</p><p>    修业年限：四年。
</p><p>    授予学位：艺术学学士。
</p>"
115_5478,115,5478,环境科学,四年,工学学士,本科(普通),工学,环境科学与工程类,<p>（环境化学、污染控制与资源化）</p><p>培养目标：培养系统学习和掌握环境科学的基础知识和基本技能，具有宽厚、扎实的学科基础和人文素养，了解环境科学学科的最新发展动态，接受科学思维和科学实验的训练，具备良好的创新意识和分析解决问题的能力，能适应社会对环境监测和保护、环境影响评价等多方面需求的高级专门人才。</p><p>主要课程：高等数学、无机化学、无机化学实验、有机化学、有机化学实验、分析化学、分析化学实验、仪器分析、仪器分析实验、物理化学、物理化学实验、生物化学、生物化学实验、化工基础、化工基础实验、环境学概论、环境化学、环境生态学、环境生物学、环境影响评价、环境微生物学、环境微生物学实验、环境监测及实验、水处理工程及实验、大气污染控制工程及实验、生产实习、毕业论文等必修课程，以及CAD制图、废水处理工艺设计、环境科学专业英语、环境信息系统、固废处理与处置、环境声学及噪声控制等专业选修课程。</p><p>专业特色：本专业拥有环境科学、分析化学两个硕士学位授权点。环境科学专业现有教师10名，其中教授3人，副教授6人，博士生导师1人，硕士生导师6人，博士学位获得者7人。该专业在环境化学与环境监测、环境生物技术、污染控制理论与技术、环境影响评价等方面具有较强的师资力量和明显的专业特色。</p><p>就业去向：毕业生适合到企事业单位、科研机构及教育机构等从事环境监测、环境影响评价、环保产品研发和环境工程管理等方面的工作。</p>
115_5515,115,5515,环境工程,四年,工学学士,本科(普通),工学,环境科学与工程类,<p>　　培养目标：主要培养具有扎实的化学、化工、生化基础知识，掌握污水、废气、噪声、固体废物等污染物防治的基本理论和技术，能从事环境污染控制和治理、环境质量监测与评价，环境保护与污染物防治工程设计与设备研制，相关设施运行管理、环境规划、监测、评价的高级专业技术人才。</p><p></p><p>　　主要课程：电工电子学、工程流体力学、有机化学、无机化学、环境分析化学、环境微生物学、环境评价、环境监测、环境工程原理、工程制图、水污染控制工程、燃烧与固体废弃物处理、大气污染控制技术、噪声控制、施工管理等。还开设有跨专业选修课。</p><p></p><p>　　专业特色：本专业现有专业专任教师12名，其中教授2名，副教授6名。在水与废水处理、环境监测、环评、电厂环保、燃烧与固体废弃物处理等方面形成了自身的特色，赢得了声誉。毕业生能够熟练运用所学知识解决实际环境问题，实战能力强。</p><p></p><p>　　就业去向：毕业生能在各级环境局、环境科学研究所、环境监测站、设计院、环保公司、工矿企业的环保部门、市容管理、污水处理厂、电厂等从事环境管理、环境质量监测、环评、工程设计、环境技术开发、环保设施运行与管理等工作。</p>
115_5513,115,5513,会计学,四年,管理学学士,本科(普通),管理学,工商管理类,<p>会计学（该专业只招女生）</p><p>培养目标：本专业培养具有扎实的会计基本理论和基本技能，具有创新精神、知识面广、适应能力强、熟知国家财经法规及国际会计知识，掌握网络会计技术，与社会需求无缝对接的高级会计人才。</p><p>主要课程：基础会计学、统计学、经济法、中级财务会计、成本会计、高级财务会计、会计信息系统、会计综合实务、管理会计学、审计学、国际会计、国际结算、英美会计概论、税务会计、国际税务筹划、财政学、政府及非盈利组织会计、电子商务与网络财务等。部分课程采用英语原版教材或聘请外籍教师授课。</p><p>专业特色：本专业设置国际会计、税务会计、政府及非营利组织会计、金融会计4个专业方向。分别培养能熟练应用外语处理涉外会计业务的高级会计人才；掌握国际国内税收知识，熟练处理企业涉税会计事务的高级会计人才；熟悉政府及非营利组织财政财务管理、熟练处理政府及非营利组织会计事务的高级会计人才；熟练掌握金融业会计知识，能承担银行、保险等金融机构会计及管理工作的专业人才。本专业拥有优良的理论和实践教学师资，主持多项教育教学改革课题研究，获得优秀教学成果特等奖，5门课程被列入学校重点课程建设计划。建设有设备先进的会计仿真实验室，以及江苏天华大彭会计事务所、江苏中衡会计师事务所、江苏省广电集团、江苏省出版集团、旺旺集团等合作单位，培养与社会需求无缝对接的高级会计人才。学生理论基础扎实、实践能力强，有20%左右的毕业生上岗时即承担中小企业的财务主管工作，实现了从学校到专业岗位的零距离突破。</p><p>就业去向：学生毕业后在各类企业、政府机关经济管理部门、事业单位、银行和各类金融机构、会计师事务所、学校、科研机构从事会计工作或会计专业的教学、科研工作。</p>
115_5512,115,5512,财务管理,四年,管理学学士,本科(普通),管理学,工商管理类,<p>财务管理（该专业只招女生）</p><p>培养目标：培养具有扎实的财务管理基本理论和基本技能，具有强烈的理财意识和创新精神，知识面广、适应能力强、熟知国家财税、财务、金融法规及国际理财知识，掌握网络财务技术，与社会需求最大限度融合的高级财务管理人才。 </p><p>主要课程：基础会计学、经济法、统计学、中级财务会计、财务管理、高级财务管理、财务信息系统、国际金融学、金融市场、财务分析、证券投资学、资产评估学、跨国公司理财学、国际结算、金融理财产品设计、金融产品行销与推广、财政学、政府及非营利组织财务管理、电子商务与网络财务等。部分课程采用英语原版教材或聘请外籍教师授课。</p><p>专业特色：本专业设置跨国公司理财、金融理财产品筹划与推广、政府及非营利组织财务管理、电子商务及网络财务4个专业方向，分别培养外语应用能力强，掌握国际税收、国际结算等知识，能够承担跨国公司财务管理工作的高级专业人才；熟练掌握金融、保险知识，具备设计和推广金融理财产品能力的高级专门人才；熟悉政府公共事务管理流程，掌握政府及非营利组织财政财务管理知识、能够承担政府及非营利组织财务运营及资金管理工作的高级专业人才；熟练掌握电子商务与网络财务知识，能够承担企业电子商务与网络财务运用与维护工作的高级专业人才。本专业培养中，大量采用师生互动的教学模式，强化学生计算机技能训练和财务运作实务训练，并与多家证券公司、金融机构、大型企业集团建立了合作关系，为学生学习提供有利条件。培养的学生理论基础扎实、实践能力强，具有开拓创新能力和团队合作精神。</p><p>就业去向：学生毕业后在财务公司、证券投资咨询部门、金融机构、政府机关及企、事业单位财务管理部门从事财务管理工作，以及在高等职业学校从事财务管理教学及科研工作。</p>
115_5511,115,5511,劳动与社会保障,四年,管理学学士,本科(普通),管理学,公共管理类,<p>劳动与社会保障（该专业只招女生）</p><p>培养目标：主要培养知识面广、适应性强、具有扎实的管理学、经济学、社会学专业知识，掌握现代化管理技术与方法，既能在政府劳动与社会保障部门从事相关管理工作，又能在各类企事业单位从事人力资源管理工作的复合型高级管理人才。</p><p>主要课程：管理学、人力资源管理、人员素质测评、薪酬管理、社会保障学、劳动法与社会保障法、劳动关系学、西方经济学、劳动经济学、社会学、劳动与职业社会学、统计学社会调查研究方法、公共政策、就业概论等。</p><p>专业特色：该专业1999年开始招生，是我国普通高校首批劳动与社会保障专业群体中的一员，目前已拥有社会保障硕士学位授予权。有一支年龄与学科结构合理、专业素质高、理论功底扎实、并具有强盛发展能力的师资队伍。教学管理规范、教学质量高，既在学业上对学生严格要求，又以厚生精神关注学生的全面发展，并在江苏省劳动与社会保障厅、南京市劳动局、国建南京自动化有限公司等多家企事业单位建立了教学实习基地。毕业生以高水准的专业能力、良好的个性品质和独特的女性魅力而受到用人单位的好评。在市场经济条件下，人力资源管理离不开劳动与社会保障方面的专业知识和技能，因此各种单位在招聘人力资源管理人员时，越来越青睐劳动与社会保障专业的人才。</p><p>就业去向：学生毕业后在政府的各级劳动与社会保障机构、大中型企事业单位、政策研究部门、学校及相关科研单位从事劳动与社会保障及人力资源管理工作。</p>
115_5505,115,5505,哲学,四年,哲学学士,本科(普通),哲学,哲学类,<p>　　培养目标：本专业主要培养具有较高哲学理论功底、科学思维方式和马克思主义理论素养，具备中国哲学、西方哲学、古典哲学、现代哲学以及科学技术哲学等多学科基本理论知识、能在党政机关、高等院校、科研机构以及企事业单位等从事理论研究、政策宣传、教学科研以及相关管理工作的专门人才。</p><p></p><p>　　主要课程：马克思主义哲学原理、中国哲学史、西方哲学史、现代西方哲学、哲学原著选读、美学、逻辑学、伦理学、科技技术哲学、心理学、自然科学知识概论、法学、经济学、社会学等。</p><p></p><p>　　专业特色：属于哲学门类，学生毕业授哲学学士学位。该专业注重对学生整体素质、思维方式和思维方法的训练，力求培养出具有较高哲学素养，开拓创新精神，及独立分析和觖决问题的综合能力的高层次理论研究和应用人才。本专业依托4个硕士授权点、2个博士授权点。学生毕业后，有80%的人可攻读硕士学位，基本上具有硕、博连读性质，部分成绩优秀者可提供出国深造机会。</p><p></p><p>　　现有专职教师26名，其中教授6名（其中博导5人）、副教授10名、讲师10名、助教2名，均为硕士以上学位，其中有博士学位的15名，博士在读1名，整体学历层次高，师资力量强，教师队伍年轻，发展潜力大。</p><p></p><p>　　就业去向：学生毕业后主要在党政机关、高等院校、科研机构以及企事业单位从事思想宣传工作和教学科研工作。本专业将同时致力于让多数学生毕业后攻读研究生，继续深造。</p>
115_5503,115,5503,经济学,四年,经济学学士,本科(普通),经济学,经济学类,<p>　　培养目标：培养具备比较扎实的马克思主义经济学理论基础，熟悉现代西方经济学理论，比较熟练地掌握现代经济分析方法，具有向经济学相关领域扩展渗透的能力，能在综合经济管理部门、政策研究部门，金融机构和企业从事经济分析、预测、规划和经济管理工作的应用型复合型人才。</p><p></p><p>　　主要课程：高等数学、政治经济学、宏观经济学、微观经济学、中级宏观经济学、中级微观经济学、《资本论》选读、经济学说史、货币银行学、国际经济学、发展经济学、公共经济学、发展经济学、产业经济学、消费经济学、国际金融学、国际贸易学、财政学、专业外语、国别经济、进出口业务、国际结算、证券投资、保险学等。</p><p></p><p>　　就业去向：各级政府机关及有关经济主管部门，各类公司企业、学校和其他有关企事业单位。</p>
115_5501,115,5501,国际经济与贸易,四年,经济学学士,本科(普通),经济学,经济与贸易类,<p>培养目标：培养全面学习当代经济学的基本理论与方法，掌握国际经济与贸易的基本理论知识和实务，具有较强的经贸实际操作能力，能够从事经济领域、特别是对外经贸各项工作、德智体全面发展的应用型复合型人才。</p><p></p><p>　　主要课程：高等数学、政治经济学、宏观经济学、微观经济学、货币银行学、发展经济学、国际商法、国际金融学、国际贸易学、财政学、产业经济学、专业外语、国别经济、进出口业务、国际结算、证券投资、商品学、国际经济学、保险学、财务管理、国际企业管理、商务谈判等。</p><p></p><p>　　就业去向：各级政府机关及有关经济主管部门，各类公司企业、学校和其他有关事业单位。</p>
115_5499,115,5499,金融学,四年,经济学学士,本科(普通),经济学,金融学类,<p>培养目标：培养全面学习当代经济学的基本理论与方法，掌握金融学基本理论知识和基本技能，熟悉金融投资和银行业务，具有较强的金融实际操作能力，能够从事经济和金融领域多项工作、德智体全面发展的应用型复合型人才。</p><p></p><p>　　主要课程：高等数学、政治经济学、宏观经济学、微观经济学、货币银行学、会计学原理、应用统计学、金融法律与法规、国际商法、国际金融、国际贸易、专业外语、财政学、银行管理、金融市场、投资经济学、投资银行业务、外汇信贷、国际税收、国际金融实务、国际结算、投资项目与管理、证券投资、保险学、企业财务管理等。</p><p></p><p>　　就业去向：各级政府机关及有关经济管理部门，银行和各类金融机构，各类公司企业、学校和其他事业单位。</p>
115_5500,115,5500,工商管理,四年,管理学学士,本科(普通),管理学,工商管理类,<p>培养目标：培养学习当代经济学和管理学的基本原理与方法，掌握工商企业管理的基本原理和基本技能，能胜任工商企业的各项管理工作，具有较强的适应能力、较高的外语水平和计算机操作能力、德智体全面发展的复合型管理人才。</p><p>主要课程：高等数学、管理学、宏观经济学、微观经济学、运筹学、人力资源管理、市场营销学、广告策划、财务管理、组织行为学、战略管理、运作管理、管理思想的演变与发展、国际贸易、经济法学、公共关系学、质量管理、国际企业管理、管理信息系统、会计学原理、应用统计学、商务案例分析等。</p><p>就业去向：各级政府机关及有关经济管理部门，各类工商企业、学校和其他有关事业单位。</p>
115_5476,115,5476,人力资源管理,四年,管理学学士,本科(普通),管理学,工商管理类,<p>培养目标：培养学习当代经济学与管理学的基本理论与方法，掌握人力资源管理的基本原理和基本技能，能胜任各类企事业单位的人力资源管理工作，并且具有较强的适应能力，较高的外语水平和计算机操作能力，德智体全面发展的复合型管理人才。</p><p>主要课程：高等数学、管理学、宏观经济学、微观经济学、人力资源管理、运筹学、市场营销学、劳动经济学、薪酬与绩效管理、财务管理、组织行为学、人员招聘与选拔、人事心理学、管理信息系统、经济法与劳动法学、会计学原理、应用统计学、战略管理、商务案例分析等。</p><p>就业去向：各级政府机关及有关经济管理和人事管理部门，各类企事业单位的人力资源部门，人才市场管理机构等。</p>
115_5480,115,5480,广播电视编导,四年,艺术学学士,本科(普通),艺术学,戏剧与影视学类,<p>广播电视编导（ 艺术类专业）</p><p>培养目标：培养有较高专业素质的广播电影电视制作单位的各类编导、节目主持人等专门人才。</p><p>主要课程：古代文学、现当代文学、艺术概论、摄影基础、形体训练、导演基础、传播学概论、视听语言、广播电视概论、电视采访学、广播电视音乐与音响、电视摄像与编辑、广播电视艺术学等20余门专业必修课，以及戏剧理论、表演基础、剧本创作、三维动画与影视特效、非线性编辑等10余门专业选修课。</p><p>专业特色：广播电视编导专业是江苏省最早开办的，拥有江苏省第一个广播电视艺术学硕士点，是江苏省普通高校广播电视编导专业统考承办单位。</p><p>广播电视编导专业拥有一支年龄结构合理、学历层次高、学术素养全面的师资队伍。现有教师16名，其中教授2人，副教授8人，并聘有一批来自广播电视媒体的兼职教师。</p><p>广播电视编导专业在教学中注重“文科理科渗透、艺术技术融合、硬件软件兼备”的特色，拥有资产达200余万元的专业实验室，能够满足学生的电视创作实验与实践。首届广播电视编导专业学生于2005年毕业，在校期间有多部作品获江苏省大学生艺术节电视创作奖项。</p><p>就业去向：毕业生可去电台、电视台、事业单位以及各级各类广播电影电视、影视制作公司、文艺团体，从事广播、电视编导或节目主持等工作。</p>
115_5473,115,5473,电子信息工程,四年,工学学士,本科(普通),工学,电子信息类,"<p>培养目标:培养具备宽厚热科学理论和能源与环境系统工程知识，能从事清洁能源开发、电力生产自动化、能源环境保护、制冷与低温、空调和储能、空调与人工环境等领域的设计、研究与管理的跨学科复合型高级技术人才。</p><p>主要课程：工程热力学（Ⅰ、Ⅱ） 工程流体力学（Ⅰ、Ⅱ） 传热学（Ⅰ、Ⅱ） 自动控制理论 能源与环境系统工程概论 以及能源转化 透平机械原理 热力环境控制 热力系统工程 热工信号处理技术 能源生产过程自动控制或制冷原理低温原理 人工环境设备 人工环境自动化 暖通与空调。</p><p>就业方向：可从事能源的有效利用,能源环境的控制和保护,建筑人工环境领域的研究,设计安装运行管理等防的工作。</p>"
115_5475,115,5475,化学,四年,理学学士,本科(普通),理学,化学类,<p>物理学是现代科学的鼻祖，通过对物理理论、知识、实验方法的研究，不断推动力学、热学、电磁学、光学到现代的宏观宇宙科学和微观粒子科学等学科的发展。正是由于物理学的基础性和重要性，它一直保持着稳健的发展势头。</p><p></p><p>　　培养目标：培养具有良好的思想道德素质和科学文化素质，掌握物理学的基本理论、基本知识及实验技能，获得教学科研的初步训练，较熟练地运用现代化教学手段，具有较强的设计、实验和研究能力，能在高等和中等学校进行物理教学的教师和教学研究人员。</p><p></p><p>　　主要课程：高等数学、程序设计、力学、热学、电磁学、普通物理实验、线性代数、场论与常微分方程、光学、电工学、数理方法、理论力学、电动力学、热力学统计物理、量子力学、电子技术、固体物理、现代教育技术、物理教学论、计算机辅助教学软件设计、中学物理实验及教学技能基本训练、人文社会科学基础等。</p><p></p><p>　　就业去向：中等及中等以上教育实体，也可以到高新技术企业从事相关的技术开发与应用工作。</p>
115_5488,115,5488,旅游管理,四年,管理学学士,本科(普通),管理学,旅游管理类,<p>旅游业被称为21世纪最大的朝阳产业。随着我国旅游业的蓬勃发展，我国将成为世界上最大的旅游目的地和世界旅游强国，旅游业对人才的需求始终保持着十分旺盛的态势。我院旅游管理专业是江苏省最早成立的高等旅游人才培养机构，在国内有着较高的学科地位和良好的社会声誉，毕业生一直深受社会欢迎。</p><p>培养目标：本专业主要培养具有现代旅游观念、掌握旅游理论知识，具有较强专业能力的从事旅游规划与旅游资源开发、经营及管理的高级人才。</p><p>主要课程：旅游学概论、旅游景观学、旅游心理学、旅游策划、景区管理与规划、旅游法规、旅游经济学、旅游英语、旅行社管理、旅游饭店管理、旅游规划、旅游市场营销、计算机与旅游管理信息系统等20多门专业课程，另有旅游景点（黄山、庐山、九华山等）实习及旅游企业、旅行社、饭店等实习课程。</p><p>专业特色：该专业是1989年我校与江苏省旅游局联合建设、江苏省内高校中最早开设的旅游管理专业，学生在接受扎实的专业理论教育的同时，还安排了大量的专业实习。金陵饭店、丁山香格里拉饭店、古南都饭店等一批五星级宾馆饭店和中国旅行社、中国国际旅行社等国内一线旅行社均为该专业学生实习基地。理论与实践的高度结合是该专业的特色之一。经过大量的专业实践，毕业生可以很好地适应岗位的要求，缩短了职业岗位适应期；而系统的专业理论学习又为学生的进一步发展奠定了良好的基础。</p><p>就业去向： 学生毕业后可到旅游企事业单位（如星级饭店、大型旅行社或旅游公司、大型景区、旅游学校、旅游规划设计单位等）及旅游与外事管理部门就业。主要从事旅游行政管理、规划或教育培训工作；旅游资源开发、翻译导游、旅游市场营销等工作。</p>
115_5489,115,5489,测绘工程,四年,工学学士,本科(普通),工学,测绘类,<p>　　测绘学是一门古老的学科，有着悠久的历史和广泛的应用领域。社会的进步和科学技术的发展，赋予了这门古老学科新的内涵和生命。特别是空间技术、计算机技术、通讯技术和地理信息系统技术的发展，使测绘学科正在步入数字化、网络化、智能化、实时化和可视化的新阶段，成为信息行业中的重要组成部分。其服务对象和范围已远远超出了传统测绘学科的应用领域，扩大到国民经济和国防建设中与地理信息有关的各个领域。</p><p></p><p>　　培养目标：本专业主要培养在信息时代数字测绘体系以及航天航空、农业、环境、交通、军事等相关领域从事测绘新型高级工程技术、科研等工作的专业人才与管理人才，本专业的学生能够掌握摄影测量、数字测图与数字地图学、全球定位系统、地理信息系统等主要基本专业知识和基本技能，并在国民经济建设相关领域中的基本的专业应用能力。</p><p></p><p>　　主要课程：测绘学概论，数字测图原理与方法，误差理论与测量平差基础，大地测量基础，空间定位技术及其应用，摄影测量原理，地图学，地理信息系统原理，遥感原理与应用，以及工程测量、数字摄影测量，卫星导航定位算法与程序设计、遥感图像解译，数字图像处理、GIS工程与实践、、空间数据库原理、数字高程模型，电子地图学、空间分析与辅助决策、空间信息可视化等多门专业课程。</p><p></p><p>　　专业特色：本专业依托于虚拟地理环境教育部重点实验室，实验室设有地理信息系统（理学）和测绘工程（工学）两个本科专业，一理一工，相辅相成；该专业具有一流的教学科学研究队伍，优越的实习实验环境。培养具有信息化测绘理论与技术和空间信息服务能力的复合型人才是本专业的特色之一。该专业的毕业生有良好的基础理论知识和专业技能，有很好的深造前景和广阔的就业机会。</p><p></p><p>　　就业去向：可从事数字测绘、国家与地方的基础地理信息建设、应用与开发工作，也可在航天航空、农业、环境、交通、军事、国土资源管理、规划、物流等相关领域从事测绘信息的获取、处理和行业应用的研究、技术开发、生产管理和行政管理等工作。</p>
115_5490,115,5490,生物工程,四年,工学学士,本科(普通),工学,生物工程类,<p>（生物制药方向）</p><p>培养目标：培养高质量生物药学专门人才。</p><p>主要课程：无机化学、分析化学、有机化学、物理化学、化工原理、生物化学、微生物学、细胞生物学、分子生物学、生理及药理学、生化药物学、微生物药物学、药物化学、天然产物化学、基因工程药物、药物分析、发酵工艺学、制药工艺学、药物分离工艺学、药剂学、药事法规与管理等课程。</p><p>就业去向：制药相关企业、医院、医药研究所等。</p>
115_5494,115,5494,能源与环境系统工程,四年,工学学士,本科(普通),工学,能源动力类,"<p>培养目标:培养具备宽厚热科学理论和能源与环境系统工程知识，能从事清洁能源开发、电力生产自动化、能源环境保护、制冷与低温、空调和储能、空调与人工环境等领域的设计、研究与管理的跨学科复合型高级技术人才。</p><p>主要课程：工程热力学（Ⅰ、Ⅱ） 工程流体力学（Ⅰ、Ⅱ） 传热学（Ⅰ、Ⅱ） 自动控制理论 能源与环境系统工程概论 以及能源转化 透平机械原理 热力环境控制 热力系统工程 热工信号处理技术 能源生产过程自动控制或制冷原理低温原理 人工环境设备 人工环境自动化 暖通与空调。</p><p>就业方向：可从事能源的有效利用,能源环境的控制和保护,建筑人工环境领域的研究,设计安装运行管理等防的工作。</p>"
115_5495,115,5495,电气工程及其自动化,四年,工学学士,本科(普通),工学,电气类,"<p>培养目标:培养具备宽厚热科学理论和能源与环境系统工程知识，能从事清洁能源开发、电力生产自动化、能源环境保护、制冷与低温、空调和储能、空调与人工环境等领域的设计、研究与管理的跨学科复合型高级技术人才。</p><p>主要课程：工程热力学（Ⅰ、Ⅱ） 工程流体力学（Ⅰ、Ⅱ） 传热学（Ⅰ、Ⅱ） 自动控制理论 能源与环境系统工程概论 以及能源转化 透平机械原理 热力环境控制 热力系统工程 热工信号处理技术 能源生产过程自动控制或制冷原理低温原理 人工环境设备 人工环境自动化 暖通与空调。</p><p>就业方向：可从事能源的有效利用,能源环境的控制和保护,建筑人工环境领域的研究,设计安装运行管理等防的工作。</p>"
115_5496,115,5496,自动化,四年,工学学士,本科(普通),工学,自动化类,<p>自动化(信息技术与工业控制方向)</p><p>    培养目标：培养具有扎实的电子技术、计算机技术、自动控制、信息处理等知识，能熟练掌握自动控制系统的研究、分析、设计，能从事现代化生产的控制、管理和现代化信息处理，能从事自动检测技术研究与新型自动化仪表和装置应用的知识面宽、基础扎实、计算机及外语应用能力强的信息技术与工业控制方向的高级工程技术人才。</p><p>    主要课程：高等数学、大学物理、工程制图、信息技术、高级语言程序设计、电路原理、电子技术、单片机原理及接口技术、自动控制原理、现代控制理论、检测技术及仪表、控制仪表及装置、计算机控制技术、集散控制系统、PLC控制技术、控制系统数字仿真、计算机网络技术、数字信号处理、控制工程、嵌入式系统原理及应用、虚拟仪器设计技术、智能仪器设计技术、系统工程和先进控制导论、最优控制、现场控制总线等，学生还可以根据自己的需要和兴趣选修各类课程或辅修有关专业。</p><p>    专业特色：自动化专业是南京师范大学重点建设的特色专业，拥有“控制理论与控制工程”的硕士学位培养点。人才培养上具有“宽口径、厚基础、强能力、高素质、广适应”的办学特色，毕业生具有极强的适应能力。自动化专业是电子技术、计算机技术、信息技术、传感器技术、控制理论与工程应用技术等多学科综合的宽领域专业。</p><p>自动化专业历来重视学生实践能力的培养，并提供良好、完善的实验、实习条件，拥有自动化综合实验中心、控制装置实验室、集散控制系统（DCS）实习基地、信号检测与处理实验室、DSP应用实验室、嵌入式系统实验室、机器人实验室、电工电子实习中心和科技创新实验室等专业实验、实习基地，还与南京著名企业、公司建立联系，作为专业实习和毕业实习基地。</p><p>    就业去向：学生毕业后可进入电子、交通、石油化工、能源、通讯、航空航天等高新技术企业和高等院校、科研院所，从事计算机信息处理、工业控制应用、仪器仪表设计以及自动化技术教学、科学研究等工作。</p>
115_5502,115,5502,社会学,四年,法学学士,本科(普通),法学,社会学类,<p>培养目标：本专业培养的专门人才应具有社会学方面的基本理论、基本知识和基本技能，具备社会调查研究的技能和较强的社会工作能力，能在劳动、人事、民政、保险等政府部门、社会团体、企事业单位、公司、地方基层管理部门和社区服务部门从事实际管理、科研和教学、规划与决策等工作。</p><p></p><p>　　主要课程：社会学原理、社会统计学、社会心理学、农村社会学、城市社会学、西方社会学理论、发展社会学、组织社会学、人口社会学、行政管理学、社会调查研究方法、社会学史、社会组织管理、社会问题、社会分层与流动、社会行政与社会管理等。</p><p></p><p>　　就业去向：政府机关及有关事业单位、高等院校。</p>
115_5469,115,5469,教育学,四年,教育学学士,本科(普通),教育学,教育学类,"<p style=""text-indent: 2em;"">业务培养目标：本专业培养具有良好思想道德品质、较高教育理论素养和较强教育实际工作能力的中、高等师范院校师资、中小学校教育科研人员、教育科学研究单位研究人员、各级教育行政管理人员和其他教育工作者。</p><p style=""text-indent: 2em;"">　　业务培养要求：本专业学生主要学习教育科学的基本理论和基本知识，受到教育科学研究的基本训练，掌握从事教师工作的基本技能。</p><p style=""text-indent: 2em;"">　　毕业生应获得以下几方面的知识和能力：</p><p style=""text-indent: 2em;"">　　1．掌握教育学科的基本理论和基本知识</p><p style=""text-indent: 2em;"">　　2．掌握教育科学研究的基本方法；</p><p style=""text-indent: 2em;"">　　3．具有从事教育专业教学和其它一两门中小学学科教学工作的能力；</p><p style=""text-indent: 2em;"">　　4．熟悉我国的教育方针、政策和法规；</p><p style=""text-indent: 2em;"">　　5．了解教育科学的理论前沿、教育改革的实际状况和发展趋势；</p><p style=""text-indent: 2em;"">　　6．掌握文献检索、资料查询的基本方法，具有一定的科学研究和实际工作能力。</p><p style=""text-indent: 2em;"">　　主干学科：教育学、心理学</p><p style=""text-indent: 2em;"">　　主要课程：普通心理学、教育心理学、中国教育史、外国教育史、教育通论、教学论、德育原理、教育社会学、教育统计测量评价、教育哲学、中小学语文或数学教学法等。</p><p style=""text-indent: 2em;"">　　主要实践性教学环节：教育见习、实习、社会调查、教育调查等，一般安排时间总数不少于20周。</p><p style=""text-indent: 2em;"">　修业年限：四年</p><p style=""text-indent: 2em;"">　授予学位：教育学学士</p>"
115_5519,115,5519,小学教育,四年,教育学学士,本科(普通),教育学,教育学类,<p>作为第一所开设小学教育专业的高等院校，南京师范大学开创了我国师范教育培养本科学历小学教师的历史。</p><p></p><p>　　培养目标：培养具有广泛的教育学、小学教育教学基础知识，素养全面、有持续发展潜能并初有创新精神和实践能力的优质小学教师。</p><p></p><p>　　就业去向：省市级实验小学、各级教育行政机关、教科研机构等。</p><p></p><p>　　主要课程：教育概论、教育哲学概论、教育社会学、中外教育史、课程论、教学论、教育研究方法、教育统计学、教育管理学、比较教育学、人力资源开放管理、公共关系学、普通心理学、教育心理学、小学语文教学研究、小学数学教学研究、小学英语教学研究、小学“思品”专题研究、班主任研究等。</p><p></p><p>　　专业特色：本专业具有悠久的历史传统，是国家特色专业建设点，江苏省和南京师范大学重点建设的富有特色的专业之一，在专业建设和人才培养等综合指标方面，位居全国小学教育专业第一。为进一步保持领先地位，学院特成立了小学教育研究所，全力负责小学教育国家特色建设点的工作。</p><p></p><p>　　本专业以培养具有比较深厚的理论功底和较强的实践能力的研究型小学教师为主。近几年来的毕业生就业率一直居于学校各专业前列。</p><p></p><p>　　本专业现有教师26人，其中教授11人（7人为博士生导师），副教授10人（8人为硕士生导师），博士学位获得者17人。专业主干课程全部由博士和副教授以上职称任教，55岁以下教授、副教授每学年都能为本科生讲授一门课。目前专业教师中有省级名师培养人选1人，校“教学十佳”2名，教学优秀奖1名，“优秀教案奖”2名，“教书育人奖”2名。近五年来，本专业教师承担省部级以上科研项目40余项（其中省部级教学改革项目8项），获省部级以上科研成果奖20项，省部级以上教学奖2项。</p>
115_5522,115,5522,俄语,四年,文学学士,本科(普通),文学,外国语言文学类,<p>　（俄英双语方向）（学制5年）</p><p></p><p>　　培养目标：培养具有较扎实的俄语和英语的双语基础，较强的实际运用能力，并掌握一定的外经、外贸、旅游、文秘等知识，具有初步涉外能力，又能从事教育及科研工作的综合俄英双语人才。</p><p></p><p>　　主要课程：综合俄语、综合英语、阅读、俄英语会话、视听、翻译、俄罗斯概况、英美概况、俄罗斯文学作品选、经贸俄英语、报刊选读、计算机、对外贸易、旅游学、国际贸易、市场营销、进出口业务、企业经营与管理等。同时强化英语课程，努力提高英语应用能力，要求学生毕业前至少达到专业英语四级水平。</p><p></p><p>　　专业特色:俄语专业现拥有一支学历层次高、年龄和职称结构合理、教学和科研实力较强的师资队伍，现有正教授2名，俄罗斯语言文学博士3名，副博士1名，所有在编教师均具有研究生以上学历，大部分教师都曾赴俄罗斯访学和进修。</p><p></p><p>　　该专业自2000年起，在大学本科三年级学生中选派部分同学赴俄罗斯留学一年，极大地提高了学生的语言实践能力。扩大了视野，增强了学生对俄罗斯的了解，为他们今后的进一步深造和就业创造了较好的条件。</p><p></p><p>　　就业去向：学生毕业后主要从事外经、外贸等涉外企事业单位和部门的业务员、翻译、文秘、管理等工作，也能从事俄语及英语的教学、科研等工作。</p><p></p><p>　　（注：该专业只招高考外语语种为英语的考生。学生毕业时获双语本科文凭。部分学生将选派出国留学一年。）</p>
115_5523,115,5523,德语,四年,文学学士,本科(普通),文学,外国语言文学类,<p>（德英双语方向）（学制5年）</p><p></p><p>　　培养目标：本专业培养培养具有较强的听、说、读、写、译等能力，能熟练运用德语和英语，且具备一定的德国文学、金融、外贸、法律、旅游、管理等知识，并具有较强的实际操作能力的综合性德语人才。</p><p></p><p>　　主要课程：德语精读、泛读、听说、会话、写作、翻译理论与实践、德国概况、报刊选读、文学作品选读、经贸文选、科技文选、计算机、法律、经济法、跨文化交际、国际贸易实务等，英语阅读、写作、视听说等。大学期间都开设英语课程，强化学生英语应用能力。同时强化英语课程，努力提高英语应用能力，要求学生毕业前至少达到专业英语四级水平。</p><p></p><p>　　专业特色:专业师资力量雄厚，现承担本专业基础课及专业课的教师共11人，其中教授4人，副教授4名，讲师3名，外教1名。</p><p></p><p>　　就业去向：毕业后主要从事外事、外贸、外企、旅游等涉外企事业单位翻译、文秘、管理等工作，也可以去研究部门、高等院校从事教学、科研等工作。</p><p></p><p>　　（注：该专业只招收高考外语语种为英语的考生，学生毕业时获双语本科文凭。）</p>
115_5526,115,5526,日语,四年,文学学士,本科(普通),文学,外国语言文学类,"<p>（日英双语方向）（学制5年）</p><p></p><p>　　培养目标：培养具有较扎实的日语和英语的双语基础，较强的实际运用能力，并掌握一定的外经、外贸、旅游、文秘等知识，具有初步涉外能力的综合英日双语人才。</p><p></p><p>　　主要课程：综合日语、综合英语、阅读、日英语会话、视听、翻译、日本概况、英美概况、经贸日英语、对外贸易、旅游学、国际金融市场学、海关学、中外合资企业管理学等。同时强化英语课程，努力提高英语应用能力，要求学生毕业前至少达到专业英语四级水平。</p><p></p><p>　　专业特色:日语系拥有一支学历层次高、年龄和职称结构比较合理、教学和科研实力较强的师资队伍。现有教师7人，其中教授1人，副教授4人，具有硕士学位的6人，所有教师都曾在日本攻读学位，或多次进修过，具有较高的业务水平和较丰富的教学经验。该系教师近5年来主持和参与国家科研项目2项，省级科研项目3项，获得校极以上科研奖6项；出版学术专著、译著、编著、教材等共10余部，在国内外各类学术刊物上发表论文50余篇。</p><p></p><p>　　就业去向：学生毕业后主要在三资企业和外经、外贸、旅游等涉外单位和部门从事翻译、文秘、管理等工作,部分学生出国留学。往届毕业生就业情况良好，不仅就业率达100%，许多条件优越的单位每年主动到校招录毕业生。</p><p></p><p>　　该专业与日本建立了经常性的交流，每年选派品学兼优的学生前往日本留学，并由日方提供奖学金。</p><p></p><p>　　（注：该专业只招高考外语语种为英语的考生。学生毕业时获双语本科文凭。在学期间优秀学生将有机会公派出国学习一年或短期赴日访问。往届学生每年都在全国日语大赛中获奖，日本语能力考Ⅰ级（日本举办）合格率在全省一直处于前列。）</p>"
115_5528,115,5528,意大利语,四年,文学学士,本科(普通),文学,外国语言文学类,<p>　（意英双语方向）（学制5年）</p><p></p><p>　　培养目标：培养具有较强的听、说、读、写、译等能力，并具有较强的实际应用能力和一定的涉外能力的综合性意大利语人才。</p><p></p><p>　　主要课程：意大利语精读、泛读、听说、写作、文学、翻译理论与实践和意大利历史地理知识、报刊选读、经贸文选、科技文选等。同时强化英语课程，努力提高英语应用能力，要求学生毕业前至少达到专业英语四级水平。</p><p></p><p>　　专业特色:创办意大利语专业得到了意大利政府和意驻华使领馆的大力支持，尤其是得到了意大利菲亚特汽车公司、依维柯公司和泰克西公司的大力支持。我院创办意大利语专业，不仅填补了我省学科设置方面的一项空白，而且走出了一条中外合作、校企合作办专业的新路子。</p><p></p><p>　　该专业与意大利政府及意大利高校、企业联系密切，将为学生在校期间及毕业后赴意大利留学深造等创造条件。</p><p></p><p>　　就业去向：学生毕业后主要从事外事、外贸、外企、旅游等涉外单位的翻译、文秘、管理等工作，也可去研究部门、高等院校从事教学、科研等工作。</p><p></p><p>　　（注：该语种只招收高考外语语种为英语的考生，学生毕业时获双语本科文凭。）</p>
115_5514,115,5514,广告学,四年,文学学士,本科(普通),文学,新闻传播学类,<p>　培养目标：主要培养广告策划、创意、制作等方面的专业人才，从事新闻单位，电台、电视台，报刊杂志，互联网机构，音像出版部门，广告公司和企事业单位等的广告策划、经营、管理和制作等工作。</p><p></p><p>　　主要课程：广告学概论、市场营销学、广告史论、广告心理学、广告伦理学、广告调查与效果测定、广告文案写作、广告经营与管理、广告创意与策划、广告媒体研究、美术基础、平面广告设计、电脑图文设计制作、网络传播技术、古代文学、现当代文学、摄影基础、传播学概论、电视摄像与编辑等20余门专业课程，并可选修相关专业的课程。</p><p></p><p>　　专业特色：广告学专业于2000年首次招生，秉承新闻与传播学院“文理渗透、技艺结合、软硬兼备”的办学理念，目前已成为省内广告学教育的领跑者，在全国广告教育学界也具有较大影响力。</p><p></p><p>　　广告学专业现有教师8人，其中教授2人，副教授4人，其中博士学位获得者2人，已形成一支年龄结构合理、专业素养高、科研与实践能力强的师资队伍。</p><p></p><p>　　本专业学生曾获得包括中国大学生广告节金奖在内的诸多奖项，具有很强的实践能力，在实习与就业过程中，受到用人单位一致好评。</p><p></p><p>　　就业去向：各级各类新闻单位的广告部、制作中心，音像出版部门，各企事业单位、传播公司、广告公司等。</p>
115_5482,115,5482,地理科学,四年,理学学士,本科(普通),理学,地理科学类,<p>　(师范)</p><p></p><p>　　培养目标：系统学习和掌握化学基本理论和基本实验技能，具有宽厚、扎实的学科基础和人文素养，掌握教育理论和技能，了解化学学科的最新发展动态，接受科学思维和科学实验的训练，具备良好的创新意识和分析解决问题的能力，培养一流的中学化学教学、化学教育研究的师资以及其它教育工作者。</p><p></p><p>　　主要课程：高等数学、无机化学、无机化学实验、有机化学、有机化学实验、分析化学、分析化学实验、仪器分析、仪器分析实验、物理化学、物理化学实验、结构化学、化工基础、化工基础实验、中学化学课程与教学、中学化学教学与实验基本技能训练、中学教育概论、中学生发展、班主任工作、中学教育实习、毕业论文等必修课程，以及化学信息学、化学专业英语、高等无机化学、高等有机化学、高等分析化学、高等物理化学、配位化学、应用电化学、胶体化学、生物化学、有机合成(含实验)、环境化学、中级化学实验、化学教育统计与测量、教育伦理学、学校德育原理等专业选修课程。</p><p></p><p>　　专业特色：本专业是较早设立的理科专业之一，现有化学一级学科硕士学位授权点（含无机化学、有机化学、分析化学、物理化学、高分子化学与物理等五个二级学科硕士学位点）和一个专业（学科教学·化学）学位博士、硕士培养方向，拥有国家教育部及江苏省中学化学骨干教师培训基地。</p><p></p><p>　　化学专业现有教师23名，其中教授12人，副教授8人，博士生导师6人，硕士生导师14人，博士学位获得者18人，已拥有一支年龄结构合理、专业素质高、学术视野开阔的师资队伍。教师教育类课程由我校教师教育学院开设。本专业为校级特色专业，物理化学学科群体被评为校优秀学科梯队。</p><p></p><p>　　就业去向：毕业生可以胜任中学及其以上学校的教学工作，并尽快成长为教学和教育研究的领跑者；也可从事与化学及其相关领域有关的教学、科研及管理培训工作。</p><p></p><p>　　（强化培养班）</p><p></p><p>　　培养目标：培养系统学习和掌握化学基本理论和基本实验技能，具有宽厚、扎实的学科基础和人文素养，了解化学学科的最新发展动态，接受科学思维和科学实验的训练，具备良好的创新意识和分析解决问题的能力，能够从事化学科学研究或化学化工生产、科技开发及其相关管理工作的高级专门人才。</p><p></p><p>　　主要课程：高等数学、无机化学、无机化学实验、有机化学、有机化学实验、分析化学、分析化学实验、仪器分析、仪器分析实验、物理化学、物理化学实验、结构化学、化工基础、化工基础实验、毕业论文等必修课程，以及化学信息学、化学专业英语、高等无机化学、高等有机化学、高等分析化学、高等物理化学、配位化学、应用电化学、胶体化学、生物化学、有机合成(含实验)、环境化学、中级化学实验、无机化学选讲、有机化学选讲、物理化学选讲等专业选修课程。</p><p></p><p>　　专业特色：本专业是较早设立的理科专业之一，现有化学一级学科硕士学位授权点（含无机化学、有机化学、分析化学、物理化学、高分子化学与物理等五个二级学科硕士学位点）和一个专业（学科教学·化学）学位博士、硕士培养方向，拥有国家教育部及江苏省中学化学骨干教师培训基地。</p><p></p><p>　　化学专业现有教师23名，其中教授12人，副教授8人，博士生导师6人，硕士生导师14人，博士学位获得者18人，已拥有一支年龄结构合理、专业素质高、学术视野开阔的师资队伍。本专业为校级特色专业，物理化学学科群体被评为校优秀学科梯队。</p><p></p><p>　　就业去向：毕业生可以从事与化学及其相关领域有关的化学科学研究或化学化工生产、科技开发及其相关管理工作。</p>
115_5507,115,5507,生物技术,四年,理学学士,本科(普通),理学,生物科学类,<p>培养目标：培养高质量的生物学师资。</p><p></p><p>　　主要课程：无机化学、有机化学、分析化学、高等数学、生物统计学、植物生物学、动物生物学、生物化学、微生物学、遗传学、细胞生物学、分子生物学、生态学、教育学、心理学、生物学教学论、现代教育技术等课程。</p><p></p><p>　　就业去向：各级各类学校及与生物学相关的各类企事业单位。</p>
115_5467,115,5467,食品科学与工程,四年,工学学士,本科(普通),工学,食品科学与工程类,<p>食品科学与工程（该专业男、女兼招）</p><p>培养目标：主要培养能适应现代化食品工业发展需要，知识面广、适应性强、具有食品科学与化学、营养学、食品安全与质量控制、食品工程等方面的知识与技能，能在食品领域从事生产管理、品质控制、产品开发、人群营养指导、营养保健及教育的高级专门人才。 </p><p>主要课程：无机与分析化学、有机化学、食品工程原理、生物化学、大学数学、大学物理、机械制图、食品微生物学、食品原料学、营养学、疾病与营养、食品化学、食品分析、食品安全与质量控制、果蔬采后生理与贮运技术、烘焙食品工艺学、畜产食品工艺学、发酵工艺学、食品机械与设备、市场营销学等。</p><p>专业特色：该专业采用通识教育+工科基础教育+专业教育的培养模式，十分重视学生实践和创新能力的培养。在营养学、乳品科学以及烘焙技术方面具有较强的优势。该专业具有高层次的师资队伍，获博士学位的教师占教师总数的80%以上。设有完善的食品科学与工程的各类专业实验室，并在上海早苗食品有限公司、南京奶业（集团）有限公司、南京雨润肉食品有限公司、南京桂花鸭食品有限公司、江苏省食品有限公司、江苏省及南京市食品卫生监督检验中心等单位建立了就业实习单位。</p><p>就业去向：学生毕业后主要在与食品、医药行业有关的企业、政府职能部门、食品安全检测与监督机构、学校及科研院所工作。</p>
115_5477,115,5477,公共事业管理,四年,管理学学士,本科(普通),管理学,公共管理类,<p>培养目标：本专业主要培养具备现代管理理论、技术与方法等方面的知识以及应用这些知识的能力，能在文化、教育、体育、卫生、市政、环保、社会保险等企事业单位从事管理工作以及科研工作的专门人才。</p><p>主要课程：管理学原理、管理心理学、公共管理学、公共人力资源开发与管理、公共政策、公共关系学、公共财务管理、文化事业管理、教育管理、卫生事业管理、公共教育管理、社会保障、信息管理学系统、办公自动化、管理文秘等。</p><p>专业特色：属于管理学门类，学生毕业授予管理学学士学位，就业面较宽，社会需求度较高。该专业依托公共管理一级学科硕士点雄厚的科研实力，保证了本专业的学术底蕴。</p><p>现有专职教师20名，其中教授2名（博导1人）、副教授4名、讲师7名、助教10名。均为硕士以上学位，其中有博士学位的6名，博士在读7名。师资队伍学历层次高、年轻，具有发展潜力。</p><p>就业去向：学生毕业后主要在党政机关和文化、教育、体育、卫生、市政、环保、社会保障等各类公共事业单位从事管理工作。</p>
115_5466,115,5466,行政管理,四年,管理学学士,本科(普通),管理学,公共管理类,<p>培养目标：本专业主要培养具备行政学、政治学、管理学、法学等方面知识，掌握现代管理技术，能在党政机关、企事业单位、社会团体从事管理工作以及科研工作的专门人才。</p><p>主要课程：管理学原理、行政学原理、政治学原理、当代中国政治制度、比较政治制度、社会学概论、政府经济学、行政法学、行政组织学、地方政府学、市政学、公共政策、人力资源开发与管理、信息管理概论、管理心理学、办公自动化等课程。</p><p>专业特色：属于管理学门类，学生毕业授予管理学学士学位。该专业依托马克思主义理论一级学科博士点以及思想政治教育、科学社会主义与国际共产主义运动两个博士点和公共管理一级学科硕士点。学科建设与博、硕士点的发展增加了本专业的学术底蕴。</p><p>现有专职教师15名，其中教授2名（博导1人）、副教授3名、讲师7名、助教5名。均为硕士以上学位，其中有博士学位的3名，博士在读7名。师资队伍学历层次高、年轻，具有发展潜力。</p><p>就业去向：学生毕业后主要在各级党政机关、企事业单位和社会团体从事行政管理和科研工作。</p>
115_2011418,115,2011418,马克思主义理论,四年,法学学士,本科(普通),法学,马克思主义理论类,"<section><p style=""margin-top: 0px; margin-bottom: 0px; padding: 0px; outline: 0px; max-width: 100%; box-sizing: border-box; clear: both; min-height: 1em; text-indent: 2em; overflow-wrap: break-word !important;"">该专业自2022年开始招生，主要开设马克思主义发展史、马克思主义哲学、马克思主义政治经济学、科学社会主义理论与实践、国外马克思主义概论、中国近现代史、马克思主义经典文献导读等课程，主要培养具有扎实的马克思主义基本理论、坚定的马克思主义信仰、中国特色社会主义和共产主义的信念、自觉践行社会主义核心价值观，能在科研院所、党政群团、企事业单位从事马克思主义理论研究、宣传、教学、组织管理等工作的高素质复合型人才。</p></section><p><br/></p>"
115_1878815,115,1878815,材料科学与工程,四年,工学学士,本科(普通),工学,材料类,"<p>    培养目标：本专业培养符合国民经济和科学技术发展需求，具有扎实的自然科学基础、人文
社会科学基础和材料科学与工程专业基础，具有较强实践能力、自我获取知识能力、社会交往能
力、组织管理能力，能在材料相关领域的科研院所或企业从事材料科学与工程基础理论研究，新
材料、新工艺和新技术开发，企业管理，生产技术管理等工作的创新型人才。
</p><p>    培养要求：本专业学生通过材料科学与工程基础理论和相关知识的学习，以及材料制备、性
能分析与测试技能的基本训练，掌握材料的成分、制备方法与组织结构和性能之间关系的基本规
律，以及材料设计、制备与工艺控制的基本方法，从而具有开展材料科学与工程基础理论研究、材
料设计、材料性能优化、新材料开发和材料生产管理的知识和能力。
</p><p>    毕业生应获得以下几方面的知识和能力：
</p><p>    1．掌握从事材料科学与工程工作所需的数学、物理和化学等自然科学基本理论和基础知
识，掌握本专业所需的制图、机械、电工电子技术和计算机应用等基本知识和技能，掌握一定程度
的人文、社会科学知识和经济管理基础知识，较熟练地掌握一门外语并具有外语综合应用能力；
</p><p>    2．掌握扎实的材料科学与工程基础知识，掌握本专业领域常规的材料制备、材料性能与结
构分析检测方法和技术；
</p><p>    3．具有选用适当的材料科学与工程理论和实验方法分析并解决材料生产中的实际问题，以
及从事科学研究的初步能力；
</p><p>    4．了解新材料、新工艺、新设备和先进的材料制备与加工生产方法，以及本专业的发展现状
和趋势；
</p><p>    5．具有有效的沟通与交流能力，熟悉所属行业的方针、政策及法规；
</p><p>    6．具备良好的职业道德，能自觉承担对职业、社会和环境的责任。
</p><p>    主干学科：材料科学与工程。
</p><p>    核心知识领域：工程图学、机械设计基础、电子电工技术基础、工程力学、材料科学基础、材料
工程基础、材料制备技术、材料生产装备与生产工艺、材料研究方法与测试技术、材料性能与应
用等。
</p><p>    核心课程示例：
</p><p>    1．示例一：工程制图基础（56学时）、物理化学（80学时）、物理化学实验（50学时）、仪器分
析（32学时）、仪器分析实验（24学时）、有机化学（56学时）、有机化学实验（48学时）、工程力学
（48学时）、电气工程学概论（96学时）、电工学实验（32学时）、机械设计基础（48学时）、材料研
究与计算机应用（32学时）、材料科学基础（56学时）、材料力学性能（48学时）、材料物理性能
（40学时）、材料现代研究方法（56学时）、材料概论（32学时）。
</p><p>    (1)专业方向一：高分子物理（48学时）、高分子化学（56学时）、高分子材料成型加工原理
（40学时）；
</p><p>    (2)专业方向二：金属学（40学时）、固态相变（40学时）、工程材料学（40学时）；
</p><p>    (3)专业方向三：无机材料相图与应用（40学时）、无机材料高温动力学（40学时）、先进陶
瓷制备与加工（32学时）。
</p><p>    2．示例二：机械设计制图B（48学时）、电工技术（48学时）、物理化学D（64学时）、电工技
术实验（16学时）、材料科学基础实验（48学时）、物理化学实验B（32学时）、电子技术（48学
时）、材料科学基础（128学时）、电子技术实验（16学时）、统计物理B（32学时）、冶金工程概述
（32学时）、材料物理性能A（48学时）、材料制备与加工（48学时）、材料分析方法（64学时）、金
属材料学（48学时）、材料力学性能（48学时）。
</p><p>    3．示例三：工程制图与AutoCAD( B)（64学时）、工程力学A（64学时）、材料物理化学(64
学时)、材料科学基础A（80学时）、机械设计基础A（64学时）、材料性能学A（80学时）、材料现
代测试技术（56学时）、材料综合实验I（48学时）、材料中的固态相变（48学时）、材料结构与性
能（48学时）、冶金原理（48学时）、材料合成与制备（32学时）。
</p><p>    (1)金属材料方向：金属材料学（56学时）、表面工程学（48学时）、材料综合实验Ⅱ（48学
时）；
</p><p>    (2)无机非金属材料方向：陶瓷材料（56学时）、材料综合实验Ⅱ（48学时）、粉体工程学(56
学时)。
</p><p>    主要实践性教学环节：认识实习、生产实习、电工电子实习、机械课程设计、专业课程设计或
专业综合试验、毕业设计（论文）等。
</p><p>    主要专业实验：材料制备方法实验、材料力学性能实验、材料物理性能实验、材料结构分析方
法与测试技术实验等。
</p><p>    修业年限：四年。
</p><p>    授予学位：工学学士。
</p>"
115_2012964,115,2012964,合成生物学,四年,工学学士,本科(普通),工学,生物工程类,<p>培养目标</p><p>培养适应社会主义现代化建设需要、德智体美全面发展，具备良好职业道德，具备合成生物技术基本理论和专业知识，并能分析和解决重大环保、能源、生物医药、信息、轻工、食品、和军工等应用领域的工程问题的能力，具有创新精神、和较好的国际交流能力的高级工程技术人才。</p><p>核心课程</p><p>合成生物学、生物化学、有机合成化学、代谢工程、生物信息学、化学生物学、基因工程、生物制药工程、环境生物技术，能源生物技术等，以及相关实验。</p><p><br></p>
115_825157,115,825157,光电信息科学与工程,四年,工学学士,本科(普通),工学,电子信息类,"<p>    培养目标：本专业培养具有较高思想道德、文化修养、敬业精神和社会责任感，具有健康的体
魄和良好的心理素质，具备光电信息科学与工程方面知识和能力的宽基础、高素质、有创新意识
和实践能力的工程科学人才。本专业学生应在光电信息科学与工程领域各研究方向上（光电子
方向、光电信息方向和技术光学方向）具有宽厚的理论基础、扎实的专业基础知识、熟练的实验
技能，并具有综合运用光学科学理论和技术分析解决工程问题的基本能力。
</p><p>    培养要求：本专业学生主要学习光电信息科学与工程的基本理论和基本知识，接受光电信息
系统分析、设计和研究方法等方面的基本训练，具有研究、设计、开发、集成及应用光电信息系统
的基本能力，培养学生具备光电信息科学的研究和工程技术研发，以及产品的设计、生产、销售和
服务或工程项目的施工、运行和维护能力。本专业特别注重培养学生终生学习和在工程实践中
学习的能力，使学生具有工程科技创新和创业的意识。本专业学生毕业后能在光电信息科学与
工程相关领域从事研究、设计、开发、应用和管理等工作。本专业学生在学习过程中接受工程技
术基础、科学研究等多方面综合能力的训练，培养过程突出以光子和电子为信息基本载体的信息
特征，体现信息产业高速发展、学科交叉的趋势。
</p><p>    毕业生应具备以下几个方面的知识和能力：
</p><p>    1．具有良好的工程职业道德、追求卓越的态度、强烈的爱国敬业精神、社会责任感和丰富的
人文科学素养；
</p><p>    2．具有从事工程工作所需的数学和其他相关的自然科学知识以及一定的经济管理知识；
</p><p>    3．具有良好的质量、环境、职业健康、安全和服务意识；
</p><p>    4．掌握扎实的工程基础知识和本专业的基本理论知识，熟悉本专业领域内l—2个专业方
向或有关方面的专业知识，了解本专业的学科前沿和发展趋势；
</p><p>    5．具备综合运用所学基础理论和专业知识分析并解决工程实际问题的能力，具有一定计算
机相关知识和较强的计算机应用能力；
</p><p>    6．具有较强的创新意识和进行光电信息系统研究、设计、开发以及系统运行和维护的初步
能力，具有较强的实践和动手能力；
</p><p>    7．具有自主获取知识的能力，了解本专业领域的技术标准和相关行业的政策、法律和法规，
具有较强的自学能力、分析能力和鉴别能力；
</p><p>    8．具有较好的组织管理能力、较强的交流沟通、环境适应和团队合作的能力；
</p><p>    9．具有一定的国际视野和跨文化环境下的交流、竞争与合作的初步能力，掌握一门外国语，
具有较好的听、说、读、写能力，能较顺利地阅读本专业的外文书籍和资料。
</p><p>    主干学科：光学工程。
</p><p>    核心知识领域：本专业核心知识领域由光电信息基础类知识、光电信息技术和工程类知识、
光电子技术类知识组成。光电信息基础类知识领域包括物理、光学和光学技术、电子与信息技术
等核心基础知识；光电信息技术和工程类知识领域包括光电信息技术、光电仪器原理和光电检测
技术、光纤与光通信技术、光电传感与系统等知识；光电子技术类知识领域包括光电子技术、激光
原理、光电子材料与器件等知识。
</p><p>    核心课程示例：
</p><p>    示例一：工程光学及实验（136学时）、光电检测技术及系统（48学时）、光纤技术（48学时）、
光电图像处理（48学时）、光电信息综合实验（4周）、光电信息物理基础（48学时）、通信原理(48
学时)、激光原理（32学时）、信息光学（32学时）、光学系统CAD（48学时）、光电传感器应用技
术（32学时）、量子光学基础（32学时）。
</p><p>    示例二（方向一为偏重经典光学，方向二为偏重现代光学）：工程光学及光学基础实验(184
学时)、激光技术及应用（48学时）、光学测量（48学时）、光电信息导论（英语授课）（40学时）、
光电检测技术（48学时）、光电系统设计（3周）、薄膜光学（方向一）（32学时）、光度与色度学
（方向一）（48学时）、光纤技术与应用（方向一）（48学时）、像质评价技术（方向一）（32学时）、
光学CAD课程设计（方向一）（3周）、传感器原理（方向二）（48学时）、光纤通信理论基础（方向
二）（48学时）、信息物理基础（方向二）（48学时）、现代成像技术（方向二）（32学时）、光电传感
器设计实验（方向二）（1周）、傅里叶光学（48学时）、光学零件工艺学（4周）、实用图像处理方
法及软件（48学时）、视频技术基础（48学时）、微机接口技术（32学时）、微机接口技术实验
（32学时）、误差理论与数据处理（48学时）。
</p><p>    示例三：仪器零件设计（56学时）、互换性与测量技术基础（48学时）、误差理论与仪器精度
（学时）（40学时）、仪器制造工艺学（32学时）、工程光学及实验（144学时）、光电检测技术(56
学时)、数字图像处理（48学时）、光学测量（48学时）、激光原理及应用（40学时）、仪器光学概论
（48学时）、光学设计及CAD（48学时）、光学仪器总体设计概论（48学时）、光学零件加工技术
（48学时）、薄膜光学与技术（32学时）、微纳制造技术（学时）、光通信技术基础（32学时）、光
电子技术及器件（32学时）、光学信息处理技术（32学时）、干涉测试技术（32学时）、傅里叶光
学（32学时）。
</p><p>    主要实践性教学环节：金工实习或电工实习、专题实验或综合实验、课程设计、毕业实习或生
产实习、毕业设计（论文）、科技实验与创新和社会实践等。
</p><p>    主要专业实验：应用光学实验、物理光学实验、激光实验、光电技术实验、光电信息综合实验等。
</p><p>    修业年限：四年。
</p><p>    授予学位：工学学士或理学学士。
</p>"
115_825190,115,825190,应用化学,四年,理学学士,本科(普通),理学,化学类,"<p>    培养目标：本专业培养具有良好的科学、文化素养，能够较系统扎实地掌握化学基础知识、基
本理论和基本技能，富有创新意识和实践能力，能在应用化学及相关领域从事研究、开发及其他
工作的人才。
</p><p>    培养要求：本专业学生主要学习化学与化工及相关学科的基础知识、基本理论和基本技能，
具有一定的人文和社会科学知识，接受较系统的科学思维和应用研究的基本训练，初步具有综合
运用化学及相关学科的基本理论和技术方法进行研究、开发的能力。
</p><p>    毕业生应获得以下几方面的知识和能力：
</p><p>    1．具有高度的社会责任感、良好的科学文化素养和较强的创新意识；
</p><p>    2．系统掌握化学基础知识、基本理论和基本技能，了解化学和化工的发展动态、应用前景和
行业需求；
</p><p>    3．掌握本专业所需的数学、物理学、化工等学科的基本内容，初步掌握生命、环境、材料、能
源等相关领域的基础知识；
</p><p>    4．掌握一定的信息技术，具有获取、加工和应用信息的能力；
</p><p>    5．能够发现、提出、分析和解决问题，具有从事应用化学研究、开发和其他实际工作的
能力；
</p><p>    6．具有较强的学习、交流、协调能力和团队合作精神，适应科学和社会的发展；
</p><p>    7．具有一定的国际视野和跨文化环境下的交流、竞争与合作的初步能力。
</p><p>    主干学科：化学。
</p><p>    核心知识领域：物质的结构层次、形态与构效关系，化学键及分子间的相互作用，化学反应的
方向、限度、速率和机理，无机和有机物的组成与结构、合成与分离、分析与表征、反应与性质，化
学实验的基本操作及技术，常用化学与化工仪器设备的原理和应用，化学品的开发、规模制备、加
工与应用方法，化学信息获取、处理和表达的方法。
</p><p>    核心课程示例：
</p><p>    示例一：无机化学（96学时）、分析化学（80学时）、有机化学（96学时）、物理化学（128学
时）、化工原理（32学时）、工业化学（32学时）、高分子科学导论（32学时）、生物化学（32学时）、
绿色化学（32学时）、化学信息学（48学时）、无机化学实验（96学时）、分析化学实验（120学
时）、有机化学实验（144学时）、物理化学实验（96学时）、化工原理实验（16学时）、应用化学综
合与设计实验（96学时）。
</p><p>    示例二：普通化学概论（90学时）、元素无机化学（36学时）、分析化学（108学时）、有机化学
（108学时）、物理化学（108学时）、化工基础（54学时）、化工制图（36学时）、应用高分子化学
（36学时）、精细化学品化学（36学时）、基础化学实验（98学时）、仪器分析实验（56学时）、有机
化学实验（98学时）、物理化学实验（84学时）、化工基础实验（28学时）、应用化学实验（112学
时）、应用化学综合与设计实验（56学时）。
</p><p>    示例三：无机化学（64学时）、定量分析化学（48学时）、有机化学（96学时）、物理化学(96
学时)、仪器分析（48学时）、化工原理（112学时）、化工设备机械基础（48学时）、精细化学品工
艺学（64学时）、基础化学实验(I、Ⅱ)（312学时）、综合化学实验（160学时）、化工原理实验(48
学时)、探究性化学实验（64学时）、应用化学专业实验（64学时）。
</p><p>    主要实践性教学环节：化学实验、化工实验、物理实验、生产实习、毕业论文（设计）等。
</p><p>    主要专业实验：基础化学实验、综合化学实验、基础化工实验、研究性化学实验等。
</p><p>    修业年限：四年。
</p><p>    授予学位：理学学士或工学学士。
0704  天文学类
</p>"
115_857450,115,857450,能源与动力工程,四年,工学学士,本科(普通),工学,能源动力类,"<p>    培养目标：本专业以热工、力学和机械科学理论为基础，以计算机和控制技术为工具，培养具
备能源生产、转化、利用与动力系统研发基本理论和应用技术，以及具备节能减排理念，能在工
业、国防、民用等领域从事能源动力、人工环境、新能源研究开发、优化设计、先进制造、智能控制、
应用管理等工作的高级科技人才。
</p><p>    培养要求：本专业学生主要学习各种能量转换及有效利用的理论与技术，接受现代科学与工
程的基本训练，掌握能源、热科学及动力系统基础理论，掌握计算机及控制技术等现代工具，具备
从事节能、制冷、动力、环保和新能源开发利用等领域设备研究开发、设计制造和应用管理所必需
的工程技术知识，初步具有应用所学知识提出、分析及解决本专业领域问题的能力。本专业学生
还应具有有效的沟通与交流能力，具备良好的职业道德和团队精神，对职业、社会、环境有责任
感，树立节能减排的理念。
</p><p>    毕业生应获得以下几方面的知识和能力：
</p><p>    1．掌握并能应用与本专业相关的数学、物理、力学、材料、机械、热工、控制、电工电子等工程
科学基础知识；
</p><p>    2．具有专门针对能源动力系统提出、分析及解决问题的能力，具有适应本专业要求的个人
能力和专业素质，能进行能源新产品和新系统的设计与开发、运行维护以及相关制造，具有集成
创新的能力；
</p><p>    3．了解能源生产、转化和利用的行业需求动态，熟悉能源高效转化和利用技术的理论前沿
和应用背景，贯彻执行节能减排的方针政策和技术路线；
</p><p>    4．具有在能源动力类企业的初步工程实践经验，了解能源与动力工程技术的发展趋势，及
时掌握并应用相关新技术为社会服务，成为具备创新精神和创新能力，善于解决实际问题的工程
技术人才。
</p><p>    主干学科：动力工程及工程热物理、机械工程。
</p><p>    核心知识领域：热科学基本知识（工程热力学、工程流体力学、传热学）、工程设计基本知识
（工程制图、机械设计基础）、电工电子基本知识（电工学、控制理论）等。
</p><p>    核心课程示例：
</p><p>    示例一：工程流体力学（56学时）、传热学（56学时）、工程热力学（56学时）、燃烧基本原理
与建模（24学时）、机械设计基础（48学时）、机械制图及CAD基础（24学时）、电工电子学（72学
时）、自动控制理论（32学时）、工程力学（含理论力学和材料力学）（64学时）。
</p><p>    示例二：工程流体力学(A)（72学时）、传热学（72学时）、工程热力学（72学时）、燃烧理论
基础（16学时）、机械设计基础（64学时）、自动控制理论（72学时）、理论力学（48学时）、材料力
学（48学时）。
</p><p>    示例三：流体力学（80学时）、传热学（60学时）、工程热力学（75学时）、燃烧学（30学时）、
机械原理及设计（90学时）、工程图学（90学时）、电工电子（90学时）、自动控制原理（30学时）、
工程力学（120学时）。
</p><p>    主要实践性教学环节：工程训练（金工实习）、机械设计基础课程设计、生产实习、专业课程
设计、毕业设计（毕业论文）等。
</p><p>    主要专业实验：电工电子实验、热工实验（包括工程热力学实验、工程流体力学实验、传热学
实验）、能源与动力相关方向的专业实验（如燃烧学实验、热工控制与测试类实验）。
</p><p>    修业年限：四年。
</p><p>    授予学位：工学学士。
</p>"
115_1034858,115,1034858,英语(中美合作）,四年,文学学士,本科(普通),文学,外国语言文学类,"<p>    培养目标：本专业培养具有较高的人文素养、熟练的英语语言技能、厚实的英语语言文学专
业知识和其他相关专业知识，能在外事、教育、经贸、文化、科技、军事等部门熟练运用英语和本族
语从事外事、翻译、教育、管理、研究等各种工作的英语专业人才。
</p><p>    培养要求：本专业的学生主要学习英语语言和文学方面的基本知识，兼学主要英语国家的文
学、历史、哲学、政治、经济、艺术、法律等人文和社会科学知识，接受系统、科学的英语听、说、读、
写、译等方面的基本技能训练，掌握英语口头表达和书面表达能力、与海内外人士进行跨文化交
际的能力、使用计算机和网络技术不断获取知识的能力，掌握运用专业知识发现、分析、解决问题
的综合能力、创造性思维能力和科学研究能力。
</p><p>    毕业生应获得以下几个方面的知识和能力：
</p><p>    1．掌握英语语言学和文学方面的基本知识；
</p><p>    2．掌握运用英语和本族语的专业知识发现、分析、解决问题的能力，以及创造性思维和科学
研究的能力；
</p><p>    3．具有熟练运用英语，与海外人士进行口头与书面交流及跨文化交际的能力；
</p><p>    4．熟悉我国在外交、外事、教育、经贸、文化交流等方面的方针、政策和法规；
</p><p>    5．具有良好的思想道德品质、较强的法制观念和诚信意识，具有较高的文化素养和文学艺
术修养、较强的现代意识和跨文化交际意识，掌握科学的思维方法和研究方法，具有求实创新的
精神、专业学科意识和思辨能力，具备健康的体魄和健全的心理素质。
</p><p>    主干学科：外国语言文学、中国语言文学。
</p><p>    核心课程：
</p><p>    1．英语专业技能课程，包括基础英语、高级英语、语音、听力、口语、阅读、写作、口译、笔
译等。
</p><p>    2．英语专业知识课程，包括语言学导论、英语语音学、英语词汇学、英语文体学、报刊选读、
英国文学选读、美国文学选读、学术论文写作、英语国家社会与文化、英语教学法、翻译理论与实
践等。
</p><p>    英语专业技能课程的学时应不低于专业教育课程学时总量的40%，英语专业知识课程的学
时应占专业教育学时总量的35 010左右。
</p><p>    主要实践性教学环节：本专业的实践性教学既体现在课堂教学中，也体现在学生的课外学习
和实践活动中。课外学习和实践是课堂教学的延伸与扩展，是培养和发展学生能力的重要途径。
课外学习和实践活动应以课堂教学的内容为基础，激发学生的学习兴趣，以及培养学生的自主学
习能力、语言综合运用能力、组织能力、交际能力、思维能力和创新能力。此外，还应鼓励学生积
极参加与专业相关的各种专业实践（如涉外活动和教育实习）和社会实践活动。
</p><p>    修业年限：四年。
</p><p>    授予学位：文学学士。
</p>"
115_1034860,115,1034860,思想政治教育(师范）（非师范),四年,法学学士,本科(普通),法学,马克思主义理论类,"<p>    培养目标：本专业培养具备良好的政治理论素养、思想道德素质和科学文化素质，既能在学
校和科研机构从事本专业的教学、研究工作，又能在党政机关和企事业单位从事以本专业为基础
的宣传、组织、管理、思想政治工作的复合型人才。
</p><p>    培养要求：本专业学生主要学习马克思列宁主义、毛泽东思想和中国特色社会主义理论体
系、思想政治教育的基本理论和基本知识，接受思想政治教育的专业技能与方法的基本训练，掌
握从事思想政治工作的基本能力。
</p><p>    毕业生应获得以下几方面的知识和能力：
</p><p>    1．掌握马克思列宁主义、毛泽东思想和中国特色社会主义理论体系以及思想政治教育的基
本理论、基本知识；
</p><p>    2．掌握马克思主义基本理论学科和思想政治教育专业的基本研究方法；
</p><p>    3．具有从事思想政治教育领域的教学、研究、管理工作的基本能力；
</p><p>    4．熟悉中国共产党的纲领、路线、方针和政策；
</p><p>    5．了解思想政治教育学科专业的理论前沿和发展动态；
</p><p>    6．具有从事本专业所需的社会科学、自然科学知识以及外语和计算机操作等基本知识。
</p><p>    主干学科：马克思主义理论、政治学、教育学。
</p><p>    核心课程：思想政治教育学原理与方法、科学社会主义、政治经济学、马克思主义哲学、中国
哲学史、西方哲学史、心理学、伦理学、教育学、中国共产党思想政治教育史等。
</p><p>    主要实践性教学环节：社会实践、社会调查、专业实习、毕业论文等。
</p><p>    修业年限：四年。
</p><p>    授予学位：法学学士。
</p>"
115_1034861,115,1034861,小学教育(师范),四年,教育学学士,本科(普通),教育学,教育学类,"<p>    培养目标：本专业培养具有良好思想道德品质、扎实的学科知识和较强的教育教学能力，能
在小学从事教育、教学和管理工作的复合型人才。
</p><p>    培养要求：本专业学生主要学习小学相关学科的基本理论和基本知识，接受儿童教育技能的
基本训练，掌握教育教学、研究和管理的基本能力。
</p><p>    毕业生应获得以下几方面的知识和能力：
</p><p>    1．掌握小学相关课程的基本理论和基本知识；
</p><p>    2．掌握观察研究小学生的科学方法；
</p><p>    3．具有小学教育教学工作的基本能力；
</p><p>    4．熟悉国家有关小学教育的方针、政策和法规；
</p><p>    5．了解小学教育的理论前沿和发展动态；
</p><p>    6．具有一定的科学研究和实际工作能力，具有一定的批判性思维能力。
</p><p>    主干学科：教育学、心理学。
</p><p>    核心课程：教育概论、中文、数学、英语、小学教育学、小学心理学、教学论、小学班队原理与实
践、现代教育技术、小学各学科教学与研究等。
</p><p>    主要实践性教学环节：教育见习、教育实习等。
</p><p>    修业年限：四年。
</p><p>    授予学位：教育学学士。
</p>"
115_1034862,115,1034862,学前教育(师范),四年,教育学学士,本科(普通),教育学,教育学类,"<p>    培养目标：本专业培养具有良好思想道德品质、扎实的学前教育专业知识，能在保教机构、教
育行政部门以及其他相关机构从事保教、研究和管理等方面工作的复合型人才。
</p><p>    培养要求：本专业学生主要学习学前教育方面的基本理论和基本知识，接受学前教育技能的
基本训练，掌握保育、教育和研究的基本能力。
</p><p>    毕业生应获得以下几方面的知识和能力：
</p><p>    1．掌握学前儿童保育学、学前教育学、学前儿童发展科学、幼儿园教育活动设计与组织等学
科的基本理论和基本知识；
</p><p>    2．掌握观察幼儿、分析幼儿的基本能力以及对幼儿实施保育和教育的技能；
</p><p>    3．具有设计具体教育方案和实施方案的基本能力；
</p><p>    4．熟悉国家和地方有关学前教育的方针、政策和法规；
</p><p>    5．了解学前教育理论和学前教育实践的发展动态；
</p><p>    6．具有一定的科学研究和管理工作能力，具有一定的批判性思维能力。
</p><p>    主干学科：教育学、心理学。
</p><p>    核心课程：学前教育学、学前儿童发展科学、学前儿童保育学、学前教育史、学前教育研究方
法、学前特殊儿童教育、幼儿园课程、学前儿童语言教育、学前儿童健康教育、学前儿童艺术教
育等。
</p><p>    主要实践性教学环节：幼儿园见习、教育实习、教育调查等。
</p><p>    修业年限：四年。
</p><p>    授予学位：教育学学士。
</p>"
115_1034865,115,1034865,英语(师范),四年,文学学士,本科(普通),文学,外国语言文学类,"<p>    培养目标：本专业培养具有较高的人文素养、熟练的英语语言技能、厚实的英语语言文学专
业知识和其他相关专业知识，能在外事、教育、经贸、文化、科技、军事等部门熟练运用英语和本族
语从事外事、翻译、教育、管理、研究等各种工作的英语专业人才。
</p><p>    培养要求：本专业的学生主要学习英语语言和文学方面的基本知识，兼学主要英语国家的文
学、历史、哲学、政治、经济、艺术、法律等人文和社会科学知识，接受系统、科学的英语听、说、读、
写、译等方面的基本技能训练，掌握英语口头表达和书面表达能力、与海内外人士进行跨文化交
际的能力、使用计算机和网络技术不断获取知识的能力，掌握运用专业知识发现、分析、解决问题
的综合能力、创造性思维能力和科学研究能力。
</p><p>    毕业生应获得以下几个方面的知识和能力：
</p><p>    1．掌握英语语言学和文学方面的基本知识；
</p><p>    2．掌握运用英语和本族语的专业知识发现、分析、解决问题的能力，以及创造性思维和科学
研究的能力；
</p><p>    3．具有熟练运用英语，与海外人士进行口头与书面交流及跨文化交际的能力；
</p><p>    4．熟悉我国在外交、外事、教育、经贸、文化交流等方面的方针、政策和法规；
</p><p>    5．具有良好的思想道德品质、较强的法制观念和诚信意识，具有较高的文化素养和文学艺
术修养、较强的现代意识和跨文化交际意识，掌握科学的思维方法和研究方法，具有求实创新的
精神、专业学科意识和思辨能力，具备健康的体魄和健全的心理素质。
</p><p>    主干学科：外国语言文学、中国语言文学。
</p><p>    核心课程：
</p><p>    1．英语专业技能课程，包括基础英语、高级英语、语音、听力、口语、阅读、写作、口译、笔
译等。
</p><p>    2．英语专业知识课程，包括语言学导论、英语语音学、英语词汇学、英语文体学、报刊选读、
英国文学选读、美国文学选读、学术论文写作、英语国家社会与文化、英语教学法、翻译理论与实
践等。
</p><p>    英语专业技能课程的学时应不低于专业教育课程学时总量的40%，英语专业知识课程的学
时应占专业教育学时总量的35 010左右。
</p><p>    主要实践性教学环节：本专业的实践性教学既体现在课堂教学中，也体现在学生的课外学习
和实践活动中。课外学习和实践是课堂教学的延伸与扩展，是培养和发展学生能力的重要途径。
课外学习和实践活动应以课堂教学的内容为基础，激发学生的学习兴趣，以及培养学生的自主学
习能力、语言综合运用能力、组织能力、交际能力、思维能力和创新能力。此外，还应鼓励学生积
极参加与专业相关的各种专业实践（如涉外活动和教育实习）和社会实践活动。
</p><p>    修业年限：四年。
</p><p>    授予学位：文学学士。
</p>"
115_1034866,115,1034866,历史学(师范）（非师范),四年,历史学学士,本科(普通),历史学,历史学类,"<p>    培养目标：本专业培养具有历史学基本理论、专门知识和基本技能，能在国家机关、新闻出
版、文教事业及各类企业事业单位或领域从事研究、教学和管理等方面工作的历史学科复合型
人才。
</p><p>    培养要求：本专业学生主要学习历史学科的基本理论和基础知识，接受中国历史和世界历史
发展的基本史实及史学研究的基本训练，掌握从事专业工作和历史学教学研究的基本能力。
</p><p>    毕业生应获得以下几方面的知识和能力：
</p><p>    1．掌握历史学科的基本理论和基础知识，对有关人文科学、社会科学与自然科学有一定的
了解；
</p><p>    2．掌握历史学的基本研究与分析方法；
</p><p>    3．具有从事历史研究的初步能力和较强的口头表达和文字表达能力；
</p><p>    4．熟悉古文字学、史料学、历史地理学等方面的基础知识及教育法规，能够初步运用教育
学、心理学基础理论与历史学基本理论；
</p><p>    5．了解国内外历史学研究与教学的理论前沿和发展动态；
</p><p>    6．掌握文献检索、资料查询的基本方法，具有一定的批判性思维能力。
</p><p>    主干学科：中国史、世界史。
</p><p>    核心课程：中国通史、世界通史、史学概论、中国历史要籍介绍及选读、外国历史要籍介绍及
选读、中国史学史、西方史学史等。
</p><p>    主要实践性教学环节：学年论文、毕业论文、专业考察、教学实习、读书报告、学术前沿讲座、
大学生科研立项等。
</p><p>    修业年限：四年。
</p><p>    授予学位：历史学学士。
</p>"
115_1034868,115,1034868,教育技术学(师范),四年,教育学学士,本科(普通),教育学,教育学类,"<p>    培养目标：本专业培养具有良好思想道德品质、扎实的教育技术学科知识和较强的应用能
力，能在各级各类学校、企业事业单位以及各级电教馆等机构从事教学媒体与教学系统设计、开
发、应用、管理、评价的教育信息化建设的复合型人才。
</p><p>    培养要求：本专业学生主要学习教育技术学方面的基本理论和基本知识，接受学习信息资源
和学习过程设计、开发、应用、管理和评价等方面的基本训练，掌握新技术教育应用方面的基本
能力。
</p><p>    毕业生应获得以下几方面的知识和能力：
</p><p>    1．掌握教育技术学科的基本理论和基本知识；
</p><p>    2．掌握教学系统设计、开发、应用、管理、评价的方法和技术；
</p><p>    3．具有教学媒体设计、开发、应用、管理和评价的基本能力；
</p><p>    4．熟悉国家有关教育信息化和教育技术方面的方针、政策和法规；
</p><p>    5．了解国内外教育技术学的理论前沿、应用前景和发展动态；
</p><p>    6．具有一定的科学研究和实际工作能力，具有一定的批判性思维能力。
</p><p>    主干学科：教育学、心理学、计算机科学与技术。
</p><p>    核心知识领域：本专业知识体系包含6个核心知识领域，分属基础领域层面和应用领域层
面。基础领域层面主要为本科生奠定专业知识基础，包括教育技术理论基础、计算机与通信技术
基础、媒体与艺术基础3个核心知识领域；应用领域层面主要培养本科生分析问题和解决问题的
实践能力，包括课程开发与教学设计、教育信息资源开发与管理、信息化教育装备与环境开发及
管理3个核心知识领域。
</p><p>    核心课程示例：
</p><p>    示例一：教育技术学导论（36学时）、教学系统设计(54学时)、教育技术研究方法（36学
时）、信息技术与课程整合（54学时）、教学媒体的理论与实践（54学时）、多媒体与网络教学资源
的设计与开发（54学时）、信息化教学环境建设（54学时）、远程教育应用（36学时）。
</p><p>    示例二：教育技术学导论（32学时）、教学系统设计（48学时）、教育技术研究方法（48学
时）、教育传播学（32学时）、多媒体课件设计与开发（48学时）、教育电视节目编导与制作（48学
时）、远程教育应用（48学时）、信息技术课程教学论（48学时）。
</p><p>    示例三：教育技术学导论（36学时）、教学系统设计（54学时）、教育技术研究方法（54学
时）、教育传播学（36学时）、多媒体课件设计与开发（54学时）、教育电视节目编导与制作（54学
时）、远程教育应用（54学时）、信息技术教育应用（54学时）。
</p><p>    主要实践性教学环节：教学媒体设计与开发实践、课程设计与开发实践、教育实习等。
</p><p>    主要专业实验：模拟教学实验、教学设计实验、电视电声教材制作实验、多媒体课件设计与制
作实验、教育网络开发与应用实验、信息化教育装备与环境开发及管理实验等。
</p><p>    修业年限：四年。
</p><p>    授予学位：教育学学士或理学学士或工学学士。
</p>"
115_1034869,115,1034869,数学与应用数学(师范),四年,理学学士,本科(普通),理学,数学类,"<p>    培养目标：本专业培养掌握数学科学的基本理论与基本方法、具有运用数学知识和使用计算
机解决实际问题的能力、接受科学研究的初步训练，能在科技、教育、经济和金融等部门从事研究
和教学工作，在生产、经营及管理部门从事实际应用、开发研究和管理工作，或继续攻读研究生学
位的创新型人才。
</p><p>    培养要求：本专业学生主要学习数学和应用数学的基本理论、基本方法并接受数学建模、计
算机和数学软件方面的基本训练，在数学理论和应用两方面都受到良好的教育，具有较高的科学
素养和较强的创新意识，具备科学研究、教学、解决实际问题及软件开发等方面的基本能力和较
强的更新知识的能力。
</p><p>    毕业生应获得以下几方面的知识和能力：
</p><p>    1．具有比较扎实的数学基础，接受严格的科学思维训练，初步掌握数学科学的思想方法；
</p><p>    2．具有运用数学知识建立数学模型以解决实际问题的初步能力和进行数学教学的能力；
</p><p>    3．了解数学科学发展的历史概况以及当代数学的某些新发展和应用前景；
</p><p>    4．能熟练使用计算机（包括常用语言、工具软件及数学软件），具有编写简单程序的能力；
</p><p>    5．有较强的语言表达能力，掌握资料查询、文献检索以及运用现代信息技术获取相关信息
的基本方法，具有一定的科学研究能力。
</p><p>    6．师范类毕业生还应具有良好的教师职业素养，了解教育法规，掌握并能初步运用教育学、
心理学以及数学教育学的基本理论，具有一定的组织管理能力。
</p><p>    主干学科：数学。
</p><p>    核心知识领域：几何、分析、代数、微分方程、概率统计、数学建模、数值计算。
</p><p>    核心课程示例：
</p><p>    示例一：数学分析I-Ⅲ（288学时）、高等代数I-Ⅱ（192学时）、解析几何（80学时）、初等
数论（32学时）、近世代数基础（32学时）、常微分方程（64学时）、拓扑学（48学时）、理论力学
（48学时）、大学物理（64学时）、实变函数（64学时）、复变函数论（64学时）、数理统计（64学
时）、泛函分析（64学时）、偏微分方程（64学时）、科学计算（64学时）、随机过程（64学时）。
</p><p>    示例二：数学分析I-Ⅲ（378学时，含习题课）、高等代数I-Ⅱ（198学时）、解析几何（72学
时）、常微分方程（72学时）、复变函数I（72学时）、概率论与数理统计I-Ⅱ（144学时）、微分几
何（72学时）、抽象代数（72学时）、实变函数I（72学时）、泛函分析（双语）（72学时）、数学模型
与数学软件（72学时）、数值分析（72学时）、普通物理学I-Ⅱ（180学时，含实验）、计算机基础
（72学时）、C语言程序设计（108学时，含实验）。
</p><p>    示例三：数学分析I-Ⅲ（324学时）、高等代数I-Ⅱ（198学时）解析几何（72学时）、C语
言（90学时）、普通物理（108学时）、概率与统计（90学时）、数学软件（54学时）、数学建模（72学
时）、近世代数（54学时）、常微分方程（54学时）点集拓扑（72学时）、实变函数（72学时）、中学
数学教材教法（54学时）、微分几何（54学时）、复变函数（54学时）、初等数论（36学时）、泛函分
析（54学时）。
</p><p>    主要实践性教学环节：学术与科技活动、课程设计及实验、毕业实习及社会调查（实践）、毕
业论文（设计）等。
</p><p>    修业年限：四年。
</p><p>    授予学位：理学学士。
</p>"
115_1034870,115,1034870,物理学(师范）（非师范),四年,理学学士,本科(普通),理学,物理学类,"<p>    培养目标：本专业主要培养从事物理学及相关前沿学科教学和研究的专业人才，同时也培养
能将物理学应用于技术和社会各个领域的复合型人才。经过学习和训练，本专业学生应具备在
物理学及相关学科进一步深造的基础，能达到毕业后从事研究、教学、技术应用和管理等方面工
作的要求。
</p><p>    培养要求：本专业学生主要学习物理学的基本知识与原理，接受科学思维和物理学研究方法
的训练，具有科学精神、科学素养、科学作风和创新意识，具备一定的独立获取知识的能力、实践
能力和研究能力。
</p><p>    毕业生应获得以下几方面知识和能力：
</p><p>    1．具有职业道德和爱国敬业精神；
</p><p>    2．具有科学的世界观，比较系统扎实地掌握物理学的基本理论和基本实验方法，具备本专
业所需的数学基础知识，具备职业安全意识；
</p><p>    3．掌握外语、计算机及信息技术等方面的知识，掌握人文社会科学知识以及其他自然科学
和相关工程技术的初步知识；
</p><p>    4．具有独立获取知识和应用知识的能力，具有书面和口头表达能力、应用外语的交流能力
以及向社会公众传播科学普及知识的能力；具有一定的国际视野和跨文化环境下的交流能力；
</p><p>    5．具有创造性思维、独立思考及批判性思维能力，具有初步的科学研究能力和一定的科技
开发能力；
</p><p>    6．了解国家科学技术、知识产权等有关政策和法规；
</p><p>    7．对近代物理学和物理学的新发展在高技术和生产中的应用，以及与物理学相关学科和技
术的新发展有所了解。
</p><p>    主干学科：物理学。
</p><p>    核心知识领域：机械运动现象与规律、热运动现象与规律、电磁和光现象与规律、物质微观结
构和量子现象与规律、凝聚态物质结构及性质、时空结构、物理学中的数学方法。
</p><p>    核心课程示例：
</p><p>    示例一：力学（68学时）、热学（51学时）、电磁学（51学时）、光学（51学时）、近代物理（51学
时）、原子核物理（68学时）、理论力学（51学时）、电动力学（51学时）、热力学与统计物理学(51
学时)、量子力学（68学时）、固体物理学（85学时）、数学物理方法（68学时）。
</p><p>    示例二：力学（54学时）、热学（54学时）、电磁学（72学时）、光学（72学时）、原子物理学(54
学时)、数学物理方法（72学时）、理论力学（72学时）、热力学与统计物理（72学时）、电动力学
（72学时）、量子力学（72学时）、固体物理学（72学时）、半导体物理与器件（72学时）。
</p><p>    示例三：力学（64学时）、热学（56学时）、电磁学（64学时）、光学（64学时）、原子物理学(56
学时)、数学物理方法（72学时）、理论力学（64学时）、热力学与统计物理学（64学时）、电动力学
（64学时）、量子力学（72学时）、计算物理基础（32学时）、固体物理学（56学时）。
</p><p>    主要实践性教学环节：研究性训练、大学生创新训练、毕业论文（毕业设计）等。
</p><p>    主要专业实验：普通物理实验、近代物理实验、专业方向实验。
</p><p>    修业年限：四年。
</p><p>    授予学位：理学学士。
</p>"
115_1889399,115,1889399,应急管理,四年,管理学学士,本科(普通),管理学,管理科学与工程类,<p>专业定义：培养德、智、体、美、劳全面发展，富有安全意识和国际视野，具有高度社会责任感，系统掌握应急管理理论知识，能够在各级政府应急管理部门、企事业单位和社会组织从事应急管理实际工作，并擅长风险沟通和应急预警、风险识别与评估、事故灾害防治、应急决策、应急处置和救援、恢复与重建、社会舆情分析等工作的应用型高级专门人才。</p><p><br/></p><p>主要课程：公共管理学、应急管理概论、应急预案编制与演练、灾害学与灾害风险管理、应急管理社会心理与行为基础、应急决策理论与方法、系统工程、系统动力学、应急管理法制、风险辨识与评估、应急工程管理与方法、应急沟通与舆情管理、应急管理信息技术与系统等。</p><p><br/></p><p>毕业生就业行业（领域）：各级政府应急管理部门、企事业单位和社会组织等。</p><p><br/></p>
115_1034872,115,1034872,生物科学(师范),四年,理学学士,本科(普通),理学,生物科学类,"<p>    培养目标：本专业培养具备生物学基础理论、基本知识和基本技能，具有数理化基础、人文社
科素质、国际化视野和科学思维能力，接受专业理论和专业技能训练，并能运用所掌握的理论知
识和技能在生物学及相关领域从事科学研究、技术开发、教学及管理等方面工作的创新型人才。
</p><p>    培养要求：本专业学生主要学习数理化基础、生物学基本理论和基本知识以及人文社科知
识，接受专业技能和科学研究方面的基本训练，具备科学思维和国际化视野，掌握从事生物学及
相关领域基础科学研究及应用技术开发的基本能力。
</p><p>    毕业生应获得以下几方面的知识和能力：
</p><p>    1．具有良好的职业道德、高度社会责任感和丰富的人文科学素养；
</p><p>    2．掌握生物学的基础理论及基本知识，具有扎实的数学、物理、化学的学科基础，具有计算
机及信息科学和人文社会科学等方面的基本素质；
</p><p>    3．掌握群体、个体、细胞和分子等生物学不同层次的分析方法与实验技术；
</p><p>    4．具有从事生物学相关领域研究、教学和管理的初步能力；
</p><p>    5．熟悉生物学及其发展规划的相关方针、政策和法规；
</p><p>    6．了解国内外的生物学理论前沿和应用前景；
</p><p>    7．具有初步的科学研究和实际工作能力，具有一定的批判性思维能力，具有适应社会需求、
继续深造的潜能，以及应对危机与突发事件的初步能力；
</p><p>    8．具有一定的国际视野和初步的交流、竞争与合作能力。
</p><p>    主干学科：生物学、医学、农学。
</p><p>    核心知识领域：生命的化学分子基础、细胞的结构与功能及其重要生命活动、动物体的结构
与功能、植物体的结构与功能、微生物的特征与代谢、生物多样性与进化、生物与环境。
</p><p>    核心课程示例（以下课程按每16学时折合1学分）：
</p><p>    示例一：动物生物学（理论课48学时，实验课48学时）、植物生物学（理论课48学时，实验
课48学时）、生物化学（理论课80学时，实验课48学时）、细胞生物学（理论课48学时，实验课
48学时）、遗传学（理论课48学时，实验课48学时）、微生物学（理论课48学时，实验课48学
时）、分子生物学（32学时）等。
</p><p>    示例二：动物生物学（理论课64学时，实验课32学时）、植物生物学（理论课48学时，实验
课32学时）、生物化学（理论课80学时，实验课32学时）、细胞生物学（理论课48学时，实验课
32学时）、遗传学（理论课48学时，实验课32学时）、微生物学（理论课48学时，实验课32学
时）、生态学（理论课48学时，实验课32学时）、分子生物学（32学时）等。
</p><p>    示例三：植物生物学（理论课64学时，实验课64学时）、动物生物学（理论课64学时，实验
课64学时）、生物化学（理论课64学时，实验课32学时）、微生物学（理论课48学时，实验课32
学时）、遗传学（理论课48学时，实验课32学时）、细胞生物学（理论课32学时，实验课16学
时）、分子生物学（理论课32学时，实验课16学时）等。
</p><p>    主要实践性教学环节：野外综合实习、综合实践及毕业论文、学术与科技活动等。
</p><p>    主要专业实验：植物生物学实验和动物生物学实验（或普通生物学实验）、微生物学实验、生
物化学与分子生物学实验、细胞生物学实验、遗传学实验等。
</p><p>    修业年限：四年。
</p><p>    授予学位：理学学士。
</p>"
115_1034873,115,1034873,电气工程及其自动化(中英合作办学),四年,工学学士,本科(普通),工学,电气类,"<p>    培养目标：电气工程主要是研究电能的产生、传输、转换、控制、储存和利用的学科。本专
业隶属于电气类，培养具备电气工程领域相关的基础理论、专业技术和实践能力，能在电气工
程领域的装备制造、系统运行、技术开发等部门从事设计、研发、运行等工作的复合型工程科
技人才。
</p><p>    培养要求：本专业学生主要学习电路、电磁场、电子技术、计算机技术、信号分析与处理、电机
学和自动控制等方面的基础理论、专业知识和专业技能。本专业主要特点是强电与弱电相结合、
软件与硬件相结合、元件与系统相结合。本专业学生接受电工、电子、信息、控制及计算机技术方
面的基本训练，掌握解决电气工程领域中的装备设计与制造、系统分析与运行及控制问题的基本
能力。学校可根据情况设置专业方向，如电力系统及其自动化、电机及其控制、高电压技术、电力
电子技术等。
</p><p>    毕业生应获得以下几方面的知识和能力：
</p><p>    1．掌握较扎实的高等数学和大学物理等自然科学基础知识，具有较好的人文社会科学和管
理科学基础，具有外语运用能力；
</p><p>    2．系统地掌握电气工程学科的基本理论和基本知识，主要包括电工理论、电子技术、信息处
理、控制理论、计算机软硬件基本原理与应用等；
</p><p>    3．掌握电气工程相关的系统分析方法、设计方法和实验技术；
</p><p>    4．获得较好的工程实践训练，具有较熟练的计算机应用能力；
</p><p>    5．具有本专业领域内1~2个专业方向的知识与技能，了解本专业学科前沿的发展趋势；
</p><p>    6．具有较强的工作适应能力，具备一定的科学研究、技术开发和组织管理的实际工作能力。
</p><p>    主干学科：电气工程、控制科学与工程。
</p><p>    核心知识领域：电气工程及其自动化专业核心知识领域应涵盖电路、电子、电磁场、信息分析
与处理、自动控制、计算机技术、工程设计等方面的基础理论，以及电力系统及其自动化、电机与
电力拖动、电力电子与电气检测、电力设备与高电压技术等方面的专业知识。此外，建议适当涉
及电气学科的前沿领域和发展趋势，各学校可根据办学特色设置相关课程。
</p><p>    核心课程示例：
</p><p>    示例一：电气学科概论（16学时）、电路基础（64学时）、信号与系统（64学时）、电磁场(32
学时)、数字逻辑电路（64学时）、模拟电子电路（64学时）、数据结构与数据库技术（40学时）、自
动控制原理（48学时）、微机系统与接口（48学时）、电机学（上）（48学时）、电机学（下）（48学
时）、电力电子基础（48学时）、电力系统基础（64学时）、电力传动技术（48学时）、电力系统暂态
分析（48学时）、电气检测技术（48学时）、电力系统继电保护（48学时）。
</p><p>    示例二：电路（72学时）、信号与系统（32学时）、工程电磁场（40学时）、数字逻辑电路( 64
学时)、模拟电子电路（64学时）、数据结构与数据库技术（40学时）、控制工程基础（48学时）、微
机原理与接口技术（72学时）、电机学（上）（32学时）、电机学（下）（48学时）、电力电子技术(48
学时)、发电厂电气工程（48学时）、电力系统分析（64学时）、电力系统继电保护（64学时）。
</p><p>    示例三：电路（96学时）、数字逻辑电路（64学时）、模拟电子电路（64学时）、信号与系统
（48学时）、自动控制理论（56学时）、微机原理与应用（64学时）、电机学（上）（64学时）、电力工
程（上）（64学时）、电力电子技术（48学时）、微机保护基础（48学时）、电力系统自动装置（48学
时）、电力系统继电保护（48学时）、电力系统故障分析（48学时）、工程电磁场（48学时）。
</p><p>    主要实践性教学环节：金工实习、电子电气工艺实习、计算机软硬件实践、电气工程专业课程
设计、综合实验、生产实习、毕业设计（论文）等。
</p><p>    主要专业实验：电路实验、电子技术实验、电机与控制实验、电气工程系统实验、电力电子实
验等。
</p><p>    修业年限：四年。
</p><p>    授予学位：工学学士。
</p>"
115_1034874,115,1034874,计算机科学与技术(师范）（非师范),四年,工学学士,本科(普通),工学,计算机类,"<p>    培养目标：本专业培养德、智、体等方面全面发展，掌握数学与自然科学基础知识以及计算
机、网络与信息系统相关的基本理论、基本知识、基本技能和基本方法，具有较强的专业能力和良
好的综合素质，能胜任计算机科学研究、计算机系统设计、开发与应用等工作的高级专门人才。
</p><p>    培养要求：
</p><p>    1．掌握马列主义、毛泽东思想与中国特色社会主义基本理论，具有良好的人文社会科学素
养、职业道德和心理素质，社会责任感强；
</p><p>    2．掌握从事本专业工作所需的数学（特别是离散数学）和其他相关的自然科学知识以及一
定的经济学与管理学知识；
</p><p>    3．系统掌握计算机科学与技术学科的基础理论和专业知识，理解本学科的基本概念、知识
结构、典型方法，建立数字化、算法、模块化与层次化等核心专业意识；
</p><p>    4．掌握计算学科的基本思维方法和研究方法，具有良好的科学素养和一定的工程意识，并
具备综合运用所掌握的知识、方法和技术解决实际问题的能力；
</p><p>    5．具有终身学习意识以及运用现代信息技术获取相关信息和新技术、新知识的能力；
</p><p>    6．了解计算机科学与技术学科的发展现状和趋势，具有创新意识，并具有技术创新和产品
创新的初步能力；
</p><p>    7．了解与本专业相关的职业和行业的重要法律法规及方针政策，理解工程技术与信息技术
应用相关的伦理基本要求；
</p><p>    8．具有一定的组织管理能力、表达能力、独立工作能力、人际交往能力和团队合作能力；
</p><p>    9．具有一定的外语应用能力，能阅读本专业的外文材料，具有一定的国际视野和跨文化交
流、竞争与合作能力；
</p><p>    10.掌握体育运动的一般知识和基本方法，形成良好的体育锻炼习惯。
</p><p>    主干学科：计算机科学与技术。
</p><p>    核心知识领域：离散结构、基本算法、程序设计、数据结构、计算机组成、操作系统、计算机网
络、数据库系统、软件工程等。
</p><p>    核心课程示例（括号内为理论学时+实验或者习题课学时）：
</p><p>    示例一：高级语言程序设计（40+48学时）、计算机导论（24+6学时）、集合论与图论（48学
时）、汇编语言程序设计（32+8学时）、电路44+16学时）、数理逻辑（32学时）、电子技术基础(32
+20学时)、数字逻辑设计（36+12学时）、数据结构与算法（40+24学时）、近世代数（32学时）、计
算机组成原理（48+60学时）、软件工程（48 +16学时）、形式语言与自动机（32学时）、数理逻辑
（32学时）、数据库系统（40+24学时）、操作系统（40+16学时）、计算机网络（36+30学时）、算法
设计与分析（32学时）、计算机体系结构（48学时）。
</p><p>    示例二：计算概论（72学时）、数据结构与算法（72学时）、数字逻辑设计（54学时）、集合论
与图论（54学时）、代数结构与组合数学（54学时）、数理逻辑（54学时）、微机原理（54学时）、计
算机组织与体系结构（54学时）、电路分析原理（72学时）、数字集成电路（72学时）、信号与系统
（54学时）、微电子与电路基础（54学时）、电子线路（72学时）、算法设计与设计（72学时）、脑与
认知科学（36学时）、人工智能导论（54学时）、编译技术及实习（54+72学时）、操作系统及实
习（54+72学时）、微机实验（0+72学时）、程序设计实习（0+72学时）、数字逻辑电路实验(O+
72学时)、数字逻辑设计实验（0+72学时）、电子线路实验（0+72学时）、基础电路实验(0+72
学时)。
</p><p>    示例三：电路分析基础（68学时）、数字电路与逻辑设计（60+30学时）、模拟电子技术基础
（60+30学时）、信号与系统（68学时）、电路信号与系统实验（15 +15学时）、计算机导论（16学
时）、计算机通信与网络（56+20学时）、软件工程（30+16学时）、数据库系统（40 +12学时）、编译
原理（52+16学时）、人工智能（46学时）、操作系统（54+24学时）、程序设计基础（44+32学时）、
数据结构（54+24学时）、离散数学（一）（54学时）、计算机组织与体系结构（76+20学时）、微机
系统（50+20学时）、离散数学（二）（30学时）。
</p><p>    主要实践性教学环节：课程实验、课程设计、专业实习、毕业设计（论文）等。
</p><p>    主要专业实验：程序设计实验、数据结构实验、计算机组成实验、操作系统实验、数据库实验、
计算机网络实验。
</p><p>    修业年限：四年。
</p><p>    授予学位：工学学士或理学学士。
</p>"
115_1034875,115,1034875,体育教育(师范),四年,教育学学士,本科(普通),教育学,体育学类,"<p>培养目标：本专业培养具备现代教育与体育教育学科基础理论知识，能在各级各类学校从事
体育教学、课外运动训练与竞赛工作、体育科学研究、学校体育管理等方面工作的复合型人才。
</p><p>    培养要求：本专业学生主要学习学校体育教育教学方面的基本理论和基本知识，接受作为体
育教师所必备的运动技能的基本训练，掌握体育教学、训练、竞赛、科研的基本能力。
</p><p>    毕业生应获得以下几方面的知识和能力：
</p><p>    1．掌握开展学校体育工作所需的教育科学、运动科学、心理科学、社会科学和运动项目的基
本理论和基本知识；
</p><p>    2．掌握相关运动项目的基本技能，具备教学训练中所必需的讲解、示范、保护帮助、分析纠
正错误、组织、制订相关文件的技术与方法；
</p><p>    3．具有体育教师所必备的教学、训练、科研、竞赛组织、裁判、学校体育管理工作的基本
能力；
</p><p>    4．熟悉国家有关学校体育的方针、政策和法规；
</p><p>    5．了解学校体育工作的理论前沿和发展动态；
</p><p>    6．具有初步的科学研究和实际工作能力，具有一定的创新工作能力。
</p><p>    主干学科：体育学、教育学、心理学。
</p><p>    核心课程：体育学概论、教育学、学校体育学概论、体育教学论、教育心理学、运动项目理论与
实践。
</p><p>    主要实践性教学环节：教学见习、教育实习、毕业论文写作等。
</p><p>    主要专业实验：运动生理学、运动生化、体育保健、运动心理学等系列实验。
</p><p>    修业年限：四年。
</p><p>    授予学位：教育学学士。
</p>"
115_1034876,115,1034876,音乐学(师范)(声乐)（器乐）,四年,艺术学学士,本科(普通),艺术学,音乐与舞蹈学类,"<p>培养目标：本专业培养具备音乐学等方面的基本知识，以及初步对音乐进行理论分析、研究_x000D_
的能力，能在文化馆站、中小学、社会音乐团体、科研单位和出版、广播影视部门从事中外音乐史、_x000D_
中外民族音乐理论、音乐美学、音乐教育理论的教学、研究、编辑、评论等工作的复合型、创新型人_x000D_
才，并为进一步深造打下基础。_x000D_
</p><p>培养要求：本专业学生主要学习音乐学和作曲技术方面的基本理论和基本知识，接受对音乐_x000D_
事像进行独立分析、研究及写作、讲授、评论等方面的基本训练，并掌握相应的基本能力。_x000D_
</p><p>毕业生应获得以下几方面的知识和能力：_x000D_
</p><p>1．掌握音乐史学、民族音乐学、音乐美学、作曲技术的基本理论和基本知识；_x000D_
</p><p>2．掌握音乐学分析方法；_x000D_
</p><p>3．具有对音乐学数据进行收集、整理以及对音乐事像进行独立分析、研究及写作、讲授、评_x000D_
论等的初步能力；_x000D_
</p><p>4．熟悉党和国家在文艺领域的方针、政策和法规；_x000D_
</p><p>5．了解音乐研究的理论前沿和发展动态；_x000D_
</p><p>6．具有初步的科学研究和实际工作能力，具有一定的批判性思维能力。_x000D_
</p><p>主干学科：艺术学理论、音乐与舞蹈学。_x000D_
</p><p>核心课程：中西音乐史、中国传统音乐理论、世界民族音乐、音乐美学、论文写作；和声、复调、_x000D_
曲式、配器；钢琴、视唱练耳等。_x000D_
</p><p>主要实践性教学环节：音乐学论文或评论写作、田野采风。_x000D_
</p><p>修业年限：四年。_x000D_
</p><p>授予学位：艺术学学士。_x000D_
</p>"
115_1034877,115,1034877,舞蹈学(师范),四年,艺术学学士,本科(普通),艺术学,音乐与舞蹈学类,"<p>    培养目标：本专业培养具备舞蹈学等方面的基本知识，以及初步对舞蹈进行理论分析、研究
的能力，能在文化馆站、中小学、社会舞蹈团体、科研单位和出版、广播影视部门，从事中外舞蹈
史、中外民间舞蹈理论、舞蹈美学、舞蹈教育理论的教学、研究、编辑、评论等工作的复合型、创新
型人才，并为进一步深造打下基础。
</p><p>    培养要求：本专业学生主要学习舞蹈历史和理论的基本知识，接受一定舞蹈专业技能的基本
训练，掌握舞蹈研究的基本方法和能力。
</p><p>    毕业生应获得以下几方面的知识和能力：
</p><p>    1．系统掌握舞蹈历史和理论、舞蹈科学方面的基本知识；
</p><p>    2．掌握舞蹈历史、舞蹈理论研究的方法论和基本能力；
</p><p>    3．掌握一定的舞蹈专业技能；
</p><p>    4．了解相关的人文科学和自然学科的知识；
</p><p>    5．具有较高的文化修养，创造性思维能力和学术研究潜力；
</p><p>    6．熟悉有关文艺的方针政策，具备良好的职业道德。
</p><p>    主干学科：音乐与舞蹈学。
</p><p>    核心课程：舞蹈概论、中国舞蹈史、欧美芭蕾舞史、欧美现代舞史、中外传统舞蹈文化、舞蹈鉴
赏与批评、舞蹈教育学、舞蹈心理学、舞蹈训练学、舞蹈基础训练等。
</p><p>    主要实践性教学环节：
</p><p>    1．教学实践：舞蹈理论实践（舞蹈作品赏析、地区文化考察与研究、舞蹈理论研究与创新）、
舞蹈教学实践、毕业实习（含毕业供需展示）和毕业论文等；
</p><p>    2．社会实践：艺术采风、公益汇演、志愿者活动。
</p><p>    修业年限：四年。
</p><p>    授予学位：艺术学学士。
</p>"
115_1034878,115,1034878,美术学(师范),四年,艺术学学士,本科(普通),艺术学,美术学类,"<p>    培养目标：本专业培养具备坚实的科学文化和艺术理论知识，具有美术史研究、美术评论、美
术教育、当代视觉文化策划与管理、文化遗产研究与管理等方面的能力，能从事美术教育、美术研
究、文博艺术管理、视觉文化活动策划、新闻出版、画廊、博物馆、美术馆、网络媒体等方面的工作
应用型人才。
</p><p>    培养要求：本专业学生在能力结构要求上，应具备人文学科的科学思维方法、科学研究方法、
求实创新精神和综合分析能力；应全面理解和掌握中外美术历史知识和美术理论知识，并具备独
立的判断能力，阐释美术发展的规律；具有较好的艺术鉴赏能力、逻辑思辨能力和较强的写作能
力；掌握文献检索、资料查询的基本方法，具有一定的科学研究能力和实际工作能力；对当代美术
的创作现状和市场管理有切实的了解。
</p><p>    关注美术学的理论动向及前沿课题，具有对于视觉文化发展前沿动态的把握能力；有广泛的
人文素养，注重理论联系实际，强调实地考察调研；在社会实践中，积极介入艺术展览活动，了解
艺术家的工作方式、展示方式以及展览的整体运作，积累实际工作经验。此外，学生还要具有良
好的学风、文风和职业道德。
</p><p>    毕业生还应具备以下几方面的知识和素质：
</p><p>    1．在素质结构方面，在思想道德素质上要求具有良好的政治素质、思想素质、道德品质，以
及法制意识、诚信意识、团体合作意识；在文化素质上具有较好的中国传统文化素养、文学艺术修
养，并具有现代意识、人际交往意识；身心健康。
</p><p>    2．在知识结构方面，除本专业确定的学科基础知识和专业能力外，应同时具有一定的外语、
计算机及信息技术应用、数据库应用等方面的工具性知识，以及文学、历史学、哲学、社会学、人类
学、政治学、心理学、知识产权保护和相关法律法规等方面的人文社会科学知识。
</p><p>    主干学科：美术学、艺术学理论。
</p><p>    核心课程：中国美术通史、外国美术通史、中国近现代艺术思潮、西方近现代艺术思潮、艺术
概论、美学概论、中国画论、西方画论、美术评论与写作、博物馆学概论、艺术管理学。
</p><p>    主要实践性教学环节：本专业总体实践教学体系，由属专业教育范畴的考察实习和属综合教
育范畴的社会实践共同构成。
</p><p>    考察实习教学至少包括美术馆、博物馆、重要美术遗迹、遗址的参观考察；各地民族艺术、民
间艺术与民间文化的考察；各种艺术机构和单位的社会实践、就业实习活动等多种形式。
</p><p>    社会实践教学可结合公共基础课程，通过参加学校组织的各类社会公益活动以及进行社会
调查等方式，接触社会实际，了解国情民情，锻炼和培养适合社会需要的实际工作能力。
</p><p>    主要专业实验：美术理论写作、美术批评等。
</p><p>    修业年限：四年。
</p><p>    授予学位：艺术学学士。
</p>"
115_1034879,115,1034879,绘画(师范),四年,艺术学学士,本科(普通),艺术学,美术学类,"<p>    培养目标：本专业培养具备坚实的科学文化和艺术理论知识，具有绘画创作、教学的能力，能
在专业艺术领域和各类学校从事绘画创作或教学、研究工作的应用型人才。
</p><p>    培养要求：本专业学生根据所择定的油画、版画、壁画、水彩画等不同的专业方向，在能力结
构要求上，要求具有该专业方向方面较扎实的绘画基本功，掌握该专业方向必要的理论知识和较
全面的专业素质。同时，应根据学生的不同特点，发掘和培养学生的创新能力，引导和发展学生
在绘画创作方面的潜能，使之具有较高的艺术修养和从事本专业创作、教学和研究工作的能力。
</p><p>    毕业生还应具备以下几方面的知识和素质：
</p><p>    1．在素质结构方面，在思想道德素质上要求具有良好的政治素质、思想素质、道德品质，以
及法制意识、诚信意识、团体合作意识；在文化素质上具有较好的中西方传统文化素养、文学艺术
修养，并具有现代意识、人际交往意识；身心健康。
</p><p>    2．在知识结构方面，要求除本专业确定的学科基础知识和专业能力外，同时具有一定的外
语、计算机及信息技术应用、文献检索、论文写作等方面的知识，以及文学艺术、历史哲学、政治思
想道德、心理学等方面的人文社会科学知识。
</p><p>    主干学科：美术学、艺术学理论。
</p><p>    核心课程：素描、速写、解剖与透视、色彩基础理论、色彩（静物）、社会实践（风景、采风）、所
择定专业方面的绘画（人物、人体）、绘画材料、创作、中国美术史、西方美术史。
</p><p>    主要实践性教学环节：下乡写生、艺术考察、社会调查、毕业创作、毕业实习等。
</p><p>    主要专业实验：素描、绘画、艺术创作。
</p><p>    修业年限：四年。
</p><p>    授予学位：艺术学学士。
</p>"
115_1034880,115,1034880,中国画(师范),四年,艺术学学士,本科(普通),艺术学,美术学类,"<p>		专业代码：130406T

</p><p>		授予学位：艺术学学士

</p><p>		修学年限：四年

</p><p>		开设课程：

</p><p>		国画、篆书、隶书、楷书、篆刻、行草、古代汉语、中国书法史、创作实践和毕业论文、书画鉴定概论。

</p><p>		相近专业：

</p><p>		美术   绘画   书法  

</p><p>		主要实践教学环节 

</p><p>		包括课程实习、毕业实习等。

</p><p>		培养目标 

</p><p>		本专业培养学生既有传统文化基础、传统艺术的修养，具有很高品格的审美精神和造型能力，能在文化艺术部门、学校及有关单位从事中国画人物、山水、花鸟、书法篆刻的创作、教学、研究和其它美术工作的、具有较强适应能力的德才兼备的高级专门人才。

</p><p>		专业培养要求 

</p><p>		本专业要求学生系统掌握中国画基本理论、基本知识和基本技能，具有中国画人物、山水、花鸟、书法篆刻的传统技法以及实际工作能力和初步的科研能力。

</p><p>		毕业生具备的专业知识与能力 

</p><p>		1.熟悉我国的文艺方针、政策；2.具有本专业的基础理论、基础知识，能较熟练地掌握中国画人物、山水、花鸟、书法篆刻的传统技法；3.了解中国画的历史传统和造型规律、艺术手法；4.具有较高的艺术修养、独立完成创作和教学的能力；5.有一定的实际工作能力和初步的科研能力；6.在掌握外语工具方面，应具有较强的阅读本专业书刊的能力，一定的听的能力，初步的写和说的能力。</p>"
115_1034881,115,1034881,环境设计,四年,艺术学学士,本科(普通),艺术学,设计学类,"<p>    培养目标：本专业培养适应我国社会主义经济建设的发展需要，掌握专业基础理论、相关学
科领域理论知识与专业技能，并具有创新能力的和设计实践能力，能在高等艺术学校从事环境设
计或教学、研究工作，在艺术环境设计机构从事公共建筑室内设计、居住空间设计、城市环境景观
与社区环境景观设计、园林设计，并具备项目策划与经营管理、教学与科研工作能力的高素质环
境艺术应用型和研究型人才。
</p><p>    培养要求：本专业在能力结构方面要求学生应具有一定的设计创新思维意识，初步具备综合
运用所学知识分析和解决室内外环境设计工程中遇到的科研、教学、设计等方面问题的能力，能
清晰地表达设计思想，熟悉室内外环境设计的程序与方法，能在综合把握环境的功能、空间、材
料、结构、外观、尺度、施工工艺和市场需求诸要素的基础上对环境进行合理的改进性设计和创新
性设计。本专业还要求学生具备较强的空间表现能力，能用草图、图纸、模型、效果图和计算机图
形技术生动、准确地表达设计意图，掌握基本的摄影技能，熟练掌握多种设计软件，熟悉材料及加
工工艺，具备综合运用CAD/CAM/CAE/3DS手段进行室内外环境设计的基本能力。
</p><p>    同时，本专业人才培养规格一般还有以下要求：
</p><p>    1．在素质结构方面，要求具有良好的政治素质、思想素质、道德品质，以及法制意识、诚信意
识、团体合作意识；在文化素质上具有较好的中国传统文化素养、文学艺术修养，并具有现代意
识、人际交往意识；身心健康。
</p><p>    2．在知识结构方面，要求除本专业确定的学科基础知识和专业能力外，同时具有一定的外
语、计算机及信息技术应用、文献检索、论文写作等方面的工具性知识，以及文学艺术、历史、哲
学、心理学等方面的人文社会科学知识。
</p><p>    毕业生应获得以下几方面的知识和能力：
</p><p>    1．掌握建筑、环境艺术的基础理论知识，具有专业设计与实践的基本能力；
</p><p>    2．掌握建筑与环境艺术的相关技术以及各类材料的施工工艺；
</p><p>    3．掌握环境艺术设计表达相关技能与方法，包括徒手艺术表现、计算机应用技术、创意能力
与工作方法；
</p><p>    4．具有文化艺术与跨学科知识素养，了解我国环境艺术设计领域的方针、政策、法规以及国
内外发展动态；
</p><p>    5．掌握文献检索、资料查询方法，掌握一门外语，具有一定的设计实施与科研能力；
</p><p>    主干学科：建筑及环境设计方法学、人机工程学、材料学。
</p><p>    核心课程：建筑设计史、建筑设计方法学、室内空间设计、室内外设计效果图表现技法、人机
工程学、制图、建筑模型制作与工艺、建筑及环境设计调研方法、数字化环境设计及建筑环境设计
相关软件等基础、中外工艺美术史、设计学（美学、心理学、公关关系学）、造型基础、构成（平面、
色彩、立体构成）、世界建筑及环境设计发展史等相关课程等。
</p><p>    主要实践性教学环节：按环境设计专业方向，进行从项目策划、设计、施工图纸设计、材料和
施工工艺设计、完成设计报告书等实战课题。
</p><p>    主要专业实验：按环境设计专业方向，进行环境及空间的相关材料性能及施工工艺实验。
</p><p>    修业年限：四年。
</p><p>    授予学位：艺术学学士。
</p>"
115_1034882,115,1034882,产品设计,四年,艺术学学士,本科(普通),艺术学,设计学类,"<p>    培养目标：本专业培养具有“厚基础、宽口径、重能力”、“知识、能力、素质”协调发展，具有扎
实的工业设计基础理论知识及产品造型能力、良好的职业技能和职业素质，能在企事业单位、专
业设计部门、教学科研单位从事以产品创新为重点的设计、管理、科研或教学工作，也能从事与产
品设计相关的视觉传达设计、信息设计、环境设施设计或展示设计工作的应用型研究型人才。
</p><p>    培养要求：本专业在能力结构方面要求学生应具有一定的设计创新思维意识，初步具备综合
运用所学知识，分析和解决工业产品造型设计过程中遇到的研究、开发、设计等方面问题的能力；
能清晰地表达设计思想，熟悉产品设计的程序与方法，能在综合把握产品的功能、材料、结构、外
观、加工工艺、内部机构和市场需求诸要素的基础上对产品进行合理的改进性设计和开发性设
计。本专业还要求学生具备较强的形象表现能力，能用草图、图纸、模型、效果图和计算机图形技
术生动、准确地表达设计意图，掌握基本的摄影技能；熟练掌握多种设计软件，熟悉材料及加工工
艺；具备综合运用CAD/CAM/CAE手段设计开发产品的基本能力。
</p><p>    同时，本专业人才培养规格一般还有以下要求：
</p><p>    1．在素质结构方面，要求具有良好的政治素质、思想素质、道德品质，以及法制意识、诚信意
识、团体合作意识；在文化素质上具有较好的中国传统文化素养、文学艺术修养，并具有现代意
识、人际交往意识；身心健康。
</p><p>    2．在知识结构方面，要求除本专业确定的学科基础知识和专业能力外，同时具有一定的外
语、计算机及信息技术应用、文献检索、论文写作等方面的工具性知识，以及文学艺术、历史、哲
学、心理学等方面的人文社会科学知识。
</p><p>    毕业生应获得以下几方面的知识和能力：
</p><p>    1．掌握相关工业造型设计专业方向领域内的基本理论和基本知识；
</p><p>    2．掌握相关产品模具开发专业方向领域内的设计方法和有关技术；
</p><p>    3．具备相关材料与制作工艺专业方向领域的知识和进行设计制作的基本能力；
</p><p>    4．熟悉相关产品设计专业方向领域内的相关方针、政策和法规；
</p><p>    5．了解相关产品设计专业方向领域内产品设计的前景、需求发展动态；
</p><p>    6．具有初步的科学研究和实际工作能力，具有一定的批判性思维能力。
</p><p>    主干学科：产品设计方法学、人机工程学、材料与工艺学。
</p><p>    核心课程：工业设计史、产品设计方法学、产品设计效果图表现技法、人机工程学、制图、模型
制作与工艺、产品调研方法、产品设计报告书制作、数字化产品设计及产品设计相关软件等基础
理论知识以及基本方法、中外工艺美术史、设计学（美学、心理学、公关关系学）、造型基础、构成
（平面、色彩、立体构成）、世界工业设计发展史等相关课程等。
</p><p>    主要实践性教学环节：按产品设计专业方向，将专业核心课程与实践教学内容密切地联系在
一起，进行产品从策划、设计、模具设计、模型制作、完成产品设计报告书等实践课题教学。
</p><p>    主要专业实验：按产品设计专业方向，在产品设计公司、科研单位进行工业产品的相关材料
性能及加工工艺实验。
</p><p>    修业年限：四年。
</p><p>    授予学位：艺术学学士。
</p>"
115_2000005,115,2000005,体育教育（师范）,四年,教育学学士,本科(普通),教育学,体育学类,"<p>培养目标：本专业培养具备现代教育与体育教育学科基础理论知识，能在各级各类学校从事
体育教学、课外运动训练与竞赛工作、体育科学研究、学校体育管理等方面工作的复合型人才。
</p><p>    培养要求：本专业学生主要学习学校体育教育教学方面的基本理论和基本知识，接受作为体
育教师所必备的运动技能的基本训练，掌握体育教学、训练、竞赛、科研的基本能力。
</p><p>    毕业生应获得以下几方面的知识和能力：
</p><p>    1．掌握开展学校体育工作所需的教育科学、运动科学、心理科学、社会科学和运动项目的基
本理论和基本知识；
</p><p>    2．掌握相关运动项目的基本技能，具备教学训练中所必需的讲解、示范、保护帮助、分析纠
正错误、组织、制订相关文件的技术与方法；
</p><p>    3．具有体育教师所必备的教学、训练、科研、竞赛组织、裁判、学校体育管理工作的基本
能力；
</p><p>    4．熟悉国家有关学校体育的方针、政策和法规；
</p><p>    5．了解学校体育工作的理论前沿和发展动态；
</p><p>    6．具有初步的科学研究和实际工作能力，具有一定的创新工作能力。
</p><p>    主干学科：体育学、教育学、心理学。
</p><p>    核心课程：体育学概论、教育学、学校体育学概论、体育教学论、教育心理学、运动项目理论与
实践。
</p><p>    主要实践性教学环节：教学见习、教育实习、毕业论文写作等。
</p><p>    主要专业实验：运动生理学、运动生化、体育保健、运动心理学等系列实验。
</p><p>    修业年限：四年。
</p><p>    授予学位：教育学学士。
</p>"
115_2012037,115,2012037,考古学,四年,历史学学士,本科(普通),历史学,历史学类,"<p>    培养目标：本专业培养具有考古学基本理论和基础知识，能在国家机关、考古、文物、博物馆
等文教企事业单位或领域从事研究、教学和管理等方面工作的考古学复合型人才。
</p><p>    培养要求：本专业学生主要学习考古学的基本理论、方法和技能，学习古人类学、民族学、文
物学、博物馆学及中国历史和世界历史等方面的基础知识，掌握从事专业工作和考古学教学研究
的基本能力。
</p><p>    毕业生应获得以下几方面的知识和能力：
</p><p>    1．掌握考古学的基本理论、知识、方法和技能，对有关人文科学、社会科学与自然科学有一
定的了解；
</p><p>    2．掌握考古学的基本研究与分析方法；
</p><p>    3．具备从事田野考古发掘、整理及编写考古报告的基本能力；
</p><p>    4．熟悉古人类学、史料学、文物学、博物馆学等方面基础知识以及博物馆管理技能；
</p><p>    5．了解国内外考古学研究与教学的理论前沿和发展动态；
</p><p>    6．掌握文献检索、资料查询的基本方法，具有一定的批判性思维能力。
</p><p>    主干学科：考古学、中国史、世界史。
</p><p>    核心课程：中国考古学通论、考古学导论、考古学史、中国古代史、世界古代史、中国历史文
献、文字学概论等。
</p><p>    主要实践性教学环节：田野考古实习、学年论文、毕业论文、读书报告、学术前沿讲座、大学生
科研立项等。
</p><p>    修业年限：四年。
</p><p>    授予学位：历史学学士。
</p>"
115_2000006,115,2000006,舞蹈学（师范）,四年,艺术学学士,本科(普通),艺术学,音乐与舞蹈学类,"<p>    培养目标：本专业培养具备舞蹈学等方面的基本知识，以及初步对舞蹈进行理论分析、研究
的能力，能在文化馆站、中小学、社会舞蹈团体、科研单位和出版、广播影视部门，从事中外舞蹈
史、中外民间舞蹈理论、舞蹈美学、舞蹈教育理论的教学、研究、编辑、评论等工作的复合型、创新
型人才，并为进一步深造打下基础。
</p><p>    培养要求：本专业学生主要学习舞蹈历史和理论的基本知识，接受一定舞蹈专业技能的基本
训练，掌握舞蹈研究的基本方法和能力。
</p><p>    毕业生应获得以下几方面的知识和能力：
</p><p>    1．系统掌握舞蹈历史和理论、舞蹈科学方面的基本知识；
</p><p>    2．掌握舞蹈历史、舞蹈理论研究的方法论和基本能力；
</p><p>    3．掌握一定的舞蹈专业技能；
</p><p>    4．了解相关的人文科学和自然学科的知识；
</p><p>    5．具有较高的文化修养，创造性思维能力和学术研究潜力；
</p><p>    6．熟悉有关文艺的方针政策，具备良好的职业道德。
</p><p>    主干学科：音乐与舞蹈学。
</p><p>    核心课程：舞蹈概论、中国舞蹈史、欧美芭蕾舞史、欧美现代舞史、中外传统舞蹈文化、舞蹈鉴
赏与批评、舞蹈教育学、舞蹈心理学、舞蹈训练学、舞蹈基础训练等。
</p><p>    主要实践性教学环节：
</p><p>    1．教学实践：舞蹈理论实践（舞蹈作品赏析、地区文化考察与研究、舞蹈理论研究与创新）、
舞蹈教学实践、毕业实习（含毕业供需展示）和毕业论文等；
</p><p>    2．社会实践：艺术采风、公益汇演、志愿者活动。
</p><p>    修业年限：四年。
</p><p>    授予学位：艺术学学士。
</p>"
115_2012038,115,2012038,能源服务工程,四年,工学学士,本科(普通),工学,能源动力类,<p>能源服务工程专业，将各种传统和新能源技术、工程建设运维和服务管理，包括自动控制技术、节能环保技术、大数据与智能建造管理等融合在一起，形成一种应用于综合能源建设管理的专业。该专业聚焦综合能源在工程项目建设和后期运维服务的人才技能需求，培养目标直接涉及综合能源系统的项目规划建设、调试运维和服务管理的全过程，以满足我国能源产业对新兴行业领域高级技术人才的迫切需要。</p><p>专业学生毕业后，可服务能源电力行业及地方经济和社会发展，从事综合能源相关企业的项目建造、运维管理、商业运营等工作，并具备在工作中继续学习、不断更新知识的能力。</p>
115_2000007,115,2000007,美术学（师范）,四年,艺术学学士,本科(普通),艺术学,美术学类,"<p>    培养目标：本专业培养具备坚实的科学文化和艺术理论知识，具有美术史研究、美术评论、美
术教育、当代视觉文化策划与管理、文化遗产研究与管理等方面的能力，能从事美术教育、美术研
究、文博艺术管理、视觉文化活动策划、新闻出版、画廊、博物馆、美术馆、网络媒体等方面的工作
应用型人才。
</p><p>    培养要求：本专业学生在能力结构要求上，应具备人文学科的科学思维方法、科学研究方法、
求实创新精神和综合分析能力；应全面理解和掌握中外美术历史知识和美术理论知识，并具备独
立的判断能力，阐释美术发展的规律；具有较好的艺术鉴赏能力、逻辑思辨能力和较强的写作能
力；掌握文献检索、资料查询的基本方法，具有一定的科学研究能力和实际工作能力；对当代美术
的创作现状和市场管理有切实的了解。
</p><p>    关注美术学的理论动向及前沿课题，具有对于视觉文化发展前沿动态的把握能力；有广泛的
人文素养，注重理论联系实际，强调实地考察调研；在社会实践中，积极介入艺术展览活动，了解
艺术家的工作方式、展示方式以及展览的整体运作，积累实际工作经验。此外，学生还要具有良
好的学风、文风和职业道德。
</p><p>    毕业生还应具备以下几方面的知识和素质：
</p><p>    1．在素质结构方面，在思想道德素质上要求具有良好的政治素质、思想素质、道德品质，以
及法制意识、诚信意识、团体合作意识；在文化素质上具有较好的中国传统文化素养、文学艺术修
养，并具有现代意识、人际交往意识；身心健康。
</p><p>    2．在知识结构方面，除本专业确定的学科基础知识和专业能力外，应同时具有一定的外语、
计算机及信息技术应用、数据库应用等方面的工具性知识，以及文学、历史学、哲学、社会学、人类
学、政治学、心理学、知识产权保护和相关法律法规等方面的人文社会科学知识。
</p><p>    主干学科：美术学、艺术学理论。
</p><p>    核心课程：中国美术通史、外国美术通史、中国近现代艺术思潮、西方近现代艺术思潮、艺术
概论、美学概论、中国画论、西方画论、美术评论与写作、博物馆学概论、艺术管理学。
</p><p>    主要实践性教学环节：本专业总体实践教学体系，由属专业教育范畴的考察实习和属综合教
育范畴的社会实践共同构成。
</p><p>    考察实习教学至少包括美术馆、博物馆、重要美术遗迹、遗址的参观考察；各地民族艺术、民
间艺术与民间文化的考察；各种艺术机构和单位的社会实践、就业实习活动等多种形式。
</p><p>    社会实践教学可结合公共基础课程，通过参加学校组织的各类社会公益活动以及进行社会
调查等方式，接触社会实际，了解国情民情，锻炼和培养适合社会需要的实际工作能力。
</p><p>    主要专业实验：美术理论写作、美术批评等。
</p><p>    修业年限：四年。
</p><p>    授予学位：艺术学学士。
</p>"
115_857480,115,857480,网络与新媒体,四年,文学学士,本科(普通),文学,新闻传播学类,"<p>		专业代码：050306T

</p><p>		授予学位：文学学士

</p><p>		修学年限：四年

</p><p>		开设课程：

</p><p>		广播电视新闻学、新闻学概论、新媒体概论、新媒体实务、数字媒体技术与应用、网络营销策划与创意、网站策划创意与设计、网页设计与制作、数据库、摄影与摄像、数字图像创意与设计、动画创意与设计等。

</p><p>		主要实践教学环节 

</p><p>		包括教学实习、论文写作等。</p><p>		

</p><p>		培养目标 

</p><p>		本专业培养适应传统媒体机构、政府机关、事业单位、公司等团体组织急需的宽口径、复合型信息传播人才。

</p><p>		专业培养要求 

</p><p>		本专业要求学生既能从事信息传播时代内容方面的深度、综合、跨学科的信息传播工作，同时也能在新闻传播技术方面从事设计、制作、网络技术等方面的传播技术类工作的能力。

</p><p>		毕业生具备的专业知识与能力 

</p><p>		1.掌握网络与新媒体的基本知识和理论；2.了解网络与新媒体发展动态；3.了解网络与新媒体的方针、政策和法规；4.了解本学科的前沿成就和发展前景；5.能阅读古典文献，掌握文献检索、资料查询的基本方法，具有一定的科学研究和实际工作</p>"
115_2000008,115,2000008,绘画（师范）,四年,艺术学学士,本科(普通),艺术学,美术学类,"<p>    培养目标：本专业培养具备坚实的科学文化和艺术理论知识，具有绘画创作、教学的能力，能
在专业艺术领域和各类学校从事绘画创作或教学、研究工作的应用型人才。
</p><p>    培养要求：本专业学生根据所择定的油画、版画、壁画、水彩画等不同的专业方向，在能力结
构要求上，要求具有该专业方向方面较扎实的绘画基本功，掌握该专业方向必要的理论知识和较
全面的专业素质。同时，应根据学生的不同特点，发掘和培养学生的创新能力，引导和发展学生
在绘画创作方面的潜能，使之具有较高的艺术修养和从事本专业创作、教学和研究工作的能力。
</p><p>    毕业生还应具备以下几方面的知识和素质：
</p><p>    1．在素质结构方面，在思想道德素质上要求具有良好的政治素质、思想素质、道德品质，以
及法制意识、诚信意识、团体合作意识；在文化素质上具有较好的中西方传统文化素养、文学艺术
修养，并具有现代意识、人际交往意识；身心健康。
</p><p>    2．在知识结构方面，要求除本专业确定的学科基础知识和专业能力外，同时具有一定的外
语、计算机及信息技术应用、文献检索、论文写作等方面的知识，以及文学艺术、历史哲学、政治思
想道德、心理学等方面的人文社会科学知识。
</p><p>    主干学科：美术学、艺术学理论。
</p><p>    核心课程：素描、速写、解剖与透视、色彩基础理论、色彩（静物）、社会实践（风景、采风）、所
择定专业方面的绘画（人物、人体）、绘画材料、创作、中国美术史、西方美术史。
</p><p>    主要实践性教学环节：下乡写生、艺术考察、社会调查、毕业创作、毕业实习等。
</p><p>    主要专业实验：素描、绘画、艺术创作。
</p><p>    修业年限：四年。
</p><p>    授予学位：艺术学学士。
</p>"
115_1130121,115,1130121,海洋资源与环境,四年,理学学士,本科(普通),理学,海洋科学类,"<p>		专业代码：070703T

</p><p>		授予学位：理学学士

</p><p>		修学年限：四年

</p><p>		开设课程：

</p><p>		植物学、动物学、水生生物学、鱼类学、微生物学、渔业资源与渔场学、海洋生物资源与环境调查，海洋生物资源评估、海洋生物资源增养殖学、海洋法与渔业法规、渔政管理学等。

</p><p>		主要实践教学环节 

</p><p>		包括基础实验、综合实验、实践调查等。

</p><p>		培养目标 

</p><p>		本专业主要培养具备海洋生物资源管理、经营、政策制定、水域环境监测，以及解决海洋资源可持续利用和海洋生态环境保护中的实际问题的能力的复合型专业人才。

</p><p>		专业培养要求 

</p><p>		本专业要求学生掌握现代海洋生物资源管理技术和深厚的生态学理论知识，具备扎实的自然科学知识和良好的人文社会科学知识，掌握一门外国语，能够熟练应用现代信息技术的能力。

</p><p>		毕业生具备的专业知识与能力 

</p><p>		1.掌握现代海洋生物资源管理技术和深厚的生态学理论知识；2.具备扎实的自然科学知识；3.具有良好的人文社会科学知识；4.掌握一门外国语，具有交流和沟通的能力；5.能够熟练应用现代信息技术的能力；6.具有搜索信息和文献的方法和技能。</p>"
115_2000009,115,2000009,中国画（师范）,四年,艺术学学士,本科(普通),艺术学,美术学类,"<p>		专业代码：130406T

</p><p>		授予学位：艺术学学士

</p><p>		修学年限：四年

</p><p>		开设课程：

</p><p>		国画、篆书、隶书、楷书、篆刻、行草、古代汉语、中国书法史、创作实践和毕业论文、书画鉴定概论。

</p><p>		相近专业：

</p><p>		美术   绘画   书法  

</p><p>		主要实践教学环节 

</p><p>		包括课程实习、毕业实习等。

</p><p>		培养目标 

</p><p>		本专业培养学生既有传统文化基础、传统艺术的修养，具有很高品格的审美精神和造型能力，能在文化艺术部门、学校及有关单位从事中国画人物、山水、花鸟、书法篆刻的创作、教学、研究和其它美术工作的、具有较强适应能力的德才兼备的高级专门人才。

</p><p>		专业培养要求 

</p><p>		本专业要求学生系统掌握中国画基本理论、基本知识和基本技能，具有中国画人物、山水、花鸟、书法篆刻的传统技法以及实际工作能力和初步的科研能力。

</p><p>		毕业生具备的专业知识与能力 

</p><p>		1.熟悉我国的文艺方针、政策；2.具有本专业的基础理论、基础知识，能较熟练地掌握中国画人物、山水、花鸟、书法篆刻的传统技法；3.了解中国画的历史传统和造型规律、艺术手法；4.具有较高的艺术修养、独立完成创作和教学的能力；5.有一定的实际工作能力和初步的科研能力；6.在掌握外语工具方面，应具有较强的阅读本专业书刊的能力，一定的听的能力，初步的写和说的能力。</p>"
115_1130122,115,1130122,人工智能,四年,工学学士,本科(普通),工学,电子信息类,"专业定义</br>

人工智能（ArtificialIntelligence），英文缩写为AI。它是研究、开发用于模拟、延伸和扩展人的智能的理论、方法、技术及应用系统的一门新的技术科学。人工智能是计算机科学的一个分支，它企图了解智能的实质，并生产出一种新的能以人类智能相似的方式做出反应的智能机器，该领域的研究包括机器人、语言识别、图像识别、自然语言处理和专家系统等。例如：人脸识别技术，语音识别技术、基于用户兴趣的智能算法推荐技术。</br>

课程体系</br>

《人工智能、社会与人文》、《人工智能哲学基础与伦理》、《先进机器人控制》、《认知机器人》、,《机器人规划与学习》、《仿生机器人》、《群体智能与自主系统》《无人驾驶技术与系统实现》《游戏设计与开发》《计算机图形学》《虚拟现实与增强现实》、《人工智能的现代方法I》、《问题表达与求解》、《人工智能的现代方法II》、《机器学习、自然语言处理、计算机视觉等》。</br>

就业方向</br>

实际应用：机器视觉，指纹识别，人脸识别，视网膜识别，虹膜识别，掌纹识别，专家系统，自动规划，智能搜索，定理证明，博弈，自动程序设计，智能控制，机器人学，语言和图像理解，遗传编程等。</br>"
115_2160287,115,2160287,生态学,四年,,本科(普通),理学,生物科学类,"<p>    培养目标：本专业培养具备生物学及其他相关自然科学基础知识，系统地掌握生态学专业理
论和知识，具有开展生态学实验和野外实践的技能，能在与生态学密切相关的农业、林业、水利、
环保、规划等教学与科研单位、职能部门和企业从事生态学教学、科研、技术开发等工作，具有良
好科学素养和创新能力的复合型人才。
</p><p>    培养要求：本专业学生主要学习生物学、生态学方面的基本理论和知识，学习相关的数理化
基础和人文社科知识，接受基础研究、应用基础研究方面的创新思维和科学研究训练，掌握扎实
的学科理论和基础知识，具有良好的科学素养及一定的教学、科研和管理能力。
</p><p>    毕业生应获得以下几方面的知识和能力：
</p><p>    1．具有良好的职业道德、高度的社会责任感和丰富的人文科学素养；
</p><p>    2．掌握数理化、生物学、生态学、环境科学、计算机与信息科学的基本知识和理论；
</p><p>    3．掌握生态学研究、生态监测与评价、区域规划与自然保护、生态管理的基本技术；
</p><p>    4．具有开展生态学调查、实验、规划、管理与教育的初步能力；
</p><p>    5．熟悉环境保护、自然资源合理利用和可持续发展等相关方针、政策和法规；
</p><p>    6．了解生态学的历史、现状、理论前沿和发展动态；
</p><p>    7．具有初步的科学研究和实际工作能力，具有一定的批判性思维能力，具有适应社会需求、
继续深造的潜能，以及应对危机与突发事件的初步能力；
</p><p>    8．具有一定的国际视野和初步的交流、竞争与合作能力。
</p><p>    主干学科：生物学、环境科学。
</p><p>    核心知识领域：生命的化学分子基础、细胞的结构与功能及其重要生命活动、动植物体的结
构与功能、微生物的特征与代谢、生物多样性与进化、生物与环境、生物的遗传与变异、生态统计
学基础。
</p><p>    核心课程示例（以下课程按每16学时折合1学分）：
</p><p>    示例一：动物生物学（理论课48学时，实验课32学时）、植物生物学（理论课48学时，实验
课32学时）、微生物学（理论课48学时，实验课32学时）、生态学（理论课48学时，实验课32学
时）、细胞生物学（理论课48学时，实验课32学时）、分子生物学（理论课48学时，实验课32学
时）等。
</p><p>    示例二：生态学（含实验96学时）、植物分类学（32学时）、植物生态生理学（48学时）、自然
资源生态学（48学时）、土壤学（48学时）遥感与地理信息系统（48学时）、生物统计学（48学
时）等。
</p><p>    示例三：普通生物学（理论课48学时，实验课16学时）、普通生态学（64学时）、环境科学概
论（48学时）、环境分析化学（理论课40学时，实验课16学时）、基础生物化学（理论课48学时，
实验课16学时）、基础微生物学（理论课32学时，实验课8学时）、生物统计与实验设计（48学
时）等。
</p><p>    主要实践性教学环节：生态学野外实习、综合实践、毕业论文等。
</p><p>    主要专业实验：植物生物学实验、动物生物学实验、生物化学与分子生物学实验、微生物学实
验、生态学实验等。
</p><p>    修业年限：四年。
</p><p>    授予学位：理学学士。
</p>"
115_857506,115,857506,秘书学,四年,文学学士,本科(普通),文学,中国语言文学类,"<p>		专业代码：050107T

</p><p>		授予学位：文学学士

</p><p>		修学年限：四年

</p><p>		开设课程：

</p><p>		秘书学，文书学，公共关系学，社会心理学，教育学，行政管理学，传播学，管理学概论，档案与信息管理，写作，现代汉语，中国文化概论，中国古代文学作品选读，中国现当代文学作品选读，中国通史，办公自动化，会计学原理，市场营销，计算机基础与应用，计算机程序设计等。

</p><p>		相近专业：

</p><p>		汉语   汉语言文学  

</p><p>		主要实践教学环节 

</p><p>		包括教学实习、论文写作等。

</p><p>		培养目标 

</p><p>		本专业培养培养企事业单位和其他社会组织中全面协助领导工作的高层次秘书人才。

</p><p>		专业培养要求 

</p><p>		本专业要求学生系统掌握秘书学专业的基础理论、基本知识和基本技能；具有相当的政策、理论水平，具有相当辅助领导决策的调研、信息处理以及协调、公关能力。

</p><p>		毕业生具备的专业知识与能力 

</p><p>		1.掌握马克思主义的基本原理和关于语言、文学的基本理论；

</p><p>		2.掌握本专业的基础知识以及相关知识；

</p><p>		3.具有文学修养和鉴赏能力以及较强的写作能力；

</p><p>		4.了解我国关于语言文字和文学艺术的方针、政策和法规；

</p><p>		5.了解本学科的前沿成就和发展前景；</p>"
115_103612,115,103612,汉语国际教育,四年,文学学士,本科(普通),文学,中国语言文学类,"<p>    培养目标：本专业培养掌握扎实的汉语基础知识，具有较高的人文素养，具备中国文学、中国
文化、跨文化交际等方面的专业知识与能力，能在国内外各类学校从事汉语教学，在各职能部门、
外贸机构、新闻出版单位及企事业单位从事与语言文化传播交流相关工作的中国语言文学学科
应用型专门人才。
</p><p>    培养要求：本专业学生主要学习汉语言及中华历史文化方面的基础知识，接受人文社会科学
的基本训练，掌握综合运用所学知识开展语言文字工作、汉语国际教育以及国际文化交流实践的
基本能力。
</p><p>    毕业生应获得以下几方面的知识和能力：
</p><p>    1．掌握语言学的基础理论和基本知识；
</p><p>    2．具备汉语作为第二语言教学的专业技能，有较强的汉语口头表达和写作能力，能讲比较
标准的普通话，能规范地使用汉字；
</p><p>    3．熟悉中外文学和文化的基本知识，熟练掌握一门外语，并具有一定的跨文化交流能力；
</p><p>    4．熟悉国家有关汉语言文字及其传播的方针、政策和法规；
</p><p>    5．了解本学科领域的理论前沿及发展动态，具有较宽广的文化视野；
</p><p>    6．具有不断获取新知识的能力以及一定的科学研究和实际工作能力，具有一定的批判性思
维能力。
</p><p>    主干学科：中国语言文学。
</p><p>    核心课程：现代汉语、古代汉语、语言学概论、应用语言学、对外汉语教学概论、中国古代文
学、中国现代文学、中国文化通论、写作、外国语（各语种）。
</p><p>    主要实践性教学环节：对外汉语教学实习、中华才艺训练、汉语语言现象以及对外汉语教学
热点问题的研讨等。
</p><p>    修业年限：四年。
</p><p>    授予学位：文学学士。
</p>"
115_103618,115,103618,应用心理学,四年,理学学士,本科(普通),理学,心理学类,"<p>    培养目标：本专业培养具备心理学学科的基本理论、基本知识和基本技能，接受初步的科学
思维和科学实验训练，能够在科研部门、教育机构及其他企事业单位，针对不同的领域（例如但
不限于公共管理、工商管理、经济决策、公共关系、市场营销、广告策划、工业与商业设计、公安、军
事、体育、文化艺术、航空航天、医护、社会工作等）从事和心理学相关的工作或继续攻读相关学
科的硕士、博士学位的应用型、复合型人才。
</p><p>    培养要求：本专业学生主要学习心理学方面的基本理论和基本知识，接受心理学实验研究设
计、分析方法以及查阅、理解和写作专业文献等方面的基本训练，掌握心理学的实证以及相关的
统计、测量技术，具有从事相关方面研究与实践工作的基本能力。
</p><p>    毕业生应获得以下几方面的知识和能力：
</p><p>    1．具有良好的中、英文语言运用能力，能够利用计算机及信息技术进行文献检索、数据和文
字处理等工作，具有一定的文学、历史学、哲学、人类学、政治学、艺术、法学、社会学、经济学、管理
学等人文社会科学方面的知识，具有数学、物理、化学、生命科学、地球科学等方面的知识；
</p><p>    2．掌握心理学科的基本理论和基本知识，掌握心理学的实证以及相关的统计、测量技术，掌
握心理学实验研究设计、分析方法以及查阅、理解和写作专业文献的方法，了解心理学科的发展
趋势和应用前景，具有初步的对实践领域的具体应用问题的敏感性和解决能力；
</p><p>    3．具有知识获取、知识应用和知识创新能力，具有一定的政治分析能力、较严密的逻辑推理
思维能力和一定的批判性思维能力，具有与他人和谐交往的能力以及良好的适应和心理调节能
力，具有一定的国际视野和跨文化环境下的交流、竞争与合作的初步能力。
</p><p>    主干学科：教育心理学、管理心理学、临床与咨询心理学。
</p><p>    核心知识领域：普通心理学、实验心理学、心理统计及其常用软件、心理测量学、生物心理学、
社会心理学、变态心理学、发展心理学、心理学史、管理心理学、教育心理学、临床与咨询心理学。
</p><p>    核心课程示例：
</p><p>    示例一：心理学导论（上、下）（共96学时）、普通生物学（动物部分）（36学时）、动物学实验
（36学时）、线性代数（54学时）、生理学（54学时）、生理学实验（36学时）、概率统计（54学时）、
文科物理学（54学时）、生物心理学（54学时）、人格心理学（54学时）、心理统计（54学时）、实验
心理学（54学时）、实验心理学实验（36学时）、变态心理学（54学时）、发展心理学（54学时）、认
知心理学（54学时）、心理测量（54学时）、社会心理学（54学时）。
</p><p>    示例二：CNS解剖与生理（54学时）、心理统计（108学时）、普通心理学（上）（54学时）、普通
心理学（上）实验（18学时）、普通心理学（下）（54学时）、普通心理学（下）实验（18学时）、实验
心理学（上）（36学时）、实验心理学（上）实验（18学时）、实验心理学（下）（36学时）、实验心理
学（下）实验（18学时）、发展心理学（54学时）、心理测量（54学时）、心理测量实验（18学时）、人
格心理学（54学时）、生理心理学（54学时）、教育心理学（54学时）、社会心理学（54学时）、心理
学史（54学时）、认知心理学（54学时）、认知心理学实验（18学时）、变态心理学（54学时）、心理
咨询概论（54学时）、组织管理心理学（54学时）、人事测评与职业规划（36学时）、人力资源开发
与管理（36学时）。
</p><p>    示例三：人体解剖生理（56学时）、心理学原理（56学时）、心理与教育统计学（54学时）、发
展心理学（54学时）、教育心理学（54学时）、心理咨询学概论（54学时）、教育学（54学时）、人格
心理学（54学时）、心理测量学（54学时）、实验心理学（上）（36学时）、统计软件包（54学时，含
实训36学时）、心理学史（54学时）、临床心理学（54学时）、异常心理学（54学时）、实验心理学
（下）（实验72学时）、社会心理学（54学时）、心理测验及其应用（72学时，含实训36学时）、认
知心理学（72学时，含实训36学时）。
</p><p>    主要实践性教学环节：独立设置的实验课程、教学实习、社会实践、科技训练、综合论文训练
等多种形式。
</p><p>    主要专业实验：实验心理学实验等实验课程；普通心理学、发展心理学、社会心理学等课程安
排的一定课时的教学实验；管理心理学、变态心理学、心理咨询与治疗等课程安排的一定课时的
见习和实习环节。
</p><p>    修业年限：四年。
</p><p>    授予学位：理学学士或教育学学士。
0712统计学类
</p>"
115_103620,115,103620,汉语言,四年,文学学士,本科(普通),文学,中国语言文学类,"<p>    培养目标：本专业培养具备系统、扎实的汉语语言学基础，掌握基本的语言学理论和方法，具
有初步的语言研究能力，同时具有一定的跨文化交流能力，能在文化、教育、出版、传媒机构以及
政府机关等从事与汉语言文字相关工作的中国语言文学学科复合型人才。
</p><p>    培养要求：本专业学生主要学习语言学基础理论和汉语基础知识，接受人文社会科学和语言
学诸方面的基本训练，掌握语言调查和分析、创造性思维、从事本学科领域科学研究以及综合运
用所学知识进行社会实践诸方面的基本能力。
</p><p>    毕业生应获得以下几方面的知识和能力：
</p><p>    1．掌握语言学的基础理论、基本知识，掌握汉语的基础知识；
</p><p>    2．掌握调查汉语方言的基本技能；
</p><p>    3．具有语言文字表达，人文知识普及，运用专业知识在本领域发现问题、分析问题、解决问
题的基本能力；
</p><p>    4．熟悉国家的语言文字政策、法规；
</p><p>    5．了解本学科领域的理论前沿及发展动态，具有较宽广的文化视野；
</p><p>    6．具有不断获取新知识的能力以及一定的科学研究和实际工作能力，具有一定的批判性思
维能力。
</p><p>    主干学科：中国语言文学。
</p><p>    核心课程：语言学概论、古代汉语、现代汉语、汉语史、理论语言学、中国文学、语法学、语义
学、语用学、文字学。
</p><p>    主要实践性教学环节：方言调查、写作技能训练、汉语和其他语言现象以及语言学热点问题
研讨等。
</p><p>    修业年限：四年。
</p><p>    授予学位：文学学士。
</p>"
115_103627,115,103627,古典文献学,四年,文学学士,本科(普通),文学,中国语言文学类,"<p>    培养目标：本专业培养具备扎实的中国语言文学基础和良好的文史修养，掌握古籍整理、古
典文献学的基本知识、理论，具有较强的古典文献整理与研究能力，能在文化、教育、出版、传媒机
构以及政府机关等企事业部门从事与文学、史学、汉语言文献运用相关工作的中国语言文学学科
应用型人才。
</p><p>    培养要求：本专业学生主要学习古籍整理和中国古典文献学方面的基本知识，接受有关理
论、发展历史、研究现状等方面的系统教育和业务能力的基本训练，掌握古典文献专业的基础理
论、科学方法、基本技能以及综合运用所学知识进行社会实践诸方面的基本能力。
</p><p>    毕业生应获得以下几方面的知识和能力：
</p><p>    1．掌握古籍整理、古典文献学的基础理论和基本知识；
</p><p>    2．掌握汉语言文学、历史、哲学等文史学科的相关知识以及古典文献的分析、研究方法；
</p><p>    3．具有良好的古典文献修养，具有较强的古籍整理以及运用专业知识在本领域发现问题、
分析问题、解决问题的基本能力；
</p><p>    4．熟悉国家有关古籍整理及编辑出版、传播的方针、政策和法规；
</p><p>    5．了解本学科领域的理论前沿及发展动态，具有较宽广的文化视野；
</p><p>    6．具有一定的科学研究和实际工作能力，具有不断获取新知识的能力以及一定的批判性思
维能力。
</p><p>    主干学科：中国语言文学。
</p><p>    核心课程：文献学概论、古代汉语、中国古代史、中国古代文学、中国古代文化概论、版本目录
学、校勘考订学。
</p><p>    主要实践性教学环节：教学实习、古籍整理及写作技能训练、古典文献学及相关文化现象的
研讨等。
</p><p>    修业年限：四年。
</p><p>    授予学位：文学学士。
0502  外国语言文学类
</p>"
115_659921,115,659921,人文地理与城乡规划,四年,理学学士,本科(普通),理学,地理科学类,"<p>    培养目标：本专业培养具备人文地理与城乡规划管理的基本理论、知识和技能，具有创新精
神和实践能力，接受严格科学思维的训练和良好的专业技能训练，立足于宏观、中观区域规划和
土地管理，从事城乡建设与区域经济发展规划的研究、教学、开发或应用的高素质复合型专业
人才。
</p><p>    培养要求：本专业学生主要学习并掌握人文地理与城乡规划专业的基本理论，基本知识和基
本技能。
</p><p>    毕业生应获得以下几方面的知识和能力：
</p><p>    1．掌握人文地理与城乡规划的基本理论、基本知识和基本技能，了解人文地理学的理论与
前沿发展、应用前景，了解相近专业如城市规划、环境科学和管理科学的一般原理和方法，了解城
市规划、可持续发展战略等有关国家政策和法规，了解城乡规划管理的理论前沿、应用前景和最
新发展。
</p><p>    2．掌握人文地理、城乡规划等方面的研究和应用技术，具有较熟练的遥感、遥测和GIS技术
的操作能力，掌握资料调查与收集、文献检索及运用现代信息技术获得相关信息的基本方法，具
有分析、归纳、整理相关数据和撰写论文的能力；
</p><p>    3．掌握高等数学基本知识与应用技能，掌握一门外语和计算机应用技能，达到规定的等级；
</p><p>    4．接受良好的科学思维和科学方法的基本训练，具有创新意识、协同攻关能力及科学研究
的初步能力；
</p><p>    5．具备丰富的人文科学素养，具备健全的人格和健康的身心，具有较强的调查研究与决策
能力、组织管理能力、口头与文字表达能力，具有较好的组织管理能力、较强的沟通能力、环境适
应能力和团队合作能力。
</p><p>    主干学科：地理学、规划类。
</p><p>    核心知识领域：地理学类、数学与信息类、规划类、管理类、环境类。
</p><p>    核心课程示例：
</p><p>    示例一：自然地理学概论（48学时）、人文地理学（32学时）、经济地理学（48学时）、城市地
理学（32学时）、区域分析与区域地理（48学时）、计量地理学（32学时）、遥感基础与图像解译原
理（48学时）、地理信息系统概论（48学时）、城市经济学（32学时）、城市规划原理（48学时）。
</p><p>    示例二：人文地理学（54学时）、城市地理学（54学时）、经济地理学（54学时）、工业地理学
（54学时）、交通地理学（54学时）、区域分析与规划（72学时）、城市规划原理（72学时）、城市总
体规划（72学时）、修建性详细规划（54学时）、控制性详细规划（54学时）、社会调查研究方法
（54学时）。
</p><p>    示例三：自然地理学（120学时），人文地理学（68学时），环境科学概论（54学时），区域分
析与区域规划（68学时），城乡规划原理（54学时），数字测图（54学时），GIS原理与应用(54
学时)，遥感概论（45学时）、遥感图像处理与实验（68学时）、土地评价与土地管理（54学时），
土地利用规划（54学时），城乡规划与设计（72学时）、专题地图（68学时）。
</p><p>    主要实践性教学环节：专业综合实习、人文地理实习、区域地理综合实习、计算机专题地图编
制、城市（社区）规划实务与图件设计综合实习、科研训练、毕业设计（论文）。
</p><p>    主要专业实验：人文地理实践、区域地理综合实践、城市规划综合实践、土地管理实践。
</p><p>    修业年限：四年。
</p><p>    授予学位：理学学士或管理学学士。
</p>"
115_659938,115,659938,自然地理与资源环境,四年,理学学士,本科(普通),理学,地理科学类,"<p>    培养目标：本专业培养具备自然地理与资源环境的基本理论、知识和技能，具有创新意识和
实践能力，接受严格科学思维的训练和良好的专业技能训练，具有一定的开展科学研究的能力，
立足于地球表层特征及其变化、自然资源管理、环境保护，能在科研教育单位、相关政府部门、企
事业单位从事自然地理过程、环境变化研究和资源管理、环境保护或应用的高素质复合型科技专
门人才。
</p><p>    培养要求：本专业学生主要学习并掌握自然地理与资源环境领域的基本理论、基本知识和基
本技能。
</p><p>    毕业生应获得以下几方面的知识和能力：
</p><p>    1．掌握扎实的自然地理与资源环境基本原理、基础知识和基本方法，了解自然地理与资源
环境专业的理论前沿、发展现状、应用前景和最新发展，具有与本专业相关的多学科知识，了解国
家环境保护、可持续发展战略等有关政策和法规；
</p><p>    2．掌握自然地理、资源环境管理等方面的观测、分析和应用技术，具有较熟练的遥感、遥测
和GIS技术的应用能力，掌握资料查询、文献检索及运用现代信息技术获得相关信息的基本方
法，具有实验设计、操作、分析、归纳、整理能力与学术交流的能力；
</p><p>    3．接受良好的科学思维和科学方法的基本训练，具有创新意识、协同攻关能力及科学研究
的初步能力；
</p><p>    4．掌握一门外语和计算机应用技能，达到规定的等级；
</p><p>    5．具备健全的人格和健康的身心，具有较强的调查研究与决策、组织管理能力和口头与文
字表达能力，具有较好的组织管理、环境适应和团队合作能力。
</p><p>    主干学科：地理学、环境学。
</p><p>    核心知识领域：自然地理学类、资源类、环境类、地图与测量学类、数学与信息类。
</p><p>    核心课程示例：
</p><p>    示例一：地质学基础（72学时），现代地貌学（54学时），气象学与气候学（63学时），地图学
（54学时），植物地理学（54学时），土壤地理学（54学时），水文与水资源（54学时），全球环境变
化（双语），人文地理学（54学时），经济地理学（54学时）、计量地理学（54学时），GIS理论与应
用（54学时），城市环境化学（45学时）。
</p><p>    示例二：自然地理学（48学时）、地图学（48学时）、遥感概论（48学时）、地理信息系统(48
学时)、地貌学（48学时）、气象学与气候学（48学时）、计量地理学（48学时）、人文地理学（48学
时）、区域分析与区域地理（48学时）。
</p><p>    示例三：普通地理学（36学时）、自然地理学（54学时）、人文地理学（54学时）、综合自然
地理学（54学时）、化学分析（72学时）、环境工程（108学时）、环境化学与环境监测（72学
时）、环境生态学（72学时）、地图学（54学时）、地理信息系统原理（72学时）、遥感概论（54学
时）。
</p><p>    主要实践性教学环节：地质学基础实习、自然地理实习、专业综合实习或区域地理综合实习、
科研训练、毕业设计（论文）。
</p><p>    主要专业实验：自然地理观测与实验、区域自然地理野外综合实习、资源管理和环境保护
实践。
</p><p>    修业年限：四年。
</p><p>    授予学位：理学学士或管理学学士。
</p>"
115_1024490,115,1024490,视觉传达设计,四年,艺术学学士,本科(普通),艺术学,设计学类,"<p>    培养目标：本专业培养具有国际设计文化视野、中国设计文化特色、适合于创新时代需求，集
传统平面（印刷）媒体和现代数字媒体，在专业设计领域、企业、传播机构、大企业市场部门、中等
院校、研究单位从事视觉传播方面的设计、教学、研究和管理工作的专门人才。
</p><p>    培养要求：本专业要求学生具有为国学习的思想和为社会服务的理念，了解专业相关的法律
法规，具有较为系统的视觉传播专业理论和专业知识。学生应在设计创新，语言、文字表达能力，
社会交流沟通能力等方面得到全面锻炼，并符合国家考级的外语水平。本专业培养规格为应用
型创意人才。
</p><p>    根据市场、中等设计学校和研究机构的需要，毕业生应具备以下三个方面的能力：
</p><p>    1．在专业能力结构方面，要注重创意、美学、技术表现三方面能力的培养。创新时代创意为
先，美学质量和技术表现是完善创意的重要组成部分，因此要从理论课程、基础课程和专业课程
三个模块中建立起一个体现这个培养方向的正确指导思想，即课程教学的核心理念要贯穿于创
新教学之中，在培养学生创意能力的同时提高其美学和技术能力。
</p><p>    2．在专业素质结构方面，要求学生不仅有很强的创意能力，还应具备较好的创意解说能力、
文字语言的表达能力和很好的社会沟通能力。这四种能力是专业素质不可缺少的组成部分，因
为设计不仅要有个性化，更要注重通过语言、文字、行为和作品与人沟通、与市场和社会沟通。
</p><p>    3．在综合知识结构方面，要求学生除了已确定的本科专业知识外，同时具有一定的文学素
养，以提高设计的创意想象能力，具有一定的数学、物理知识，使设计具有理性的思维方式和有条
理地进行逻辑思维的能力，具有一定的外语水平，具有广阔的视野和交流能力，以及掌握软件应
用、获取信息和文献检索的能力。
</p><p>    主干学科：艺术学、设计学、传播学、美学、心理学。
</p><p>    核心课程：中外设计艺术史、艺术概论、大众传播学、广告学、美学、消费心理学、公共关系学、
装饰与图案、图形创意、文字与版式、平面（印刷）设计与印刷制作、展示与陈设、数字媒体设计与
制作、企业形象、品牌形象策划等。
</p><p>    主要实践性教学环节：本专业总体实践教学体系是将专业核心课程与实践教学内容密切地
联系在一起，一是课程教学和上机熟悉软件结合，二是应用性专业除了研究性课题外，结合社会、
企业的项目课题进行实践训练，为学生积累就业经验。
</p><p>    主要专业实验：在传统车间培养学生的动手能力，如在纸艺车间、木工车间、模型加工车间和
金属加工车间进行相关设计制作和材料实验。
</p><p>    修业年限：四年。
</p><p>    授予学位：艺术学学士。
</p>"
115_659951,115,659951,音乐学（师范）,四年,艺术学学士,本科(普通),艺术学,音乐与舞蹈学类,"<p>培养目标：本专业培养具备音乐学等方面的基本知识，以及初步对音乐进行理论分析、研究
的能力，能在文化馆站、中小学、社会音乐团体、科研单位和出版、广播影视部门从事中外音乐史、
中外民族音乐理论、音乐美学、音乐教育理论的教学、研究、编辑、评论等工作的复合型、创新型人
才，并为进一步深造打下基础。</p><p>培养要求：本专业学生主要学习音乐学和作曲技术方面的基本理论和基本知识，接受对音乐
事像进行独立分析、研究及写作、讲授、评论等方面的基本训练，并掌握相应的基本能力。</p><p>毕业生应获得以下几方面的知识和能力：</p><p>1．掌握音乐史学、民族音乐学、音乐美学、作曲技术的基本理论和基本知识；</p><p>2．掌握音乐学分析方法；</p><p>3．具有对音乐学数据进行收集、整理以及对音乐事像进行独立分析、研究及写作、讲授、评
论等的初步能力；</p><p>4．熟悉党和国家在文艺领域的方针、政策和法规；</p><p>5．了解音乐研究的理论前沿和发展动态；</p><p>6．具有初步的科学研究和实际工作能力，具有一定的批判性思维能力。</p><p>主干学科：艺术学理论、音乐与舞蹈学。</p><p>核心课程：中西音乐史、中国传统音乐理论、世界民族音乐、音乐美学、论文写作；和声、复调、
曲式、配器；钢琴、视唱练耳等。</p><p>主要实践性教学环节：音乐学论文或评论写作、田野采风。</p><p>修业年限：四年。</p><p>授予学位：艺术学学士。</p>"
115_659961,115,659961,地理信息科学,四年,理学学士,本科(普通),理学,地理科学类,"<p>培养目标：本专业培养具备地理学基础知识，掌握地理信息系统的基础理论、基本知识和基
本技能，接受严格科学思维的训练和良好的专业技能训练，能在科研、教学、企事业单位和政府相
关部门从事地理信息科学的研究、教学、开发或应用的高素质复合型科技专门人才。</p><p>培养要求：本专业学生主要学习并掌握地理信息科学专业的基本理论、基本知识和基本
技能。</p><p>毕业生应获得以下几方面的知识和能力：</p><p>1．掌握地理信息科学、信息科学、地球科学基本理论和基本知识；</p><p>2．掌握地理信息系统空间分析方法与应用软件、遥感图像处理和地学信息提取技术、卫星
导航定位系统原理与应用，具有空间分析和数学建模的基本能力；</p><p>3．具有开阔的学术视野，了解地理信息系统与遥感领域研究发展前沿，能熟练地运用地理
信息系统遥感与卫星导航定位系统技术解决地理学中的信息采集、分析处理和决策支持相关
问题；</p><p>4．掌握一门外语和计算机应用技能，达到规定的等级。</p><p>5．具备健全的人格和健康的身心，具有创新意识和协同攻关能力，能在教师指导下从事地
理信息系统设计、开发或具体应用；</p><p>主干学科：地理学、计算机科学与技术、遥感。</p><p>核心知识领域：地理信息系统理论与应用、遥感科学与技术、地理学、地图学、空间数据库、卫
星导航定位原理与应用。</p><p>核心课程示例：</p><p>示例一：地球科学概论（96学时）、地理信息系统原理（48学时）、GIS设计和应用（64学时）、
网络基础与WebGIS（32学时）、地图学（48学时）、地貌与自然地理（32学时）、遥感概论（48学
时）、遥感图像处理与实验（80学时）、卫星导航定位原理与应用（32学时）、空间数据库（32学
时）。</p><p>示例二：地理信息系统原理（54学时）、地理信息系统技术（72学时）、地理信息工程（54学
时）、地图学（72学时）、空间定位技术（54学时）、遥感概论（54学时）、遥感数字图像处理（72学
时）、C语言与程序设计（72学时）、空间数据结构（72学时）、空间数据库（72学时）、计算机图形
学（72学时）、GIS算法基础（72学时）。</p><p>示例三：自然地理学（88学时）、人文与经济地理学（48学时）、地图与测量（88学时）、卫星
导航定位原理与应用（32学时）、地理信息系统原理（56学时）、地理信息系统软件应用（72学
时）、地理空间分析与建模（48学时）、地理信息系统开发与编程（48学时）、遥感概论（48学时）、
遥感数字图像处理（48学时）。</p><p>主要实践性教学环节：测量学与地图学实习、面向对象程序设计、空间分析方法与应用、遥感
图像处理、科研训练、毕业论文（设计）等。</p><p>主要专业实验：地理信息系统应用实习、地理学综合实习。</p><p>修业年限：四年。</p><p>授予学位：理学学士。</p>"
115_659962,115,659962,社会体育指导与管理,四年,教育学学士,本科(普通),教育学,体育学类,"<p>    培养目标：本专业培养具备适应社会发展需要，掌握社会体育指导与管理基础理论、知识与
技能，能在社会体育活动中从事健身咨询、技术指导、组织管理等方面工作的应用型人才。
</p><p>    培养要求：本专业学生主要学习社会体育指导与管理方面的基本理论和知识，接受到社会体
育活动相关运动技术与技能的基本训练，掌握从事社会体育活动的基本能力。
</p><p>    毕业生应获得以下几方面的知识和能力：
</p><p>    1．掌握社会体育指导与管理所需的体育学、社会学的基本理论和基本知识；
</p><p>    2．掌握体育健身运动项目的技术及练习方法；
</p><p>    3．具有从事社会体育活动的咨询、技术指导、组织管理、健身指导、社会调查的基本能力；
</p><p>    4．熟悉国家有关社会体育活动的方针、政策和法规；
</p><p>    5．了解社会体育活动的理论前沿和社会需求；
</p><p>    6．具有一定从事社会体育活动科学研究和实际工作的能力，具有一定的创新思维能力。
</p><p>    主干学科：体育学、公共管理。
</p><p>    核心课程：社会体育概论、体育俱乐部管理、体育管理导论、社区体育导论、体育经济学、健康
评价与运动处方、运动项目理论与实践。
</p><p>    主要实践性教学环节：社会调查（实践）、教育实习、毕业论文、学术活动。
</p><p>    主要专业实验：体质测量与评价、体育康复等实验系列。
</p><p>    修业年限：四年。
</p><p>    授予学位：教育学学士。
</p>"
